sec,nsec,x,y,yaw,v_cmd,w_cmd,battery_v,battery_i,v_real,w_real,imu_ax,imu_ay,imu_az,imu_vx,imu_vy,imu_vz,v_nav,w_nav,velocity_violation
1765441466.3793466,379358208.0,6.624519617792757e-05,8.847633736763783e-09,0.0002671177289077272,0.83,-0.0006718752694747127,nan,nan,0.0,0.0,nan,nan,nan,nan,nan,nan,0.0,0.0,True
1765441466.4652607,465267200.0,6.624519617792757e-05,8.847633736763783e-09,0.0002671177289077272,0.83,-0.0006718752694747127,nan,nan,0.0,0.0,nan,nan,nan,nan,nan,nan,0.08299999999999999,-0.0006718752694747127,False
1765441466.517815,517827584.0,6.624519617792757e-05,8.847633736763783e-09,0.0002671177289077272,0.83,-0.0006718752694713279,nan,nan,0.0,0.0,nan,nan,nan,nan,nan,nan,0.12449999999999999,-0.0006718752694713279,False
1765441466.5820618,582068736.0,6.624519617792757e-05,8.847633736763783e-09,0.0002671177289077272,0.83,0.0033682498366228095,nan,nan,0.046375143341720104,-0.026713166716358355,nan,nan,nan,nan,nan,nan,0.16599999999999998,0.0013438008214567278,False
1765441466.6926014,692608512.0,6.624519617881575e-05,8.847633736763783e-09,0.0002671177289077272,0.83,0.002074470342246529,nan,nan,0.10599932633340359,-2.7864570579221172e-06,nan,nan,nan,nan,nan,nan,0.24899999999999994,0.002718895384409486,False
1765441466.7111754,711182848.0,6.624519617881575e-05,8.847633736763783e-09,0.0002671177289077272,0.83,0.002074470342246529,nan,nan,0.11924932850524783,-0.0534302145693331,nan,nan,nan,nan,nan,nan,0.24899999999999994,0.002718895384409486,False
1765441466.7402947,740304384.0,0.0007214787152109992,9.040545112526388e-08,-7.931155256530991e-05,0.83,0.0027623174301487823,nan,nan,0.19212573487311602,0.026716351238710266,nan,nan,nan,nan,nan,nan,0.2904999999999999,0.002074470342246529,False
1765441466.8276927,827698432.0,0.01854999062176388,-1.789286220876818e-05,-0.0010685445577087334,0.83,-0.0005708485747512004,nan,nan,0.24512480571866035,-7.961305879777478e-07,nan,nan,nan,nan,nan,nan,0.3734999999999999,0.0007705703112885027,False
1765441466.8397155,839723008.0,0.023717486578248792,-2.2423632219492617e-05,-0.0005342832256497269,0.83,-0.0005708485747512004,nan,nan,0.29150039330124855,2.3883917639332433e-06,nan,nan,nan,nan,nan,nan,0.3734999999999999,0.0007705703112885027,False
1765441466.9046612,904670720.0,0.030664317450033618,-2.5705481685456277e-05,-0.00011341399053864309,0.83,0.0014341266938859675,nan,nan,0.33124909177422523,-3.980652939888739e-06,nan,nan,nan,nan,nan,nan,0.41499999999999987,-0.000576943645350992,False
1765441466.9186938,918705408.0,0.030664317450033618,-2.5705481685456277e-05,-0.00011341399053864309,0.83,0.0014464652739150513,nan,nan,0.3378751911222935,0.026714161879593325,nan,nan,nan,nan,nan,nan,0.45649999999999985,0.0014341266938859675,False
1765441466.951755,951762432.0,0.05209070719388942,-2.4587246987728406e-05,0.00026715753543625324,0.83,0.0021440227955149493,nan,nan,0.39087510108947754,-0.026711773487829393,nan,nan,nan,nan,nan,nan,0.45649999999999985,0.0014341266938859675,False
1765441466.998279,998286336.0,0.08011511232122048,-2.9903344583637192e-05,-0.000534323032178229,0.83,0.0008340769870027918,nan,nan,0.44387560337781906,-0.08014009724701604,nan,nan,nan,nan,nan,nan,0.49799999999999983,0.0021440227955149493,False
1765441467.0336955,33701376.0,0.09864622455994088,-4.255638020467245e-05,-0.00026714161282486777,0.83,0.0022044800645440506,nan,nan,0.43062498420476913,0.02671336574900535,nan,nan,nan,nan,nan,nan,0.5394999999999999,0.0008340769870027918,False
1765441467.0400062,40019968.0,0.11133957763275504,-5.323871358164922e-05,-0.0009176383610778658,0.83,0.0022044800645440506,nan,nan,0.4769989922642708,-0.053431508281538566,nan,nan,nan,nan,nan,nan,0.5394999999999999,0.0008340769870027918,False
1765441467.0760834,76098304.0,0.14092596998173423,-8.639477699556863e-05,-0.0012862036051703926,0.83,0.0034915339605591997,nan,nan,0.5034986510872841,-1.5922611759554956e-06,nan,nan,nan,nan,nan,nan,0.5809999999999998,0.0034915339605591997,False
1765441467.1077654,107780864.0,0.15349743174052133,-0.0001081637882700548,-0.002032581151220723,0.83,0.006319043880249588,nan,nan,0.5233741849660873,0.08013850498584009,nan,nan,nan,nan,nan,nan,0.5809999999999998,0.0034915339605591997,False
1765441467.142545,142551040.0,0.17841499341329303,-0.00015030746454058885,-0.0015690635016797536,0.83,0.00511660541136743,nan,nan,0.5763742923736572,0.026711773487829393,nan,nan,nan,nan,nan,nan,0.6224999999999998,0.006319043880249588,False
1765441467.1728892,172895232.0,0.19961862789225515,-0.0001868017095034702,-0.0017087215432741154,0.83,0.0065404163657499246,nan,nan,0.6028739511966705,-0.026718142532533216,nan,nan,nan,nan,nan,nan,0.6639999999999998,0.0065404163657499246,False
1765441467.2070806,207087104.0,0.2144633597998049,-0.000216781231810792,-0.001820439062985882,0.83,0.005306921364742581,nan,nan,0.6293751895427704,-0.026718142532533216,nan,nan,nan,nan,nan,nan,0.6639999999999998,0.0065404163657499246,False
1765441467.2400632,240069376.0,0.24552115069210556,-0.0002724180727309289,-0.001820464793154649,0.83,0.006123659734893179,nan,nan,0.6625001579523087,-3.184522351910991e-06,nan,nan,nan,nan,nan,nan,0.7054999999999998,0.005306921364742581,False
1765441467.287496,287510016.0,0.24992230449578212,-0.00028043018396584074,-0.001820457234973289,0.83,0.0037315072189024446,nan,nan,0.7046589932658456,0.024286325463801002,nan,nan,nan,nan,nan,nan,0.7469999999999998,0.005625721552537897,False
1765441467.3179698,317977600.0,0.2819720103099339,-0.00032821894108447935,-0.0015532894953876853,0.83,0.0038490123057396642,nan,nan,0.722123995423317,0.026714958010181304,nan,nan,nan,nan,nan,nan,0.7884999999999998,0.0037315072189024446,False
1765441467.3713663,371373312.0,0.29951061461169726,-0.00034619395751001036,-0.0007519227364159237,0.83,0.0038490123057396642,nan,nan,0.7420007139444351,3.184522351910991e-06,nan,nan,nan,nan,nan,nan,0.7884999999999998,0.0037315072189024446,False
1765441467.4118073,411819264.0,0.29951061461169726,-0.00034619395751001036,-0.0007519227364159237,0.3043345793189641,0.9222222222222223,nan,nan,0.7386872693896294,-0.013357479005090652,nan,nan,nan,nan,nan,nan,0.8299999999999997,0.003944414821706809,True
1765441467.415418,415423744.0,0.29951061461169726,-0.00034619395751001036,-0.0007519227364159237,0.304551534856578,0.9222222222222224,nan,nan,0.7883747220039368,-0.026711773487829393,nan,nan,nan,nan,nan,nan,0.7884999999999998,0.05394441482170681,False
1765441467.5146098,514615808.0,0.29951061461169726,-0.00034619395751001036,-0.0007519227364159237,0.3068995021204859,0.9222222222222225,nan,nan,0.8347499147057533,1.5922611759554956e-06,nan,nan,nan,nan,nan,nan,0.7469999999999998,0.10394441482170681,False
1765441467.573782,573787904.0,0.29951061461169726,-0.00034619395751001036,-0.0007519227364159237,0.30990838761735295,0.9222222222222218,nan,nan,0.7618736810982227,0.13357240165914258,nan,nan,nan,nan,nan,nan,0.6639999999999998,0.20394441482170683,False
1765441467.5756452,575650304.0,0.29951061461169726,-0.00034619395751001036,-0.0007519227364159237,0.30990838761735295,0.9222222222222218,nan,nan,0.7751256823539734,0.026711773487829393,nan,nan,nan,nan,nan,nan,0.6639999999999998,0.20394441482170683,False
1765441467.6929739,692988416.0,0.29951061461169726,-0.00034619395751001036,-0.0007519227364159237,0.318066813345194,0.9222222222222223,nan,nan,0.7221246864646673,0.240424670459282,nan,nan,nan,nan,nan,nan,0.5809999999999998,0.3039444148217068,False
1765441467.717063,717070080.0,0.34952568572266696,-0.0003890345016932528,-0.0012923195008892486,0.318066813345194,0.9222222222222223,nan,nan,0.6625005528330803,0.10685187073484544,nan,nan,nan,nan,nan,nan,0.5394999999999999,0.3539444148217068,False
1765441467.7400203,740026112.0,0.37490247137067634,-0.0004253004332870347,-0.001553353185833306,0.3198196718435299,0.9222222222222223,nan,nan,0.6095000505447388,0.2671368420124054,nan,nan,nan,nan,nan,nan,0.5394999999999999,0.3539444148217068,False
1765441467.8138478,813853696.0,0.4796078623214317,-0.0004232460523994064,0.0034727693084393965,0.3252356308149242,0.922222222222222,nan,nan,0.6028747409582138,0.0801448740305439,nan,nan,nan,nan,nan,nan,0.4564999999999999,0.4539444148217068,False
1765441467.9108505,910857472.0,0.48634985549897847,-0.0003962304137985484,0.003922123646042317,0.32820719562063333,0.9222222222222218,nan,nan,0.5167496651411057,0.3205635735104161,nan,nan,nan,nan,nan,nan,0.4149999999999999,0.5039444148217068,False
1765441467.957566,957572608.0,0.48634985549897847,-0.0003962304137985484,0.003922123646042317,0.3300739274242177,0.9222222222222223,nan,nan,0.46374955773353577,0.320566758032768,nan,nan,nan,nan,nan,nan,0.37349999999999994,0.5539444148217069,False
1765441467.9732065,973212928.0,0.5968583871993594,0.0010104455415733682,0.027515092513473977,0.3300739274242177,0.9222222222222223,nan,nan,0.43062537908554077,0.3472785315205974,nan,nan,nan,nan,nan,nan,0.33199999999999996,0.6039444148217069,False
1765441468.0248606,24866304.0,0.6096391509141403,0.0013845857151846275,0.03205644420235656,0.3310182749539933,0.9222222222222219,nan,nan,0.36437465250492096,0.4007052630186081,nan,nan,nan,nan,nan,nan,0.33082817794940195,0.653944414821707,False
1765441468.0558574,55863808.0,0.6157307535320431,0.0015880729292163664,0.03472781256277087,0.33099499585608727,0.922222222222222,nan,nan,0.40412453562021255,0.40070685527978406,nan,nan,nan,nan,nan,nan,0.33082817794940195,0.653944414821707,False
1765441468.0736701,73676032.0,0.6680130442216221,0.003967489792338519,0.057167309974773414,0.33099499585608727,0.922222222222222,nan,nan,0.3511256128549576,0.4541351790389707,nan,nan,nan,nan,nan,nan,0.33099499585608727,0.703944414821707,False
1765441468.1116264,111635712.0,0.7853670567785453,0.01626002016100525,0.16989917579610433,0.33060280271143055,0.9222222222222223,nan,nan,0.324625164270401,0.4274202210287894,nan,nan,nan,nan,nan,nan,0.33065583217554145,0.753944414821707,False
1765441468.1397257,139731712.0,0.7945621369481604,0.017905724310285365,0.18405746632056758,0.33060280271143055,0.9222222222222223,nan,nan,0.311375729739666,0.45413358677779475,nan,nan,nan,nan,nan,nan,0.33065583217554145,0.753944414821707,False
1765441468.2122803,212291584.0,0.7968285118205065,0.018332969585522108,0.18728385512386578,0.3301017688618232,0.922222222222222,nan,nan,0.3047488406300545,0.4808421757432722,nan,nan,nan,nan,nan,nan,0.3301017688618232,0.8539444148217071,False
1765441468.250954,250966016.0,0.8224745519839018,0.023791932043523367,0.2341399088581313,0.3285742136935379,0.9222222222222223,nan,nan,0.29812629520893097,0.6144185580553547,nan,nan,nan,nan,nan,nan,0.3301017688618232,0.8539444148217071,False
1765441468.285995,286004480.0,0.8293373426973689,0.028967534113448323,0.2557687404389153,0.3258136703425759,0.9222222222222222,nan,nan,0.27824997156858444,0.6411287392820082,nan,nan,nan,nan,nan,nan,0.3285742136935379,0.9039444148217072,False
1765441468.3082364,308246784.0,0.8277907739106847,0.051512182528775874,0.298749887526874,0.3258136703425759,0.9222222222222222,nan,nan,0.28487449139356613,0.6678405127698376,nan,nan,nan,nan,nan,nan,0.3285742136935379,0.9039444148217072,False
1765441468.358071,358080000.0,0.8393252695420834,0.055244810414625256,0.32786786966778536,0.3229912913554023,0.9222222222222225,nan,nan,0.28487449139356613,0.6678405127698376,nan,nan,nan,nan,nan,nan,0.3258136703425759,0.9222222222222222,False
1765441468.4142911,414297088.0,0.8487250281250658,0.05857199413360714,0.3526108276431432,0.32070288568292066,0.9222222222222219,nan,nan,0.2914996035397053,0.8014097299066282,nan,nan,nan,nan,nan,nan,0.3218009778136994,0.9222222222222223,False
1765441468.4664402,466450432.0,0.8487250281250658,0.05857199413360714,0.3526108276431432,0.31920817851287947,0.9222222222222223,nan,nan,0.2981245182454586,0.7746963641576229,nan,nan,nan,nan,nan,nan,0.31920817851287947,0.9222222222222223,False
1765441468.4878063,487814400.0,0.8587874133134252,0.062430133496410356,0.3800090890000413,0.31816398238583954,0.922222222222222,nan,nan,0.30475081503391266,0.8014137105595681,nan,nan,nan,nan,nan,nan,0.31920817851287947,0.9222222222222223,False
1765441468.5106091,510622208.0,0.8860738951947456,0.07458479203782886,0.4588145113614034,0.31816398238583954,0.922222222222222,nan,nan,0.29812412336468697,0.8281215033944576,nan,nan,nan,nan,nan,nan,0.31920817851287947,0.9222222222222223,False
1765441468.5403395,540350976.0,0.8941023692715824,0.07867382997030514,0.48339114167600494,0.3170720095822209,0.9222222222222222,nan,nan,0.2981257028877735,0.8281278724391614,nan,nan,nan,nan,nan,nan,0.31816398238583954,0.922222222222222,False
1765441468.5727408,572746752.0,0.9045691270311789,0.08438712165139339,0.5165161284522759,0.3160228388717393,0.922222222222222,nan,nan,0.2981253080070019,0.8815530116759962,nan,nan,nan,nan,nan,nan,0.3160228388717393,0.922222222222222,False
1765441468.6134703,613476864.0,0.9008919098191139,0.08852646701734201,0.5344265825707397,0.31262333732326886,0.922222222222222,nan,nan,0.2914996035397053,0.8014097299066282,nan,nan,nan,nan,nan,nan,0.3146721324208172,0.922222222222222,False
1765441468.647447,647453440.0,0.9008919098191139,0.08852646701734201,0.5344265825707397,0.31262333732326886,0.922222222222222,nan,nan,0.3047502227127552,0.8548396459269908,nan,nan,nan,nan,nan,nan,0.3146721324208172,0.922222222222222,False
1765441468.677273,677279232.0,0.8862428208378343,0.09546992838819524,0.5598724502753659,0.31041012329140505,0.922222222222222,nan,nan,0.30475061759352684,0.9082679696861775,nan,nan,nan,nan,nan,nan,0.31041012329140505,0.922222222222222,False
1765441468.7260807,726092800.0,0.9078568682957933,0.1101500138030147,0.6334138310231469,0.3085742067672832,0.9222222222222222,nan,nan,0.2981253080070019,0.8815530116759962,nan,nan,nan,nan,nan,nan,0.30920617683839835,0.9222222222222222,False
1765441468.760308,760324352.0,0.9134045444605912,0.11430509252380272,0.6529123229680197,0.3079645674605294,0.9222222222222224,nan,nan,0.31800005212426186,0.9082663774250015,nan,nan,nan,nan,nan,nan,0.30920617683839835,0.9222222222222222,False
1765441468.7739496,773960960.0,0.9226422238276841,0.12164034763690168,0.6871938130404563,0.3079645674605294,0.9222222222222224,nan,nan,0.3047497784718871,0.9082649841964726,nan,nan,nan,nan,nan,nan,0.3079645674605294,0.9222222222222224,False
1765441468.8126655,812671488.0,0.92752635571187,0.1257075017634257,0.7058054527281642,0.3071973498531794,0.9222222222222223,nan,nan,0.2981252586469054,0.8815532107086431,nan,nan,nan,nan,nan,nan,0.3071973498531794,0.9222222222222223,False
1765441468.8658016,865809152.0,0.9384778924526556,0.13545373577172182,0.74784941898544,0.3064025004594228,0.922222222222222,nan,nan,0.29812491312623024,0.8281246879168095,nan,nan,nan,nan,nan,nan,0.3064025004594228,0.922222222222222,False
1765441468.8924053,892411648.0,0.9384778924526556,0.13545373577172182,0.74784941898544,0.3059632999275887,0.9222222222222222,nan,nan,0.3047497784718871,0.9082649841964726,nan,nan,nan,nan,nan,nan,0.3064025004594228,0.922222222222222,False
1765441468.9061866,906193664.0,0.9384778924526556,0.13545373577172182,0.74784941898544,0.3059632999275887,0.9222222222222222,nan,nan,0.291499899700284,0.8548384517311088,nan,nan,nan,nan,nan,nan,0.3064025004594228,0.922222222222222,False
1765441468.9639213,963934976.0,0.9577954842818825,0.15488532653413856,0.8289556454025115,0.3051548484387786,0.9222222222222219,nan,nan,0.31137553229928017,0.8815546039371721,nan,nan,nan,nan,nan,nan,0.3051548484387786,0.9222222222222219,False
1765441468.9957623,995769088.0,0.958704115480657,0.15588558856470147,0.8327815236882801,0.30488600143140754,0.9222222222222223,nan,nan,0.29149992438033223,0.8548383522147853,nan,nan,nan,nan,nan,nan,0.3051548484387786,0.9222222222222219,False
1765441469.201213,201218816.0,0.958704115480657,0.15588558856470147,0.8327815236882801,0.3043604061414093,0.9222222222222223,nan,nan,0.3047500252723694,0.9616939050536002,nan,nan,nan,nan,nan,nan,0.3043333480776444,0.922222222222222,False
1765441469.209212,209218560.0,0.9657021171463347,0.16382090977699537,0.8643084310785191,0.3043604061414093,0.9222222222222223,nan,nan,0.29150004778057337,0.9082661783923546,nan,nan,nan,nan,nan,nan,0.3043604061414093,0.9222222222222223,False
1765441469.2433424,243348736.0,0.973475332692848,0.17327566645978187,0.9010451895942003,0.3044795965133902,0.922222222222222,nan,nan,0.2981249624863267,0.8815524145780552,nan,nan,nan,nan,nan,nan,0.3043604061414093,0.9222222222222223,False
1765441469.31368,313686016.0,1.0110622380716068,0.20109185555599218,1.0385259401268634,0.3051416351695871,0.9222222222222222,nan,nan,0.29812491312623024,0.9349797431740069,nan,nan,nan,nan,nan,nan,0.3048559389109321,0.9222222222222223,False
1765441469.3669655,366973696.0,1.020237519794481,0.21773028898018065,1.0958372637563452,0.30562931269801996,0.9222222222222222,nan,nan,0.29150029458105564,0.9082667754902956,nan,nan,nan,nan,nan,nan,0.30562931269801996,0.9222222222222222,False
1765441469.372714,372720384.0,1.0281748416875276,0.2343014452926857,1.1525594424399606,0.30562931269801996,0.9222222222222222,nan,nan,0.30474972911179066,0.9082651832291195,nan,nan,nan,nan,nan,nan,0.30562931269801996,0.9222222222222222,False
1765441469.5268743,526879744.0,1.0359101420898327,0.25330555063733673,1.2154607855381436,0.30852445430844955,0.9222222222222223,nan,nan,0.3113747425377369,0.8815514194148202,nan,nan,nan,nan,nan,nan,0.30778737447596816,0.922222222222222,False
1765441469.5596125,559625472.0,1.0359101420898327,0.25330555063733673,1.2154607855381436,0.3093033161723273,0.9222222222222223,nan,nan,0.2981257028877735,0.9349813354351828,nan,nan,nan,nan,nan,nan,0.30778737447596816,0.922222222222222,False
1765441469.5980675,598074880.0,1.0359101420898327,0.25330555063733673,1.2154607855381436,0.31018175263576203,0.9222222222222218,nan,nan,0.31137533485889435,0.9884088630637815,nan,nan,nan,nan,nan,nan,0.3093033161723273,0.9222222222222223,False
1765441469.6091602,609171712.0,1.0359101420898327,0.25330555063733673,1.2154607855381436,0.31018175263576203,0.9222222222222218,nan,nan,0.2914999984204769,0.8548380536658149,nan,nan,nan,nan,nan,nan,0.31018175263576203,0.9222222222222218,False
1765441469.6666155,666621952.0,1.0359101420898327,0.25330555063733673,1.2154607855381436,0.31222524266576657,0.9222222222222219,nan,nan,0.3113749399781227,0.9349805393045948,nan,nan,nan,nan,nan,nan,0.31222524266576657,0.9222222222222219,False
1765441469.6733584,673363456.0,1.0555157679769112,0.26847227933241413,1.3113179906932162,0.31222524266576657,0.9222222222222219,nan,nan,0.30474982783198357,0.9082647851638256,nan,nan,nan,nan,nan,nan,0.31222524266576657,0.9222222222222219,False
1765441469.722619,722625024.0,1.0585107311798474,0.28067239471920225,1.3496163603224833,0.3126885495122781,0.9222222222222222,nan,nan,0.3113749399781227,0.9349805393045948,nan,nan,nan,nan,nan,nan,0.3133117770487678,0.9222222222222219,False
1765441469.7572305,757236480.0,1.0585107311798474,0.28067239471920225,1.3496163603224833,0.31387576575498766,0.9222222222222219,nan,nan,0.30475081503391266,0.9616970895759521,nan,nan,nan,nan,nan,nan,0.3133117770487678,0.9222222222222219,False
1765441469.7738533,773866240.0,1.060475988336207,0.2900487852100868,1.3786102774429718,0.31387576575498766,0.9222222222222219,nan,nan,0.31799985468387604,0.9349789470434189,nan,nan,nan,nan,nan,nan,0.31387576575498766,0.9222222222222219,False
1765441469.813457,813463808.0,1.0917364928979554,0.3131444583431904,1.4828890376683734,0.3155224411356344,0.922222222222222,nan,nan,0.3113759271800518,0.9349829276963588,nan,nan,nan,nan,nan,nan,0.3155224411356344,0.922222222222222,False
1765441469.840057,840070912.0,1.093063993017621,0.343059819511101,1.5707686948190906,0.31693628291415477,0.922222222222222,nan,nan,0.2981253080070019,0.8815530116759962,nan,nan,nan,nan,nan,nan,0.3155224411356344,0.922222222222222,False
1765441469.8911479,891164928.0,1.093049808345663,0.3461120666502415,1.5799339154101952,0.32132608199998286,0.9222222222222223,nan,nan,0.3080628775060177,0.9216238564300921,nan,nan,nan,nan,nan,nan,0.3184817919421204,0.922222222222222,False
1765441469.9113908,911400192.0,1.092554639800495,0.3615343410840106,1.6255317700915015,0.32132608199998286,0.9222222222222223,nan,nan,0.31800103932619095,0.9082687658167654,nan,nan,nan,nan,nan,nan,0.3184817919421204,0.922222222222222,False
1765441469.957842,957848832.0,1.0637932415562985,0.36175395167439817,1.642823616396079,0.33662233819655013,0.922222222222222,nan,nan,0.3113745450973511,0.8815522155454082,nan,nan,nan,nan,nan,nan,0.32132608199998286,0.9222222222222223,False
1765441470.0167081,16715008.0,1.0246593777685034,0.35985284685097163,1.660103316081084,0.3434712986317053,0.9222222222222222,nan,nan,0.32462555915117264,0.9349805393045948,nan,nan,nan,nan,nan,nan,0.33662233819655013,0.922222222222222,False
1765441470.1052718,105278208.0,1.0246593777685034,0.35985284685097163,1.660103316081084,0.34890034895117555,0.9222222222222222,nan,nan,0.344499908387661,0.9082655812944136,nan,nan,nan,nan,nan,nan,0.3455453143650391,0.9222222222222219,False
1765441470.1109512,110959360.0,1.0246593777685034,0.35985284685097163,1.660103316081084,0.34890034895117555,0.9222222222222222,nan,nan,0.3246243745088577,0.8815490310230563,nan,nan,nan,nan,nan,nan,0.34890034895117555,0.9222222222222222,False
1765441470.1394734,139479552.0,1.0148262211061922,0.4171852771563822,1.8191323403697746,0.3537043990706236,0.9222222222222224,nan,nan,0.3511248230934143,0.8815522155454082,nan,nan,nan,nan,nan,nan,0.34890034895117555,0.9222222222222222,False
1765441470.2958786,295885312.0,1.021399055421277,0.42325430993314495,1.8444339993663916,0.3777442935437989,0.9222222222222223,nan,nan,0.357749342918396,0.9082639890332376,nan,nan,nan,nan,nan,nan,0.37062507005523054,0.922222222222222,False
1765441470.3134017,313408000.0,1.021399055421277,0.42325430993314495,1.8444339993663916,0.3777442935437989,0.9222222222222223,nan,nan,0.34449951350688934,0.8548372575352269,nan,nan,nan,nan,nan,nan,0.37062507005523054,0.922222222222222,False
1765441470.3402598,340266240.0,1.021399055421277,0.42325430993314495,1.8444339993663916,0.38559339163177586,0.9222222222222223,nan,nan,0.3643750473856926,0.8815538078065841,nan,nan,nan,nan,nan,nan,0.3777442935437989,0.9222222222222223,False
1765441470.3737211,373727488.0,1.0062738494265835,0.4673795798914844,1.9651321285592631,0.3920456537227017,0.922222222222222,nan,nan,0.36437544226646423,0.8815522155454082,nan,nan,nan,nan,nan,nan,0.3920456537227017,0.922222222222222,False
1765441470.4066722,406680576.0,0.9935856353048451,0.48052953169991763,2.0530375632347213,0.401658060045358,0.9222222222222222,nan,nan,0.3842501863837242,0.9082655812944136,nan,nan,nan,nan,nan,nan,0.401658060045358,0.9222222222222222,False
1765441470.5294633,529469184.0,0.9919557378348705,0.4826206533577393,2.062130308566834,0.44940908139349683,0.9222222222222223,nan,nan,0.40412532538175583,0.9349805393045948,nan,nan,nan,nan,nan,nan,0.4386628811498492,0.9222222222222223,False
1765441470.568949,568956672.0,0.9857954249955165,0.49371863926657156,2.091990906816821,0.4654992899847608,0.9222222222222223,nan,nan,0.42399987205863,0.9082663774250015,nan,nan,nan,nan,nan,nan,0.4654992899847608,0.9222222222222223,False
1765441470.573415,573424128.0,0.9857954249955165,0.49371863926657156,2.091990906816821,0.4654992899847608,0.9222222222222223,nan,nan,0.42399967461824417,0.9082655812944136,nan,nan,nan,nan,nan,nan,0.4654992899847608,0.9222222222222223,False
1765441470.6102395,610266880.0,0.9857954249955165,0.49371863926657156,2.091990906816821,0.4741207417569448,0.9222222222222223,nan,nan,0.4504997283220291,0.9082671735555895,nan,nan,nan,nan,nan,nan,0.4741207417569448,0.9222222222222223,False
1765441470.6726425,672655616.0,0.9248950164877936,0.5502020399892071,2.282551017556164,0.5350254521787894,0.9222222222222223,nan,nan,0.4504996296018362,0.9082667754902956,nan,nan,nan,nan,nan,nan,0.5156207417569448,0.9222222222222223,True
1765441470.6747897,674795776.0,0.9248950164877936,0.5502020399892071,2.282551017556164,0.5350254521787894,0.9222222222222223,nan,nan,0.46375007601454854,0.9082660788760311,nan,nan,nan,nan,nan,nan,0.5156207417569448,0.9222222222222223,True
1765441470.7068918,706901760.0,0.901789813318576,0.5752860418413359,2.3473130506851354,0.5786489264463595,0.9222222222222223,nan,nan,0.46375034749507904,0.8548372575352269,nan,nan,nan,nan,nan,nan,0.5156207417569448,0.9222222222222223,True
1765441470.741384,741389824.0,0.8913439750405185,0.5856389962527961,2.373492510773422,0.5953125519263033,0.922222222222222,nan,nan,0.5101249478757381,0.8281246879168095,nan,nan,nan,nan,nan,nan,0.5571207417569448,0.9222222222222223,False
1765441470.7918365,791843584.0,0.8763255032281947,0.5996460267504347,2.4082203233427246,0.666732795271411,0.9222222222222223,nan,nan,0.5697501674294472,0.7479822022780296,nan,nan,nan,nan,nan,nan,0.5986207417569448,0.922222222222222,True
1765441470.8856342,885641216.0,0.873107043474171,0.6025210597660067,2.4150111820954163,0.7063053443424977,0.9222222222222223,nan,nan,0.5299994945526123,1.0151238210739628,nan,nan,nan,nan,nan,nan,0.6401207417569448,0.9222222222222223,True
1765441470.890535,890541568.0,0.873107043474171,0.6025210597660067,2.4150111820954163,0.7460892790665692,0.9222222222222222,nan,nan,0.6028751358389854,0.7746971602882109,nan,nan,nan,nan,nan,nan,0.6816207417569448,0.922222222222222,True
1765441470.9338303,933837312.0,0.8594712994626397,0.6143162758947724,2.4440396668126634,0.8025207103546577,0.9222222222222223,nan,nan,0.6757499873638153,0.854834073012875,nan,nan,nan,nan,nan,nan,0.7231207417569447,0.9222222222222222,True
1765441470.952771,952778240.0,0.8594712994626397,0.6143162758947724,2.4440396668126634,0.83,0.8792979118245542,nan,nan,0.6625001579523087,0.8548436265799307,nan,nan,nan,nan,nan,nan,0.7231207417569447,0.9222222222222222,False
1765441470.973243,973249792.0,0.8047574045562644,0.6735265349132398,2.538940520819277,0.83,0.8792979118245542,nan,nan,0.7088753506541252,0.8548388497964029,nan,nan,nan,nan,nan,nan,0.7646207417569447,0.8792979118245542,False
1765441471.0144236,14430464.0,0.7642059331294564,0.69970297567028,2.5972647267545867,0.83,0.692878378387079,nan,nan,0.7618750631809235,0.7746987525493868,nan,nan,nan,nan,nan,nan,0.8061207417569447,0.8292979118245541,True
1765441471.040331,40337408.0,0.7446234375766174,0.7112298861063193,2.622108458875484,0.83,0.692878378387079,nan,nan,0.7552505433559418,0.8014105260372162,nan,nan,nan,nan,nan,nan,0.8061207417569447,0.8292979118245541,True
1765441471.0726655,72671488.0,0.7315239716692252,0.7170312510062109,2.631592986965811,0.83,0.6084287150735365,nan,nan,0.7949992418289185,0.8548404420575788,nan,nan,nan,nan,nan,nan,0.83,0.7792979118245541,True
1765441471.106582,106589184.0,0.7254405068775513,0.719895933858596,2.636082764308264,0.83,0.4815207297933404,nan,nan,0.8016253411769867,0.721275205573728,nan,nan,nan,nan,nan,nan,0.83,0.7792979118245541,True
1765441471.139993,140000512.0,0.6809940614899288,0.7431280822488162,2.682297902570603,0.83,0.3922180776681054,nan,nan,0.8480001389980316,0.6411271470208322,nan,nan,nan,nan,nan,nan,0.83,0.7292979118245541,True
1765441471.1736674,173673216.0,0.6546664758469709,0.7557101896160159,2.7081227755075723,0.83,0.3023699494298518,nan,nan,0.8558523694325109,0.6629012125920307,nan,nan,nan,nan,nan,nan,0.83,0.679297911824554,True
1765441471.223221,223228672.0,0.6413356711592213,0.7617844234900994,2.719677764143965,0.83,0.0904059414234744,nan,nan,0.8546246588230133,0.721275205573728,nan,nan,nan,nan,nan,nan,0.83,0.629297911824554,True
1765441471.4184701,418476544.0,0.6413356711592213,0.7617844234900994,2.719677764143965,0.83,-0.4371120539842392,nan,nan,0.8678752779960632,0.5075619105369814,nan,nan,nan,nan,nan,nan,0.83,0.4292979118245539,True
1765441471.4468832,446888960.0,0.5942860140158803,0.7817111057886104,2.761144261547538,0.83,-0.5496429561419551,nan,nan,0.86787448823452,0.5609886420349921,nan,nan,nan,nan,nan,nan,0.83,0.4292979118245539,True
1765441471.4734488,473455872.0,0.40791007481002683,0.8401980713762045,2.8794545756877774,0.83,-0.5496429561419551,nan,nan,0.8546250537037849,0.40070367075743213,nan,nan,nan,nan,nan,nan,0.83,0.3792979118245539,True
1765441471.5456824,545688576.0,0.3824584185924196,0.8468281878996704,2.8941471176831373,0.83,-0.6632620322977846,nan,nan,0.8546248562633991,0.4541327906472068,nan,nan,nan,nan,nan,nan,0.83,0.3792979118245539,True
1765441471.6460187,646031872.0,0.3836986139063092,0.848440225140747,2.8951374712285194,0.8080125306597071,-0.9222222222222222,nan,nan,0.8479999415576458,0.42741942489820145,nan,nan,nan,nan,nan,nan,0.83,0.22929791182455395,True
1765441471.6520627,652068864.0,0.3836986139063092,0.848440225140747,2.8951374712285194,0.7361613701361762,-0.9222222222222222,nan,nan,0.8347499147057533,0.26713843427358136,nan,nan,nan,nan,nan,nan,0.83,0.22929791182455395,True
1765441471.7711825,771188736.0,0.3836986139063092,0.848440225140747,2.8951374712285194,0.6338833600938713,-0.9222222222222222,nan,nan,0.7618752606213093,0.18699754089597734,nan,nan,nan,nan,nan,nan,0.7055,0.07929791182455397,False
1765441471.7735677,773575424.0,0.3836986139063092,0.848440225140747,2.8951374712285194,0.6338833600938713,-0.9222222222222222,nan,nan,0.8248123205266893,0.25377946252363826,nan,nan,nan,nan,nan,nan,0.7055,0.07929791182455397,False
1765441471.848076,848082176.0,0.35318397163235815,0.8582553047260868,2.91272376759766,0.5689681078795253,-0.9222222222222223,nan,nan,0.7353748120367527,0.13356762487561472,nan,nan,nan,nan,nan,nan,0.664,0.029297911824553963,False
1765441471.8732266,873232896.0,0.2592813611440423,0.8782038308110884,2.9482180146304513,0.5689681078795253,-0.9222222222222223,nan,nan,0.6823752969503403,0.026714958010181304,nan,nan,nan,nan,nan,nan,0.6225,-0.02070208817544604,False
1765441471.906835,906841856.0,0.17845533825002047,0.8937944680571324,2.9547331994735084,0.5349477696768885,-0.922222222222222,nan,nan,0.6956259161233902,0.0801448740305439,nan,nan,nan,nan,nan,nan,0.6225,-0.02070208817544604,False
1765441471.9711986,971207680.0,0.17845533825002047,0.8937944680571324,2.9547331994735084,0.5122267286302563,-0.9222222222222222,nan,nan,0.6426238343119621,0.026706996704301527,nan,nan,nan,nan,nan,nan,0.5810000000000001,-0.07070208817544604,False
1765441472.0247402,24746752.0,0.11765740886061371,0.9048989102732321,2.965865227514047,0.4842660476041006,-0.9222222222222223,nan,nan,0.609500840306282,-0.0534267314980107,nan,nan,nan,nan,nan,nan,0.4980000000000001,-0.17070208817544605,False
1765441472.2352433,235249664.0,0.11765740886061371,0.9048989102732321,2.965865227514047,0.44553663855505543,-0.9222222222222222,nan,nan,0.4571250379085541,-0.080141689508192,nan,nan,nan,nan,nan,nan,0.44993315658523186,-0.37070208817544603,False
1765441472.2689366,268943104.0,0.11200725938571976,0.9059013659932802,2.9660898851442083,0.44283313474977815,-0.9222222222222222,nan,nan,0.4571250379085541,-0.240425068524576,nan,nan,nan,nan,nan,nan,0.44993315658523186,-0.37070208817544603,False
1765441472.311396,311404288.0,0.11093858508904786,0.9060909713597098,2.9661323770881776,0.44044705706389947,-0.9222222222222222,nan,nan,0.437251478433609,-0.2671368420124054,nan,nan,nan,nan,nan,nan,0.44283313474977815,-0.420702088175446,False
1765441472.3401713,340177920.0,0.016125291048946444,0.9093127389343598,2.9723964356010804,0.4307913499464504,-0.922222222222222,nan,nan,0.42399927973747253,-0.2671368420124054,nan,nan,nan,nan,nan,nan,0.44044705706389947,-0.470702088175446,False
1765441472.3785825,378588416.0,0.016125291048946444,0.9093127389343598,2.9723964356010804,0.4233023689645291,-0.9222222222222222,nan,nan,0.41075024008750916,-0.32056038898806416,nan,nan,nan,nan,nan,nan,0.4233023689645291,-0.520702088175446,False
1765441472.43574,435748352.0,-0.12920006679209983,0.919645912245497,2.931513265960061,0.42254773021513553,-0.9222222222222223,nan,nan,0.4173755496740341,-0.3205635735104161,nan,nan,nan,nan,nan,nan,0.42271097277166,-0.5707020881754461,False
1765441472.4710019,471011072.0,-0.1348276289996586,0.9208565388632408,2.9271853474931153,0.4226565687453762,-0.9222222222222223,nan,nan,0.4041241407394409,-0.3472785315205974,nan,nan,nan,nan,nan,nan,0.4226565687453762,-0.6207020881754461,False
1765441472.5699725,569989376.0,-0.13561188937609714,0.9210284124746417,2.926679504822077,0.4269179013609799,-0.9222222222222219,nan,nan,0.39087510108947754,-0.40070207849625616,nan,nan,nan,nan,nan,nan,0.4269179013609799,-0.7207020881754462,False
1765441472.5734837,573490176.0,-0.13561188937609714,0.9210284124746417,2.926679504822077,0.4269179013609799,-0.9222222222222219,nan,nan,0.39749962091445923,-0.5342736840248108,nan,nan,nan,nan,nan,nan,0.4269179013609799,-0.7207020881754462,False
1765441472.6233797,623389696.0,-0.17102762014716477,0.9292703124070094,2.898067413257464,0.43228358926040966,-0.9222222222222222,nan,nan,0.39749962091445923,-0.5342736840248108,nan,nan,nan,nan,nan,nan,0.4294356246351009,-0.7707020881754463,False
1765441472.6400635,640069888.0,-0.18258367687161714,0.9322134089948166,2.8863134052097306,0.43228358926040966,-0.9222222222222222,nan,nan,0.40412651002407074,-0.5609886420349921,nan,nan,nan,nan,nan,nan,0.4294356246351009,-0.7707020881754463,False
1765441472.672958,672964352.0,-0.2287685818665781,0.9455671221689368,2.8312700724520807,0.44329924069330906,-0.9222222222222223,nan,nan,0.3975004106760025,-0.6411303315431841,nan,nan,nan,nan,nan,nan,0.44329924069330906,-0.8207020881754463,False
1765441472.7062008,706208000.0,-0.2583952152328819,0.9690895043208663,2.74480467455452,0.4661726579413969,-0.9222222222222222,nan,nan,0.40412572026252747,-0.6144153735330028,nan,nan,nan,nan,nan,nan,0.44329924069330906,-0.8207020881754463,False
1765441472.7400331,740039936.0,-0.2736447972606686,0.9757191007143362,2.7183581086792845,0.47251647189035734,-0.9222222222222222,nan,nan,0.4206870198249817,-0.6544830337647469,nan,nan,nan,nan,nan,nan,0.4661726579413969,-0.8707020881754464,False
1765441472.7735467,773552896.0,-0.2758829157647624,0.9767370036900855,2.714109164327862,0.4827030749279623,-0.922222222222222,nan,nan,0.43725068867206573,-0.6945538785188429,nan,nan,nan,nan,nan,nan,0.4827030749279623,-0.9207020881754464,False
1765441472.8595483,859555584.0,-0.29709769238684647,0.9868793633017994,2.676732910752084,0.5146735493257777,-0.9222222222222219,nan,nan,0.43062537908554077,-0.7212688365290242,nan,nan,nan,nan,nan,nan,0.5146735493257777,-0.9222222222222219,False
1765441472.8728976,872903936.0,-0.32450147933214124,1.0015074816385816,2.625706034870677,0.5146735493257777,-0.9222222222222219,nan,nan,0.4770001769065857,-0.7479869790615574,nan,nan,nan,nan,nan,nan,0.5146735493257777,-0.9222222222222219,False
1765441472.9068077,906813952.0,-0.3421350120896287,1.0119032683632847,2.5922693692021137,0.5268923755072143,-0.922222222222222,nan,nan,0.503499835729599,-0.6945570630411948,nan,nan,nan,nan,nan,nan,0.5268923755072143,-0.922222222222222,False
1765441472.9395618,939568640.0,-0.35028889112664485,1.0169819233498805,2.5759739776202744,0.5407977761402636,-0.9222222222222219,nan,nan,0.47037486732006073,-0.8815554000677601,nan,nan,nan,nan,nan,nan,0.5268923755072143,-0.922222222222222,False
1765441472.972948,972954880.0,-0.35779504484194913,1.0302964098924212,2.5395999364275568,0.5511818953977554,-0.9222222222222219,nan,nan,0.523374579846859,-0.7746971602882109,nan,nan,nan,nan,nan,nan,0.5511818953977554,-0.9222222222222219,False
1765441473.0240188,24026368.0,-0.35532048945033523,1.0396412939318482,2.516290731102805,0.6476692472404906,-0.9222222222222222,nan,nan,0.5300002843141556,-0.9082671735555895,nan,nan,nan,nan,nan,nan,0.5900533417080579,-0.922222222222222,True
1765441473.0403173,40325376.0,-0.36400443496457413,1.0531414362295788,2.482320419632989,0.6476692472404906,-0.9222222222222222,nan,nan,0.5299998894333839,-0.9082655812944136,nan,nan,nan,nan,nan,nan,0.5900533417080579,-0.922222222222222,True
1765441473.0942702,94283776.0,-0.38141070632174845,1.0671214884021696,2.447859740715205,0.7471162316806094,-0.9222222222222222,nan,nan,0.5763748846948147,-0.8281246879168095,nan,nan,nan,nan,nan,nan,0.6315533417080579,-0.922222222222222,True
1765441473.124762,124768256.0,-0.38141070632174845,1.0671214884021696,2.447859740715205,0.7471162316806094,-0.9222222222222222,nan,nan,0.5763750821352005,-0.8815522155454082,nan,nan,nan,nan,nan,nan,0.6315533417080579,-0.922222222222222,True
1765441473.1580756,158082816.0,-0.38243217468457,1.067978152846095,2.4459443049937986,0.8207043058943649,-0.9222222222222222,nan,nan,0.5763749834150076,-0.8281250859821035,nan,nan,nan,nan,nan,nan,0.6730533417080579,-0.9222222222222222,True
1765441473.1769505,176957184.0,-0.39554004917057917,1.0792102245017672,2.420073290431087,0.8207043058943649,-0.9222222222222222,nan,nan,0.6095002479851246,-0.8548380536658149,nan,nan,nan,nan,nan,nan,0.7145533417080578,-0.9222222222222222,True
1765441473.2089214,208933120.0,-0.44420441061643645,1.1261865538235156,2.3287166115282747,0.83,-0.8543226249135096,nan,nan,0.6625001579523087,-0.8548372575352269,nan,nan,nan,nan,nan,nan,0.7560533417080578,-0.8722222222222221,True
1765441473.3392024,339209216.0,-0.45753393183891733,1.140607986371501,2.3055257149142125,0.83,-0.5709061166778142,nan,nan,0.7353749107569456,-0.8281242898515155,nan,nan,nan,nan,nan,nan,0.83,-0.772222222222222,True
1765441473.3424845,342492416.0,-0.45753393183891733,1.140607986371501,2.3055257149142125,0.83,-0.5709061166778142,nan,nan,0.7817500047385693,-0.8014113221678042,nan,nan,nan,nan,nan,nan,0.83,-0.772222222222222,True
1765441473.405344,405351680.0,-0.45753393183891733,1.140607986371501,2.3055257149142125,0.83,-0.4285471416266202,nan,nan,0.814875133568421,-0.8281256333218827,nan,nan,nan,nan,nan,nan,0.83,-0.722222222222222,True
1765441473.4070694,407075072.0,-0.45753393183891733,1.140607986371501,2.3055257149142125,0.83,-0.4285471416266202,nan,nan,0.8016250203363597,-0.7212701302412297,nan,nan,nan,nan,nan,nan,0.83,-0.722222222222222,True
1765441473.4708705,470877952.0,-0.45753393183891733,1.140607986371501,2.3055257149142125,0.83,-0.2813050147245542,nan,nan,0.8546250537037849,-0.7746971602882109,nan,nan,nan,nan,nan,nan,0.83,-0.6722222222222219,True
1765441473.4732172,473222912.0,-0.45753393183891733,1.140607986371501,2.3055257149142125,0.83,-0.2813050147245542,nan,nan,0.854626040905714,-0.6678460856839534,nan,nan,nan,nan,nan,nan,0.83,-0.6222222222222219,True
1765441473.5061436,506151168.0,-0.5622272854195587,1.2804902553070185,2.132370830043874,0.83,-0.15846883699313669,nan,nan,0.8480009287595749,-0.6945602475635467,nan,nan,nan,nan,nan,nan,0.83,-0.6222222222222219,True
1765441473.626736,626743808.0,-0.5663193156345296,1.287044758007637,2.1260420471281902,0.83,0.16540887420649172,nan,nan,0.873294621706009,-0.5099896745772656,nan,nan,nan,nan,nan,nan,0.83,-0.4722222222222218,True
1765441473.6397173,639723008.0,-0.5817564836970801,1.3126415026322542,2.102543087749244,0.83,0.16540887420649172,nan,nan,0.86787448823452,-0.5609886420349921,nan,nan,nan,nan,nan,nan,0.83,-0.4722222222222218,True
1765441473.6798198,679826432.0,-0.6261094806077674,1.421583121003776,2.0336849978370433,0.83,0.25869339901536265,nan,nan,0.8480001389980316,-0.4274202210287894,nan,nan,nan,nan,nan,nan,0.83,-0.42222222222222183,True
1765441473.7153056,715313664.0,-0.6452518515755918,1.4612022837195653,2.0080195669317877,0.83,0.3983902251316874,nan,nan,0.861249178647995,-0.48084376800444817,nan,nan,nan,nan,nan,nan,0.83,-0.37222222222222184,True
1765441473.866846,866852864.0,-0.6521990869610628,1.4762455190708996,1.9992002882166207,0.83,0.6932009034760556,nan,nan,0.8413756191730499,-0.2938486155002348,nan,nan,nan,nan,nan,nan,0.83,-0.27222222222222187,True
1765441473.9358716,935885056.0,-0.6521990869610628,1.4762455190708996,1.9992002882166207,0.3439523136665247,-0.922222222222222,nan,nan,0.8347507044672966,-0.26713524975122943,nan,nan,nan,nan,nan,nan,0.83,-0.1722222222222219,True
1765441473.9669557,966964736.0,-0.6521990869610628,1.4762455190708996,1.9992002882166207,0.3339192962143931,-0.9222222222222222,nan,nan,0.8347499147057533,-0.21370851825321874,nan,nan,nan,nan,nan,nan,0.83,-0.1722222222222219,False
1765441473.973255,973262336.0,-0.6521990869610628,1.4762455190708996,1.9992002882166207,0.3339192962143931,-0.9222222222222222,nan,nan,0.8347485326230526,-0.21371568342851055,nan,nan,nan,nan,nan,nan,0.7885,-0.22222222222222188,False
1765441474.006519,6526208.0,-0.7457685386610478,1.6843244235301205,1.9279077272769432,0.32780279923214545,-0.9222222222222223,nan,nan,0.8413751255720854,-0.24042307819810607,nan,nan,nan,nan,nan,nan,0.747,-0.27222222222222187,False
1765441474.0397093,39715840.0,-0.7568857317101974,1.7145007943584476,1.918666001590605,0.3227479168952812,-0.922222222222222,nan,nan,0.7817504983395338,-0.21370812018792476,nan,nan,nan,nan,nan,nan,0.747,-0.27222222222222187,False
1765441474.1296833,129690880.0,-0.7621031063911334,1.7290094508760312,1.914457719960275,0.31223855054015986,-0.922222222222222,nan,nan,0.7552497535943985,-0.2137101105143947,nan,nan,nan,nan,nan,nan,0.664,-0.37222222222222184,False
1765441474.1403499,140356608.0,-0.7621031063911334,1.7290094508760312,1.914457719960275,0.31223855054015986,-0.922222222222222,nan,nan,0.7353750094771385,-0.24042347626340005,nan,nan,nan,nan,nan,nan,0.664,-0.37222222222222184,False
1765441474.1729512,172958208.0,-0.7887751892090855,1.7981805469881174,1.8916653800269039,0.3118482090940796,-0.9222222222222217,nan,nan,0.698937188833952,-0.25378015913790275,nan,nan,nan,nan,nan,nan,0.6225,-0.42222222222222183,False
1765441474.2122004,212211968.0,-0.7952978800466597,1.8180734272414831,1.8836512431004384,0.3099563102202113,-0.9222222222222223,nan,nan,0.7088757455348969,-0.240425068524576,nan,nan,nan,nan,nan,nan,0.6225,-0.42222222222222183,False
1765441474.2657783,265785856.0,-0.796288547957607,1.821150002773134,1.8823735159225488,0.30742061636347007,-0.922222222222222,nan,nan,0.6359997093677521,-0.32056038898806416,nan,nan,nan,nan,nan,nan,0.5810000000000001,-0.4722222222222218,False
1765441474.278041,278054912.0,-0.796288547957607,1.821150002773134,1.8823735159225488,0.30742061636347007,-0.922222222222222,nan,nan,0.6492495387792587,-0.3205635735104161,nan,nan,nan,nan,nan,nan,0.5395000000000001,-0.5222222222222218,False
1765441474.3619847,361991936.0,-0.8137760970484349,1.8782344905241328,1.8526633573815439,0.30517129338698007,-0.9222222222222222,nan,nan,0.5962502211332321,-0.3205635735104161,nan,nan,nan,nan,nan,nan,0.4980000000000001,-0.5722222222222219,False
1765441474.411237,411244544.0,-0.8149251166194533,1.882230369471766,1.849996134553015,0.3051565322057922,-0.9222222222222223,nan,nan,0.5564999431371689,-0.4808469525268001,nan,nan,nan,nan,nan,nan,0.41500000000000015,-0.6722222222222219,False
1765441474.5217862,521793792.0,-0.8149251166194533,1.882230369471766,1.849996134553015,0.3047758158302767,-0.9222222222222218,nan,nan,0.41737594455480576,-0.5075635027981573,nan,nan,nan,nan,nan,nan,0.3320000000000002,-0.772222222222222,False
1765441474.5713212,571333376.0,-0.8149251166194533,1.882230369471766,1.849996134553015,0.30478903151892817,-0.9222222222222218,nan,nan,0.41074905544519424,-0.3739887127472508,nan,nan,nan,nan,nan,nan,0.3320000000000002,-0.772222222222222,False
1765441474.5745528,574558464.0,-0.8149251166194533,1.882230369471766,1.849996134553015,0.30478903151892817,-0.9222222222222218,nan,nan,0.3710007518529892,-0.5342768685471627,nan,nan,nan,nan,nan,nan,0.30478903151892817,-0.8222222222222221,False
1765441474.6943896,694403072.0,-0.8250171940875966,1.9122704667377248,1.8186732456211707,0.30507319315861503,-0.922222222222222,nan,nan,0.28487488627433777,-0.6144153735330028,nan,nan,nan,nan,nan,nan,0.30489770562009644,-0.9222222222222222,False
1765441475.7705064,770513152.0,-0.8250171940875966,1.9122704667377248,1.8186732456211707,0.30507319315861503,-0.922222222222222,nan,nan,0.3445003032684326,-0.9616939050536002,nan,nan,nan,nan,nan,nan,0.30489770562009644,-0.9222222222222222,False
1765441475.7862759,786281984.0,-0.8250171940875966,1.9122704667377248,1.8186732456211707,0.36173963970590206,-0.9222222222222223,nan,nan,0.3179996572434902,-0.8548380536658149,nan,nan,nan,nan,nan,nan,0.3580873113144804,-0.9222222222222223,False
1765441475.808267,808279808.0,-0.8250171940875966,1.9122704667377248,1.8186732456211707,0.36173963970590206,-0.9222222222222223,nan,nan,0.33787499368190765,-0.9349789470434189,nan,nan,nan,nan,nan,nan,0.36173963970590206,-0.9222222222222223,False
1765441475.899065,899070976.0,-0.8250171940875966,1.9122704667377248,1.8186732456211707,0.370547475113352,-0.9222222222222222,nan,nan,0.35774973779916763,-0.9082655812944136,nan,nan,nan,nan,nan,nan,0.370547475113352,-0.9222222222222222,False
1765441475.9091363,909143552.0,-0.8250171940875966,1.9122704667377248,1.8186732456211707,0.37665367055126575,-0.922222222222222,nan,nan,0.35112521797418594,-0.8281270763085734,nan,nan,nan,nan,nan,nan,0.370547475113352,-0.9222222222222222,False
1765441475.9441671,944173312.0,-0.8250171940875966,1.9122704667377248,1.8186732456211707,0.3818471374420054,-0.9222222222222223,nan,nan,0.3445003032684326,-0.8548404420575788,nan,nan,nan,nan,nan,nan,0.37665367055126575,-0.922222222222222,False
1765441475.9789944,979001088.0,-0.8250171940875966,1.9122704667377248,1.8186732456211707,0.3933481247996604,-0.9222222222222223,nan,nan,0.36437465250492096,-0.9349789470434189,nan,nan,nan,nan,nan,nan,0.38841115023632156,-0.9222222222222223,False
1765441476.0227225,22740992.0,-0.8250171940875966,1.9122704667377248,1.8186732456211707,0.3969957503710885,-0.9222222222222223,nan,nan,0.35775092244148254,-0.9082703580779414,nan,nan,nan,nan,nan,nan,0.3933481247996604,-0.9222222222222223,False
1765441476.0762131,76219648.0,-0.8250171940875966,1.9122704667377248,1.8186732456211707,0.4045440703579316,-0.9222222222222222,nan,nan,0.37431301176548004,-0.8949112868116748,nan,nan,nan,nan,nan,nan,0.4045440703579316,-0.9222222222222222,False
1765441476.1183987,118404352.0,-0.71903803529591,2.2876020747209056,0.699936497303478,0.4172982887295975,-0.9222222222222222,nan,nan,0.4041241407394409,-0.934975762521067,nan,nan,nan,nan,nan,nan,0.41060840878140287,-0.9222222222222223,False
1765441476.1446972,144704000.0,-0.71764870983167,2.28886417390493,0.6952016980442569,0.4172982887295975,-0.9222222222222222,nan,nan,0.3975004106760025,-0.8014137105595681,nan,nan,nan,nan,nan,nan,0.41060840878140287,-0.9222222222222223,False
1765441476.1771004,177108480.0,-0.691053019835433,2.310050632301136,0.6120259493495677,0.41441245521562287,-0.9222222222222223,nan,nan,0.41737397015094757,-0.8815490310230563,nan,nan,nan,nan,nan,nan,0.41441245521562287,-0.9222222222222223,False
1765441476.207706,207719936.0,-0.6294056977263813,2.346916296366909,0.44734103244450624,0.4166292412704307,-0.9222222222222223,nan,nan,0.4119775558162351,-0.9666459433208147,nan,nan,nan,nan,nan,nan,0.41441245521562287,-0.9222222222222223,False
1765441476.2467754,246781696.0,-0.6261684839473887,2.3484902718150513,0.4403540495593545,0.4244249962554714,-0.9222222222222222,nan,nan,0.4173751547932625,-0.9349805393045948,nan,nan,nan,nan,nan,nan,0.4166292412704307,-0.9222222222222223,False
1765441476.274483,274489856.0,-0.6045924569955661,2.3580610893996248,0.38952250654046844,0.43489063134908945,-0.922222222222222,nan,nan,0.4107506349682808,-0.9082687658167654,nan,nan,nan,nan,nan,nan,0.43489063134908945,-0.922222222222222,False
1765441476.3094554,309465856.0,-0.592699720626181,2.362755978881203,0.3625417052074176,0.4465216752895944,-0.922222222222222,nan,nan,0.43062537908554077,-0.8815522155454082,nan,nan,nan,nan,nan,nan,0.43489063134908945,-0.922222222222222,False
1765441476.347864,347869952.0,-0.5853662195048002,2.36723695596569,0.34846195422720655,0.4666983642289165,-0.9222222222222222,nan,nan,0.43725068867206573,-0.9616970895759521,nan,nan,nan,nan,nan,nan,0.4465216752895944,-0.922222222222222,False
1765441476.4701486,470158592.0,-0.574306843750569,2.373719609171052,0.32909144728758233,0.4865233318519739,-0.9222222222222222,nan,nan,0.4571242481470108,-0.8815490310230563,nan,nan,nan,nan,nan,nan,0.4865233318519739,-0.9222222222222222,False
1765441476.4737325,473737984.0,-0.574306843750569,2.373719609171052,0.32909144728758233,0.4865233318519739,-0.9222222222222222,nan,nan,0.4571250379085541,-0.8815522155454082,nan,nan,nan,nan,nan,nan,0.4865233318519739,-0.9222222222222222,False
1765441476.678252,678258432.0,-0.574306843750569,2.373719609171052,0.32909144728758233,0.5949117932066667,-0.922222222222222,nan,nan,0.5432489290833473,-0.8014121182983921,nan,nan,nan,nan,nan,nan,0.589634815790284,-0.922222222222222,False
1765441476.7068465,706863104.0,-0.5163179696622437,2.394298376542124,0.21865294771159474,0.6166775241984148,-0.922222222222222,nan,nan,0.5531874857842922,-0.8681955326709055,nan,nan,nan,nan,nan,nan,0.589634815790284,-0.922222222222222,False
1765441476.740805,740811520.0,-0.5163179696622437,2.394298376542124,0.21865294771159474,0.6559385655190805,-0.9222222222222222,nan,nan,0.5902270329269497,-0.9228376660747266,nan,nan,nan,nan,nan,nan,0.6166775241984148,-0.922222222222222,True
1765441476.773073,773080320.0,-0.3938992963014627,2.4125824396768536,0.008378134032946795,0.6920646923811097,-0.9222222222222222,nan,nan,0.6293746465817094,-0.8281264792106324,nan,nan,nan,nan,nan,nan,0.6581775241984148,-0.9222222222222222,False
1765441476.8180718,818079232.0,-0.3449956596948631,2.4112190385053562,-0.06360409727494329,0.7985464086673221,-0.9222222222222222,nan,nan,0.6061874821316451,-0.9483367743556418,nan,nan,nan,nan,nan,nan,0.6996775241984148,-0.922222222222222,True
1765441476.840122,840136192.0,-0.3259198732441879,2.4097732431123795,-0.08712649072753953,0.7985464086673221,-0.9222222222222222,nan,nan,0.6624989733099937,-0.801415302820744,nan,nan,nan,nan,nan,nan,0.6996775241984148,-0.922222222222222,True
1765441476.8733952,873401344.0,-0.3219870838514374,2.409415063469847,-0.09233087032273105,0.83,-0.8957811828897531,nan,nan,0.7154996730387211,-0.7479845906697935,nan,nan,nan,nan,nan,nan,0.7411775241984148,-0.8957811828897531,False
1765441476.9159524,915959296.0,-0.2766872273793286,2.4002472949295393,-0.1426640483950443,0.83,-0.7280448698763058,nan,nan,0.7022496461868286,-0.8548404420575788,nan,nan,nan,nan,nan,nan,0.7826775241984147,-0.845781182889753,True
1765441476.9638627,963871232.0,-0.25561258575100076,2.396644153443969,-0.16668854349077517,0.83,-0.6228710985002917,nan,nan,0.7287504896521568,-0.9082623967720617,nan,nan,nan,nan,nan,nan,0.8241775241984147,-0.795781182889753,True
1765441477.0015674,1579008.0,-0.24542849427475888,2.3948641627074996,-0.17928490068464625,0.83,-0.5432105547126279,nan,nan,0.7618750631809235,-0.8281222995250456,nan,nan,nan,nan,nan,nan,0.8241775241984147,-0.795781182889753,True
1765441477.034101,34108160.0,-0.24542849427475888,2.3948641627074996,-0.17928490068464625,0.83,-0.5432105547126279,nan,nan,0.7751256823539734,-0.8815522155454082,nan,nan,nan,nan,nan,nan,0.8241775241984147,-0.795781182889753,True
1765441477.0402193,40224768.0,-0.22451323499975384,2.39082456058039,-0.20294392196763542,0.83,-0.46047869148711607,nan,nan,0.8181870356202126,-0.7880562315544775,nan,nan,nan,nan,nan,nan,0.83,-0.7457811828897529,True
1765441478.0361137,36121088.0,-0.19787658299217625,2.384922200458851,-0.23234464045947142,0.5317674051617133,0.9222222222222222,nan,nan,0.795000821352005,-0.854834073012875,nan,nan,nan,nan,nan,nan,0.83,-0.7457811828897529,True
1765441478.067185,67194880.0,-0.19787658299217625,2.384922200458851,-0.23234464045947142,0.5219187970474686,0.9222222222222222,nan,nan,0.5763742923736572,0.026711773487829393,nan,nan,nan,nan,nan,nan,0.5219187970474686,0.3042188171102472,False
1765441478.0735993,73606400.0,-0.19787658299217625,2.384922200458851,-0.23234464045947142,0.5219187970474686,0.9222222222222222,nan,nan,0.5498762130737305,0.1869951525042134,nan,nan,nan,nan,nan,nan,0.5219187970474686,0.3042188171102472,False
1765441478.106318,106324736.0,-0.19787658299217625,2.384922200458851,-0.23234464045947142,0.5163325479865163,0.9222222222222222,nan,nan,0.5233765542507172,0.240425068524576,nan,nan,nan,nan,nan,nan,0.5163325479865163,0.35421881711024716,False
1765441478.1396868,139693056.0,0.5187993771705002,2.054651483222417,-0.5313737439367537,0.5106498343856265,0.9222222222222222,nan,nan,0.5167488753795624,0.1068534629960214,nan,nan,nan,nan,nan,nan,0.5163325479865163,0.35421881711024716,False
1765441478.1732228,173228800.0,0.5256741473645206,2.051618823553508,-0.5275852396131377,0.522748567492696,0.9222222222222222,nan,nan,0.4968753159046173,0.240425068524576,nan,nan,nan,nan,nan,nan,0.522748567492696,0.40421881711024715,False
1765441478.2159657,215973376.0,0.5369950875454634,2.0461032779718247,-0.5215400284103459,0.5332411915183858,0.9222222222222223,nan,nan,0.503499835729599,0.2137132950367466,nan,nan,nan,nan,nan,nan,0.522748567492696,0.40421881711024715,False
1765441478.2659404,265947136.0,0.5483798043678227,2.040642605407761,-0.5144867484605656,0.5270278830826444,0.9222222222222222,nan,nan,0.49687452614307404,0.2137101105143947,nan,nan,nan,nan,nan,nan,0.5361899950331473,0.45421881711024714,False
1765441478.2814288,281435392.0,0.5513250373798613,2.0391822363425764,-0.5129076507381631,0.525291252447136,0.9222222222222223,nan,nan,0.5233749747276306,0.29385498454493864,nan,nan,nan,nan,nan,nan,0.5270278830826444,0.5042188171102472,False
1765441478.3095918,309600768.0,0.5513250373798613,2.0391822363425764,-0.5129076507381631,0.525291252447136,0.9222222222222223,nan,nan,0.5167504549026489,0.2671432110571092,nan,nan,nan,nan,nan,nan,0.5270278830826444,0.5042188171102472,False
1765441478.3428473,342853376.0,0.5513250373798613,2.0391822363425764,-0.5129076507381631,0.5243531415092959,0.9222222222222223,nan,nan,0.5047275463390966,0.43237066703482796,nan,nan,nan,nan,nan,nan,0.525291252447136,0.5542188171102472,False
1765441478.4121854,412193280.0,0.6066826824173019,2.014044578722557,-0.46808718739386534,0.5250188409287528,0.9222222222222223,nan,nan,0.5179781655121465,0.3690398590023883,nan,nan,nan,nan,nan,nan,0.5250188409287528,0.6542188171102473,False
1765441478.5979738,597980160.0,0.630278824081373,2.0048060620085795,-0.4431845200252911,0.5515003479444607,0.9222222222222222,nan,nan,0.503499835729599,0.5877036000451734,nan,nan,nan,nan,nan,nan,0.5427812333221375,0.8042188171102475,False
1765441478.7132628,713270784.0,0.630278824081373,2.0048060620085795,-0.4431845200252911,0.5871703635639508,0.9222222222222222,nan,nan,0.5233749747276306,0.7212688365290242,nan,nan,nan,nan,nan,nan,0.5719074528327059,0.9042188171102475,False
1765441478.7454362,745442560.0,0.630278824081373,2.0048060620085795,-0.4431845200252911,0.6007718411899514,0.9222222222222222,nan,nan,0.5233749747276306,0.6678452895533654,nan,nan,nan,nan,nan,nan,0.5871703635639508,0.9222222222222222,False
1765441478.7741718,774177536.0,0.630278824081373,2.0048060620085795,-0.4431845200252911,0.6165961423950763,0.922222222222222,nan,nan,0.5565007328987122,0.6945570630411948,nan,nan,nan,nan,nan,nan,0.6165961423950763,0.922222222222222,False
1765441478.8118212,811829248.0,0.630278824081373,2.0048060620085795,-0.4431845200252911,0.6352544228235989,0.922222222222222,nan,nan,0.5763750821352005,0.7746955680270349,nan,nan,nan,nan,nan,nan,0.6352544228235989,0.922222222222222,False
1765441478.8712828,871293184.0,0.630278824081373,2.0048060620085795,-0.4431845200252911,0.6895335039306473,0.9222222222222222,nan,nan,0.6022723323919558,0.874267910167444,nan,nan,nan,nan,nan,nan,0.6767544228235989,0.9222222222222222,False
1765441478.8789113,878918656.0,0.630278824081373,2.0048060620085795,-0.4431845200252911,0.7168695815929079,0.922222222222222,nan,nan,0.6028751358389854,0.7746971602882109,nan,nan,nan,nan,nan,nan,0.6767544228235989,0.9222222222222222,False
1765441478.966288,966297088.0,0.7121833129185733,1.9733473914306345,-0.34593263880062847,0.7689567245803623,0.9222222222222222,nan,nan,0.6293749427422881,0.7746977573861519,nan,nan,nan,nan,nan,nan,0.7583695815929079,0.9222222222222222,False
1765441478.9795923,979599872.0,0.7121833129185733,1.9733473914306345,-0.34593263880062847,0.7689567245803623,0.9222222222222222,nan,nan,0.655874453485012,0.8281270763085734,nan,nan,nan,nan,nan,nan,0.7583695815929079,0.9222222222222222,False
1765441479.007212,7219456.0,0.8203163424904787,1.9429955249337723,-0.19886272277267045,0.7906473299997203,0.9222222222222222,nan,nan,0.6823749020695686,0.8815538078065841,nan,nan,nan,nan,nan,nan,0.7583695815929079,0.9222222222222222,False
1765441479.1062114,106218752.0,0.8346729661645513,1.9402437868690523,-0.1788768409355468,0.83,0.9180145851263254,nan,nan,0.6923124715685844,0.8681947365403175,nan,nan,nan,nan,nan,nan,0.7906473299997203,0.9222222222222222,True
1765441479.112539,112546560.0,0.8346729661645513,1.9402437868690523,-0.1788768409355468,0.8026856871538278,0.7462192907569175,nan,nan,0.7419999241828918,0.8548404420575788,nan,nan,nan,nan,nan,nan,0.8208533589401145,0.8722222222222221,True
1765441479.2093258,209336832.0,0.8525249730414619,1.9372306084749322,-0.1557704923739482,0.7379756386449194,0.504613845458113,nan,nan,0.8215000852942467,0.7479822022780296,nan,nan,nan,nan,nan,nan,0.7611856871538278,0.772222222222222,True
1765441479.28362,283629312.0,0.8682368738229727,1.934957838351203,-0.13403962994660473,0.6718614151175256,0.2839296903116431,nan,nan,0.801625045016408,0.7212700307249061,nan,nan,nan,nan,nan,nan,0.6964756386449195,0.6722222222222219,True
1765441479.3159122,315919616.0,0.8722765240702168,1.9344117608262508,-0.1287705592476123,0.6526192487328011,0.22358891687520757,nan,nan,0.7552500374149531,0.6411291871054638,nan,nan,nan,nan,nan,nan,0.6718614151175256,0.6222222222222219,True
1765441479.4801066,480113664.0,0.8518320184266912,1.933134830868827,-0.10597592738772754,0.6526192487328011,0.22358891687520757,nan,nan,0.74862449336797,0.6411269479881851,nan,nan,nan,nan,nan,nan,0.6718614151175256,0.6222222222222219,True
1765441479.486411,486416640.0,0.8573932316540098,1.932753196769485,-0.09951610989756071,0.5466554381079486,-0.05387549036353336,nan,nan,0.6890013962984085,0.5877067845675253,nan,nan,nan,nan,nan,nan,0.5742532033241505,0.4722222222222218,True
1765441479.5402067,540215296.0,0.8573932316540098,1.932753196769485,-0.09951610989756071,0.5466554381079486,-0.05387549036353336,nan,nan,0.6624993681907654,0.5342736840248108,nan,nan,nan,nan,nan,nan,0.5742532033241505,0.4722222222222218,True
1765441479.5694323,569453824.0,0.9678999782369342,1.9286926512008873,0.02252504971312904,0.5153498936854088,-0.10465546928595677,nan,nan,0.6426246240735054,0.40070685527978406,nan,nan,nan,nan,nan,nan,0.5466554381079486,0.42222222222222183,False
1765441479.5732114,573217792.0,0.9678999782369342,1.9286926512008873,0.02252504971312904,0.5153498936854088,-0.10465546928595677,nan,nan,0.6028755307197571,0.4541319945166188,nan,nan,nan,nan,nan,nan,0.5153498936854088,0.37222222222222184,False
1765441479.60916,609171968.0,0.9678999782369342,1.9286926512008873,0.02252504971312904,0.4826688813997995,-0.13831499182821533,nan,nan,0.5697505623102188,0.4808469525268001,nan,nan,nan,nan,nan,nan,0.4826688813997995,0.32222222222222185,False
1765441479.6662564,666275584.0,1.0474259964573402,1.9336070837092967,0.10153066736141793,0.4552988231308529,-0.17027075497745925,nan,nan,0.5498754233121872,0.2938518000225867,nan,nan,nan,nan,nan,nan,0.4826688813997995,0.32222222222222185,False
1765441479.7666469,766653696.0,1.082447052363169,1.9377235182909778,0.13391316474047094,0.4022078137789636,-0.26585187827503814,nan,nan,0.47037486732006073,0.34727534699824547,nan,nan,nan,nan,nan,nan,0.4022078137789636,0.1722222222222219,False
1765441479.7923522,792366848.0,1.1178602090186587,1.9432285461179908,0.16514948114546515,0.39147222293444517,-0.28644625656784856,nan,nan,0.4438752084970474,0.2938518000225867,nan,nan,nan,nan,nan,nan,0.4022078137789636,0.1722222222222219,False
1765441479.808723,808730112.0,1.1178602090186587,1.9432285461179908,0.16514948114546515,0.39147222293444517,-0.28644625656784856,nan,nan,0.42761351574550976,0.21856534909293096,nan,nan,nan,nan,nan,nan,0.4022078137789636,0.1722222222222219,False
1765441479.8398862,839892736.0,1.3169836345374861,1.9940089337130513,0.3083559874835873,0.3773555144694773,-0.3118281383423317,nan,nan,0.39750001579523087,0.21370851825321874,nan,nan,nan,nan,nan,nan,0.39147222293444517,0.12222222222222189,False
1765441479.8992374,899243776.0,1.3431029202395024,2.0027128695985676,0.32069353800862566,0.3647347966699591,-0.3350034750174065,nan,nan,0.3975004106760025,0.2137101105143947,nan,nan,nan,nan,nan,nan,0.3647347966699591,0.07222222222222188,False
1765441480.0086787,8684800.0,1.346461780475333,2.003834028405605,0.32258585741635626,0.20556900499205352,-0.3578079254255455,nan,nan,0.3511256128549576,0.08013850498584009,nan,nan,nan,nan,nan,nan,0.28173479666995915,-0.027777777777778123,False
1765441480.0114422,11449600.0,1.346461780475333,2.003834028405605,0.32258585741635626,0.20556900499205352,-0.3578079254255455,nan,nan,0.33124909177422523,3.980652939888739e-06,nan,nan,nan,nan,nan,nan,0.24023479666995917,-0.07777777777777813,False
1765441480.0407894,40803328.0,1.435557474963674,2.0366836858977826,0.3813336571079129,0.18763530880738116,-0.3475944993779343,nan,nan,0.27824987284839153,0.05342792569389267,nan,nan,nan,nan,nan,nan,0.24023479666995917,-0.07777777777777813,False
1765441480.0867963,86802688.0,1.4584265476184974,2.0713984621056443,0.398437973689787,0.16993980268054412,-0.33622827661866495,nan,nan,0.22525085136294365,-0.053430712150950584,nan,nan,nan,nan,nan,nan,0.1987347966699592,-0.12777777777777813,False
1765441480.121087,121094656.0,1.5100197671039068,2.1033231824056515,0.41383296819753307,0.16062238097521764,-0.3299697131927382,nan,nan,0.21199997304938734,-0.026713614539814093,nan,nan,nan,nan,nan,nan,0.16993980268054412,-0.17777777777777815,False
1765441480.155112,155121920.0,1.5123855501990806,2.1043618476350425,0.41356583454601387,0.15605852430650383,-0.3364313127449425,nan,nan,0.22525083285290748,-0.053430786788193206,nan,nan,nan,nan,nan,nan,0.16993980268054412,-0.17777777777777815,False
1765441480.1738937,173899776.0,1.5183941764528752,2.119653889306824,0.41329063928637894,0.15605852430650383,-0.3364313127449425,nan,nan,0.17224911507219076,-0.10685127363690446,nan,nan,nan,nan,nan,nan,0.15605852430650383,-0.22777777777777813,False
1765441480.208665,208672768.0,1.519460545543522,2.1201208653338344,0.4126200504875187,0.15062499499778984,-0.33226683020019254,nan,nan,0.1656250641681254,-0.026714062363269828,nan,nan,nan,nan,nan,nan,0.15605852430650383,-0.22777777777777813,False
1765441480.361595,361612288.0,1.5240712010663753,2.122133231920795,0.4101941023166981,0.131177677141294,-0.311563597465878,nan,nan,0.11262552440166473,-0.18699833702656532,nan,nan,nan,nan,nan,nan,0.131177677141294,-0.311563597465878,False
1765441480.3875523,387559168.0,1.5240712010663753,2.122133231920795,0.4101941023166981,0.12969407993035917,-0.3089319183375648,nan,nan,0.09937441162765026,-0.18699395830833143,nan,nan,nan,nan,nan,nan,0.131177677141294,-0.311563597465878,False
1765441480.4066477,406655488.0,1.543395077575135,2.130289622498004,0.3840237412794095,0.12969407993035917,-0.3089319183375648,nan,nan,0.09937608987092972,-0.18699992928774126,nan,nan,nan,nan,nan,nan,0.12969407993035917,-0.3089319183375648,False
1765441480.440388,440396544.0,1.5463791502295745,2.12950659060321,0.3701508336392406,0.12819015863751387,-0.3064097142772715,nan,nan,0.09937500394880772,-0.21370971244910072,nan,nan,nan,nan,nan,nan,0.12969407993035917,-0.3089319183375648,False
1765441480.4735117,473518336.0,1.535371998447311,2.112093759806135,0.34399232837525,0.13756420514079357,-0.30678389891237823,nan,nan,0.10600001737475395,-0.26713763814299335,nan,nan,nan,nan,nan,nan,0.13756420514079357,-0.30678389891237823,False
1765441480.5695124,569520128.0,1.5189884474088213,2.084285531749901,0.30299813300694367,0.2962291617906105,-0.31809690604532553,nan,nan,0.11924964934587479,-0.26713524975122943,nan,nan,nan,nan,nan,nan,0.22056420514079356,-0.31809690604532553,False
1765441480.5843046,584310528.0,1.5189884474088213,2.084285531749901,0.30299813300694367,0.29162805432033007,-0.3067712797215511,nan,nan,0.1060005109757185,-0.21371210084086464,nan,nan,nan,nan,nan,nan,0.22056420514079356,-0.31809690604532553,False
1765441480.6233273,623340032.0,1.5189884474088213,2.084285531749901,0.30299813300694367,0.28941162047545244,-0.29993300854794297,nan,nan,0.1325002685189247,-0.32056516577159205,nan,nan,nan,nan,nan,nan,0.26206420514079354,-0.3067712797215511,False
1765441480.671071,671079936.0,1.5189884474088213,2.084285531749901,0.30299813300694367,0.28172747371133045,-0.2886613418542746,nan,nan,0.23187537118792534,-0.08014248563877997,nan,nan,nan,nan,nan,nan,0.26206420514079354,-0.3067712797215511,False
1765441480.6792688,679275520.0,1.5189884474088213,2.084285531749901,0.30299813300694367,0.2750622687478344,-0.27574549238172397,nan,nan,0.21199983730912209,-0.21370931438380672,nan,nan,nan,nan,nan,nan,0.28172747371133045,-0.2886613418542746,False
1765441480.709114,709121280.0,1.5505104840460144,2.0931647950370422,0.25055973474931414,0.2750622687478344,-0.27574549238172397,nan,nan,0.20537590980529785,-0.29385498454493864,nan,nan,nan,nan,nan,nan,0.28172747371133045,-0.2886613418542746,False
1765441480.7582738,758280704.0,1.557385428658005,2.0948925605282316,0.24174422871351367,0.2637734265083085,-0.2571535358127602,nan,nan,0.21862554177641869,-0.29385259615317466,nan,nan,nan,nan,nan,nan,0.2750622687478344,-0.27574549238172397,False
1765441480.7740266,774041088.0,1.566834729167029,2.0971564410452666,0.2298436970071927,0.2637734265083085,-0.2571535358127602,nan,nan,0.24181224964559078,-0.2804931268216141,nan,nan,nan,nan,nan,nan,0.2637734265083085,-0.2571535358127602,False
1765441480.8550565,855074816.0,1.5697551062603843,2.0978371078765456,0.22625641744944525,0.2453918824597283,-0.23363761051033977,nan,nan,0.2517491281032562,-0.32056038898806416,nan,nan,nan,nan,nan,nan,0.25763275401245533,-0.24954025946486227,False
1765441480.8914294,891436800.0,1.5764939515382803,2.099358507037912,0.21841352710927425,0.2453918824597283,-0.23363761051033977,nan,nan,0.2517499178647995,-0.2137101105143947,nan,nan,nan,nan,nan,nan,0.2453918824597283,-0.23363761051033977,False
1765441480.9146879,914697984.0,1.5908111962996019,2.102419001568835,0.20312441689357075,0.23041140689104211,-0.21844659537328653,nan,nan,0.25175031274557114,-0.320568350293944,nan,nan,nan,nan,nan,nan,0.2390751672932937,-0.22735398515719715,False
1765441480.965982,965991168.0,1.5991105649774178,2.104092853440718,0.1955295417479958,0.22403207277476858,-0.21261153848802253,nan,nan,0.24512500315904617,-0.24042347626340005,nan,nan,nan,nan,nan,nan,0.22403207277476858,-0.21261153848802253,False
1765441481.040698,40707328.0,1.5991105649774178,2.104092853440718,0.1955295417479958,0.20897385645834193,-0.20148237185142975,nan,nan,0.2583748325705528,-0.21370851825321874,nan,nan,nan,nan,nan,nan,0.21743196329962103,-0.20700872258624808,False
1765441481.043922,43935232.0,1.600794173656647,2.1044235055525586,0.19334475091985642,0.20897385645834193,-0.20148237185142975,nan,nan,0.23850048333406448,-0.21371170277557067,nan,nan,nan,nan,nan,nan,0.21743196329962103,-0.20700872258624808,False
1765441481.1099005,109913088.0,1.6015808776399671,2.1045780101810316,0.19232385831670898,0.20922202175853621,-0.1728858441279518,nan,nan,0.23187438398599625,-0.18699356024303743,nan,nan,nan,nan,nan,nan,0.21496342087737488,-0.1774003095290161,False
