sec,nsec,x,y,yaw,v_cmd,w_cmd,battery_v,battery_i,battery_percent,v_real,w_real,imu_ax,imu_ay,imu_az,imu_vx,imu_vy,imu_vz,v_nav,w_nav,velocity_violation
1765735817.0067642,6764032.0,0.0,0.0,-6.938893903907228e-18,0.08299999999999999,0.0,25.200000762939453,-0.0,nan,0.0,0.0,1.1611878051757811,0.047884033203124995,9.854534033203125,0.00972053797878922,-0.037550571370117254,0.004394215798630743,0.041499999999999995,0.0,False
1765735817.040903,40902912.0,0.0,-5.551115123125783e-17,-6.938893903907228e-18,0.11066666666666666,0.0,25.200000762939453,-0.0,nan,0.0,0.0,0.7709329345703124,-0.229843359375,9.296685046386719,0.017576863194522972,0.007989483270237714,-0.0073236929977179045,0.08299999999999999,0.0,False
1765735817.0762491,76249088.0,0.0,5.551115123125783e-17,-6.938893903907228e-18,0.13833333333333334,0.0,25.200000762939453,-0.0,nan,0.0,0.0,1.189918225097656,-0.0143652099609375,9.694122521972655,0.018375811521546742,-0.03888215191515688,-0.0015978966540475428,0.08299999999999999,0.0,False
1765735817.105105,105104896.0,0.0,5.551115123125783e-17,-6.938893903907228e-18,0.166,-0.00017739494847374222,25.200000762939453,-0.0,nan,0.0,0.0,1.3718775512695311,0.016759411621093748,9.82580361328125,0.0391484680241648,-0.0006657902725198095,-0.004394215798630743,0.12449999999999999,0.0,False
1765735817.1912029,191202816.0,0.0,5.551115123125783e-17,-6.938893903907228e-18,0.22133333333333335,-0.00023730918731462163,25.200000762939453,-0.0,nan,0.07950016111135483,-1.5922611759554956e-06,2.090138049316406,0.48123453369140623,8.573636145019531,0.022104237047657675,-0.14327806664626302,-0.005858954398174323,0.20749999999999996,-0.00023730918731462163,False
1765735817.2747564,274756352.0,0.0,5.551115123125783e-17,-6.938893903907228e-18,0.30433333333333334,-0.0004937529772630875,25.200000762939453,-0.039000000804662704,nan,0.11443231932141565,0.02428415419856124,1.2665326782226562,0.24181436767578124,9.440337145996093,0.04580637074936289,-0.03821636164263707,-0.0031957933080950856,0.20749999999999996,-0.00023730918731462163,False
1765735817.3601527,360152576.0,0.0,5.551115123125783e-17,-6.938893903907228e-18,0.38733333333333336,-0.0014774202946464538,25.200000762939453,-0.039000000804662704,nan,0.19212469831109047,0.026715754140769283,1.8339584716796873,0.14125789794921875,9.988609326171874,0.005459480234662438,-0.16085492984078598,0.01251685712337242,0.3319999999999999,-0.0010739951661716167,False
1765735817.3701909,370190848.0,0.0,-5.551115123125783e-17,-6.938893903907228e-18,0.38733333333333336,-0.0014774202946464538,25.200000762939453,-0.039000000804662704,nan,0.21862524561583996,0.02671296768371136,2.8107927490234372,-0.028730419921875,9.351751684570312,-0.017576863194522972,0.06684534336098888,0.0223705531566656,0.3319999999999999,-0.0010739951661716167,False
1765735817.443324,443323904.0,0.007708953766927706,4.027529297900845e-06,0.0008013770706403446,0.4426666666666667,-0.0017274811750950126,25.200000762939453,-0.039000000804662704,nan,0.2848743926733732,0.02671615220606327,2.4875755249023435,0.04548983154296875,10.457872851562499,0.05193164125654514,-0.06218481145335021,-0.004394215798630743,0.3734999999999999,-0.0014774202946464538,False
1765735817.5239234,523923200.0,0.016276036129406535,1.2026071984583275e-05,0.0012327019136723094,0.4703333333333334,-0.0018531676337962637,25.200000762939453,-0.9620000123977661,nan,0.33124904858414084,3.8064993737686066e-06,2.2026655273437497,-0.26336218261718747,10.103531005859374,0.0391484680241648,0.0033289513625990473,0.009187905760773371,0.41499999999999987,-0.0015906455211753977,False
1765735817.5378525,537852416.0,0.03353816650483932,4.0841897816501493e-05,0.002090421322580012,0.5256666666666667,-0.0024082682578013817,25.200000762939453,-0.9620000123977661,nan,0.39087366964668036,0.0267187396304742,1.697488977050781,-0.11731588134765625,9.038111267089842,-0.01344896350490015,0.09467537675231692,0.0,0.49799999999999983,-0.002249832330163883,False
1765735817.5706043,570604288.0,0.05896544893623368,9.110355552810478e-05,0.0018699255536888267,0.5533333333333333,-0.0022576768847796286,25.200000762939453,-0.9620000123977661,nan,0.43724989891052246,0.0,1.7118541870117185,-0.2442085693359375,10.436325036621094,0.03195793308095086,-0.04061320662370838,0.0023968449810713144,0.49799999999999983,-0.002249832330163883,False
1765735817.6150613,615061248.0,0.06617969835041482,0.00010491175229815353,0.0020581987518551305,0.581,-0.0027133800753060397,25.200000762939453,-0.9620000123977661,nan,0.45050012320280075,-1.5922611759554956e-06,1.9129671264648436,-0.296881005859375,9.473855969238281,0.002663161090079238,0.06005428258128682,0.0111852765783328,0.5394999999999999,-0.0022576768847796286,False
1765735817.6457925,645792256.0,0.09462371995980012,0.0001623659604223504,0.0018699355651573182,0.6086666666666666,-0.0028805392191766296,25.200000762939453,-0.9620000123977661,nan,0.49025000631809235,0.0,1.5251064575195312,-0.4908113403320312,9.215282189941405,0.0010652644360316951,0.19827234315639927,0.014647385995435809,0.5394999999999999,-0.0022576768847796286,False
1765735817.729084,729083904.0,0.1502233966821347,0.0002843557702972288,0.0025656343798201595,0.6916666666666664,-0.004572781656472198,25.200000762939453,-2.063999891281128,nan,0.5432501137256622,0.0,1.8052280517578123,-0.06703764648437499,9.988609326171874,0.056192699000671927,-0.1565938720966592,0.019840550121090324,0.5809999999999998,-0.0027133800753060397,False
1765735817.7349985,734998272.0,0.1502233966821347,0.0002843557702972288,0.0025656343798201595,0.6916666666666664,-0.004572781656472198,25.200000762939453,-2.063999891281128,nan,0.5829996019601822,0.0534267314980107,2.844311572265625,0.6153098266601562,9.057264880371093,0.008921589651765448,0.18761969879608234,0.006125270507182248,0.6639999999999998,-0.003970031179584913,False
1765735817.8137503,813750272.0,0.18543332606214546,0.00038349789419656055,0.0029385020164567122,0.7469999999999997,-0.005121303266139734,25.200000762939453,-2.063999891281128,nan,0.6227498799562454,-3.184522351910991e-06,1.9393033447265624,0.7230489013671875,10.168174450683592,0.10253170196805067,0.20559603615411717,-0.020106866230098247,0.6639999999999998,-0.003970031179584913,False
1765735817.835409,835408896.0,0.19295240703099337,0.00040559267265605214,0.0029384827914272394,0.7746666666666663,-0.0045879200282838125,25.200000762939453,-2.063999891281128,nan,0.6360004991292953,-0.0534267314980107,1.7262193969726563,-0.22026655273437498,9.514557397460937,0.005326322180158476,-0.05992112452678285,0.008655273542757524,0.7469999999999997,-0.005121303266139734,False
1765735817.8910637,891063552.0,0.2688417954113014,0.0005960732159125404,0.0016028019191661506,0.8023333333333329,-0.003546179638230655,25.200000762939453,-2.063999891281128,nan,0.6890006065368652,0.0,2.7341782958984373,-0.19153613281249998,10.417171423339843,-0.02343581759269729,-0.044341632149819316,-0.008788431597261486,0.7469999999999997,-0.005121303266139734,False
1765735817.9015172,901517056.0,0.2977267674916093,0.000636458991594091,0.0010685266548221483,0.8299999999999995,-0.002830274873122957,25.200000762939453,-2.063999891281128,nan,0.748625036329031,-0.026714161879593325,2.157175695800781,0.36152445068359373,8.202534887695313,0.04327636771378762,-0.10546117916713782,-0.005060006071150552,0.7884999999999996,-0.003546179638230655,False
1765735817.9913414,991341312.0,0.302404511822985,0.0006420820802672811,0.0012384513651783591,0.83,-0.003384093006763414,25.200000762939453,-2.063999891281128,nan,0.7883762028068304,0.026718540597827203,3.019088293457031,0.6440402465820312,9.651026892089844,0.040879522732716306,0.08388957433749601,-0.0066579027251980945,0.83,-0.003384093006763414,False
1765735818.0481853,48185344.0,0.302404511822985,0.0006420820802672811,0.0012384513651783591,0.83,-0.004395425044235499,25.200000762939453,-2.4739999771118164,nan,0.828124777879566,0.02671266913474087,1.4245499877929686,-0.46208092041015625,9.299079248046874,-0.03795004553362914,0.01731054708551505,0.0011984224905356572,0.83,-0.003384093006763414,False
1765735818.0992875,99287296.0,0.3201854979040242,0.0006634564075537752,0.0013356523450356141,0.83,-0.003638909249492712,25.200000762939453,-2.4739999771118164,nan,0.8546242639422417,-0.026716550271357258,2.7174188842773437,-0.7110778930664062,9.804255798339844,0.05179848320204118,-0.04127899689622819,-0.009853696033293181,0.83,-0.0038832878224332457,False
1765735818.1020722,102072064.0,0.32333282047506184,0.0006672397352064929,0.0012271786630765483,0.83,-0.003638909249492712,25.200000762939453,-2.4739999771118164,nan,0.8513123989105225,0.013355886743914696,1.9800047729492187,-0.11252747802734374,10.441113439941406,0.05339637985608872,0.023036343429185407,0.002663161090079238,0.83,-0.003999164243084291,False
1765735818.2226899,222689792.0,0.32333282047506184,0.0006672397352064929,0.0012271786630765483,0.83,-0.001180484473499641,25.200000762939453,-3.1429998874664307,nan,0.8678752779960632,-0.026711773487829393,0.4477157104492187,0.28730419921875,8.17141026611328,-0.020106866230098247,-0.04807005767593025,-0.028096349500335963,0.83,-0.0029359294226599243,False
1765735818.2548816,254881536.0,0.32333282047506184,0.0006672397352064929,0.0012271786630765483,0.83,0.0010905176903163874,25.200000762939453,-3.1429998874664307,nan,0.8877512067556381,-0.05342036245330688,1.1133037719726562,0.08858546142578125,9.303867651367186,0.045939528803866855,0.061385863126326434,-0.026498452846288417,0.83,-0.001180484473499641,False
1765735818.2744153,274415104.0,0.32333282047506184,0.0006672397352064929,0.0012271786630765483,0.83,0.0,25.200000762939453,-3.1429998874664307,nan,0.8612499684095383,0.0534267314980107,0.5578489868164063,-1.024718310546875,9.210493786621093,-0.02609897868277653,-0.034088461953014244,-0.015180018213451656,0.83,-0.001180484473499641,False
1765735818.3969254,396925440.0,0.3756367010968247,0.0007365381227150136,0.0016027939578604601,0.83,0.0,25.200000762939453,-3.1429998874664307,nan,0.8612499684095383,0.0534267314980107,0.5578489868164063,-1.024718310546875,9.210493786621093,-0.02609897868277653,-0.034088461953014244,-0.015180018213451656,0.83,-0.001180484473499641,False
1765735818.4465168,446516736.0,0.37865993626858474,0.000741383737896506,0.0016027939578604601,0.83,0.0,25.200000762939453,-3.1429998874664307,nan,0.8479985594749451,0.0,1.024718310546875,0.23223756103515625,9.892841259765625,0.04554005464035497,-0.007723167161229791,0.025433188410256723,0.83,0.0,False
1765735818.4732716,473271552.0,0.41733461522240756,0.0008056190084601011,0.0016028170338020862,0.83,-0.0013376751336493973,25.200000762939453,-0.9639999866485596,nan,0.8492270598459859,-0.004947261483686623,0.6272808349609375,0.21308394775390624,9.464279162597656,0.06085323090831059,-0.06178533728983833,0.04167847105974008,0.83,0.0,False
1765735818.507266,507266048.0,0.5717614777985873,0.0008991786255045375,-0.0014934447618238284,0.83,-0.003048113262779153,25.200000762939453,-0.9639999866485596,nan,0.828125,0.026711773487829393,1.0366893188476562,0.0383072265625,9.203311181640624,0.08162588741092865,0.029294771990871618,0.02170476288414579,0.83,-0.0013376751336493973,False
1765735818.5350866,535086592.0,0.8014396869512717,0.0007728752375138481,0.0012070782786216489,0.83,-0.004009386422376205,25.200000762939453,-0.9639999866485596,nan,0.8413748294115067,0.026714958010181304,1.7932570434570312,0.11013327636718749,10.93671318359375,0.017576863194522972,-0.0007989483270237714,0.03142530086293501,0.83,-0.003048113262779153,False
1765735818.5767264,576726272.0,0.844262460088022,0.0008374786307652204,0.002037137407967568,0.83,-0.004948073871048482,25.200000762939453,-0.9639999866485596,nan,0.8347499147057533,1.5922611759554956e-06,0.6009446166992187,0.028730419921875,9.634267480468749,0.03036003642690331,0.22636869265673526,0.016644756812995237,0.83,-0.003048113262779153,False
1765735818.6268384,626838272.0,0.844262460088022,0.0008374786307652204,0.002037137407967568,0.83,-0.005678654176267778,25.200000762939453,-0.9639999866485596,nan,0.8281251974403858,0.02671256961841737,-0.076614453125,-0.6631938598632812,8.180987072753906,-0.019973708175594285,-0.12330435847066873,0.03342267168049444,0.83,-0.004948073871048482,False
1765735818.6353996,635399424.0,0.8639234293400495,0.0008790821610612509,0.0021370891209450448,0.83,-0.005678654176267778,25.200000762939453,-0.9639999866485596,nan,0.821500233374536,-9.951632349721847e-07,0.9121908325195311,0.09576806640624999,9.557653027343749,0.0027963191445832,-0.23023027623735012,0.007723167161229791,0.83,-0.005481477561258295,False
1765735818.6743014,674301184.0,0.8735471276910163,0.0009011135663316017,0.0024042148111584898,0.83,-0.005777543142670759,25.200000762939453,-0.9639999866485596,nan,0.8347495198249817,0.05342991602036261,1.4413093994140624,-0.229843359375,9.289502441406249,-0.006524744670694133,-0.005060006071150552,0.014114753777419962,0.83,-0.005481477561258295,False
1765735818.7016046,701604608.0,0.9712481046102841,0.001141519774241595,0.002671352443330464,0.83,-0.00632935295666094,25.200000762939453,-0.9639999866485596,nan,0.8347495198249817,0.0,1.3168109130859373,-0.23223756103515625,9.737218151855469,0.02090581455712202,-0.019041601794066554,0.0027963191445832,0.83,-0.005777543142670759,False
1765735818.7680676,768067584.0,0.9815800078402583,0.0011705000046991487,0.0028723356211106652,0.83,-0.00632935295666094,25.200000762939453,-0.5249999761581421,nan,0.8281246051192284,-0.02671336574900535,1.7453730102539062,0.3016694091796875,9.593566052246093,0.02942793004537558,0.06884271417854831,0.0027963191445832,0.83,-0.005777543142670759,False
1765735818.8441916,844191488.0,0.9878105390867962,0.0011879761876810169,0.002671352443330464,0.83,-0.00632935295666094,25.200000762939453,-0.5249999761581421,nan,0.8281246051192284,-0.02671336574900535,0.9648632690429687,0.7206546997070312,10.110713610839843,-0.03781688747912518,0.0894822126266624,0.003062635253591124,0.83,-0.005777543142670759,False
1765735818.870348,870347776.0,0.9886070965508886,0.0011899976840966664,0.0026584532703065127,0.83,-0.002686836697168083,25.200000762939453,-0.5249999761581421,nan,0.8347499147057533,-0.02671336574900535,2.0254946044921875,-0.5913678100585937,10.682927807617187,0.0015978966540475428,-0.060187440635790776,0.011052118523828838,0.83,-0.004839944922322943,False
1765735818.9277909,927790848.0,0.9886070965508886,0.0011899976840966664,0.0026584532703065127,0.83,-0.002245229588717366,25.200000762939453,-0.5249999761581421,nan,0.8413748294115067,-0.026714958010181304,1.3239935180664062,-0.17477672119140625,9.196128576660156,-0.0391484680241648,-0.050466902657001565,0.01611212459497939,0.83,-0.002686836697168083,False
1765735818.9628918,962891776.0,1.0209354437420233,0.0012686953496954256,0.002137069217680768,0.83,-0.002245229588717366,25.200000762939453,-0.9169999957084656,nan,0.8347497172653675,-7.961305879777478e-07,1.0438719238281249,0.5363011718749999,10.244788903808594,-0.011052118523828838,0.05885586009075116,-0.0015978966540475428,0.83,-0.0022489291518687916,False
1765735818.9706037,970603520.0,1.0286698083965677,0.0012841911885143054,0.0018875761761181155,0.83,-0.0017833724777442173,25.200000762939453,-0.9169999957084656,nan,0.8314372599124908,0.013355886743914696,0.9792284790039062,-0.33039982910156246,9.153032946777342,0.014913702104443732,-0.0268979270098003,-0.002530003035575276,0.83,-0.0022489291518687916,False
1765735819.0034993,3499264.0,1.2004484916929288,0.0013352662491706302,-0.0005342819761681536,0.83,-0.007543477343460709,25.200000762939453,-0.9169999957084656,nan,0.8281247531995177,0.026712768651064367,1.8698714965820311,-0.2346317626953125,9.34696328125,0.0019973708175594286,0.09906959255094766,0.019840550121090324,0.83,-0.0017833724777442173,False
1765735819.1206546,120654592.0,1.2004484916929288,0.0013352662491706302,-0.0005342819761681536,0.83,-0.024033593832526682,25.200000762939453,-0.9169999957084656,nan,0.8248127400875092,-0.013355886743914696,0.26336218261718747,0.16998831787109375,9.866505041503906,0.07350324608618697,0.011717908796348646,0.00692421883420602,0.83,-0.022925493724461024,False
1765735819.2468212,246821120.0,1.2116028796780536,0.0013293067173776318,-0.000534281229795736,0.83,-0.02147197951291417,25.200000762939453,-0.8999999761581421,nan,0.8479993492364883,-3.184522351910991e-06,1.3479355346679687,-0.04548983154296875,9.368511096191405,-0.039414784133172724,0.02876213977285577,-0.0035952674716069714,0.83,-0.023520468786077012,False
1765735819.2752182,275218176.0,1.2116028796780536,0.0013293067173776318,-0.000534281229795736,0.83,-0.022014316750433152,25.200000762939453,-0.8999999761581421,nan,0.8479993492364883,-0.0534267314980107,1.2569558715820313,-0.7685387329101562,10.797849487304687,0.06657902725198095,-0.011052118523828838,-0.012383699068868458,0.83,-0.023520468786077012,False
1765735819.3036282,303628032.0,1.3056631650631694,0.009124288546685566,0.005732122013407284,0.83,-0.02271167121809873,25.200000762939453,-0.8999999761581421,nan,0.834750309586525,3.184522351910991e-06,0.7661445312499999,0.02154781494140625,9.397241516113281,-0.0073236929977179045,0.010519486305812991,0.01944107595757844,0.83,-0.022014316750433152,False
1765735819.3662224,366222336.0,1.4545482574308632,0.014045125531096325,0.0074943765524226975,0.8023333333333333,-0.05604500455143206,25.200000762939453,-0.8999999761581421,nan,0.8492054587060756,0.024280535423161408,0.6344634399414062,-0.18914193115234373,9.459490759277344,0.08335694211948017,-0.1303617353593787,-0.028895297827359733,0.83,-0.022014316750433152,False
1765735819.3769848,376984832.0,1.4545482574308632,0.014045125531096325,0.0074943765524226975,0.8023333333333333,-0.05604500455143206,25.200000762939453,-0.8999999761581421,nan,0.834750309586525,0.0534267314980107,0.6344634399414062,-0.18914193115234373,9.459490759277344,0.08335694211948017,-0.1303617353593787,-0.028895297827359733,0.83,-0.022014316750433152,False
1765735819.4205267,420526592.0,1.4726057519726616,0.021238470912452956,0.01529591700708223,0.7746666666666667,-0.0893783378847654,25.200000762939453,-0.8999999761581421,nan,0.8413740396499634,-0.026711773487829393,0.7278373046875,0.11731588134765625,9.725247143554688,-0.019174759848570515,0.1430117505372551,-0.001331580545039619,0.7885,-0.07271167121809874,False
1765735819.5083978,508397824.0,1.4787013939982092,0.02546293242036951,0.02006985830812267,0.83,-0.09923772905693043,25.200000762939453,-0.6639999747276306,nan,0.8426025400210042,0.02176451200414277,1.467645617675781,-0.8954314208984374,10.726023437499999,0.010918960469324876,-0.03568635860706179,0.012250541014364496,0.83,-0.10099908264910631,False
1765735819.5351725,535172352.0,1.482353315807785,0.028354983890270413,0.023410977404424313,0.83,-0.09640991849094828,25.200000762939453,-0.6639999747276306,nan,0.821499690413475,-0.0534267314980107,1.5777788940429687,-0.15083470458984374,8.836998327636719,0.01038632825130903,0.27017769258853874,-0.002530003035575276,0.83,-0.09923772905693043,False
1765735819.5720627,572062720.0,1.4994020417624965,0.03379933101318683,0.02829996413750461,0.83,-0.09545604130306681,25.200000762939453,-0.6639999747276306,nan,0.8546254485845566,-0.026714958010181304,2.2194249389648437,1.1348515869140625,10.615890161132812,0.009321063815277333,-0.18429074743348325,-0.03874899386065292,0.83,-0.09923772905693043,False
1765735819.6019125,601912320.0,1.569785011710482,0.03574439264228546,0.02667595915381167,0.83,-0.08905759150875633,25.200000762939453,-0.6639999747276306,nan,0.8413753723725677,-0.08014268467142698,1.2880804931640624,0.21308394775390624,10.192116467285155,-0.04034689051470046,0.031558458917438977,-0.07483482663122659,0.83,-0.09545604130306681,False
1765735819.6530914,653091328.0,1.6449355932439582,0.03753444161702246,0.020934841888084848,0.83,-0.0694529148967226,25.200000762939453,-0.6639999747276306,nan,0.821499789133668,-0.05342633343271671,1.4772224243164063,-0.15083470458984374,9.5001921875,-0.02343581759269729,-0.005060006071150552,-0.07057376888709982,0.83,-0.09545604130306681,False
1765735819.6803188,680318720.0,1.653016367474316,0.037701476388489974,0.020400550701129446,0.83,-0.05876306092762217,25.200000762939453,-0.6639999747276306,nan,0.8148743808269501,-0.1335652364838508,1.2042834350585936,-0.35194764404296874,10.134655627441406,-0.029028455881863695,-0.0083889574337496,-0.06671218530648491,0.83,-0.08905759150875633,False
1765735819.7310488,731048704.0,1.653016367474316,0.037701476388489974,0.020400550701129446,0.83,-0.04927000233246937,25.200000762939453,-0.38199999928474426,nan,0.8082496635615826,-0.10685425912660937,0.928950244140625,-0.3136404174804687,9.610325463867188,0.06191849534434229,0.01691107292200316,-0.06831008196053245,0.83,-0.05495782710222397,False
1765735819.7826116,782611456.0,1.6597480692717719,0.037837026864057655,0.019962661637492597,0.83,-0.04927000233246937,25.200000762939453,-0.38199999928474426,nan,0.8281253948807716,-0.08014009724701604,0.6775590698242188,-0.8858546142578124,9.617508068847656,0.033289513625990474,0.04540689658585101,-0.06191849534434229,0.83,-0.05495782710222397,False
1765735819.8258293,825829120.0,1.6597480692717719,0.037837026864057655,0.019962661637492597,0.83,-0.041964903909934785,25.200000762939453,-0.38199999928474426,nan,0.8281257897615433,-0.08013850498584009,1.4149731811523436,-0.6081272216796875,10.216058483886718,-0.011451592687340723,-0.06764429168801264,-0.03222424918995878,0.83,-0.0470215584575794,False
1765735819.8560853,856085248.0,1.6597480692717719,0.037837026864057655,0.019962661637492597,0.83,-0.03621427029872966,25.200000762939453,-0.38199999928474426,nan,0.828125,-0.080141689508192,0.9816226806640624,-0.26336218261718747,9.083601098632812,0.011984224905356573,0.04807005767593025,-0.0604537567447987,0.83,-0.041964903909934785,False
1765735819.8758194,875819264.0,1.6597480692717719,0.037837026864057655,0.019962661637492597,0.83,-0.03319296253670909,25.200000762939453,-0.38199999928474426,nan,0.8281253948807716,-0.08014009724701604,0.852335791015625,0.16519991455078123,9.03332286376953,0.005060006071150552,-0.08295746795596827,-0.034354778062022175,0.83,-0.041964903909934785,False
1765735819.9029481,902948096.0,1.7082628669277549,0.03524210941742284,0.013826563046295473,0.83,-0.02965901032118042,25.200000762939453,-0.38199999928474426,nan,0.8281248025596142,-0.08014089337760402,1.0869675537109373,-0.26815058593749996,9.258377819824219,-0.004793689962142629,-0.16405072314888106,-0.07643272328527415,0.83,-0.03319296253670909,False
1765735819.952534,952533760.0,1.7797956630548342,0.03008756157890846,0.003018818063947351,0.83,-0.026215415330863037,25.200000762939453,-0.38199999928474426,nan,0.828125,-0.080141689508192,0.8355763793945312,-0.3232172241210937,9.366116894531249,0.018642127630554665,0.0800279907568811,-0.045273738531347044,0.83,-0.02965901032118042,False
1765735820.0000427,42496.0,1.7797956630548342,0.03008756157890846,0.003018818063947351,0.83,-0.06464022697243851,25.200000762939453,-0.8320000171661377,nan,0.8347502602264285,-0.053426532465363705,0.49320554199218747,0.1484405029296875,9.107543115234375,0.018375811521546742,-0.006391586616190171,-0.055926382891664,0.83,-0.02965901032118042,False
1765735820.0021923,2192128.0,1.7797956630548342,0.03008756157890846,0.003018818063947351,0.83,-0.06464022697243851,25.200000762939453,-0.8320000171661377,nan,0.8215002457145602,9.454050732235755e-07,0.9265560424804687,-0.411802685546875,9.423577734375,0.06032059869029474,0.004127899689622819,-0.04141215495073215,0.8202301328650234,-0.05954874866419637,False
1765735820.0359416,35941376.0,1.9605382992900768,0.029181991730844237,-0.012340200303317735,0.83,-0.06271413378234217,25.200000762939453,-0.8320000171661377,nan,0.8148739859461784,-0.026716550271357258,1.3215993164062498,0.3495534423828125,9.694122521972655,-0.012250541014364496,-0.0849548387735277,-0.028096349500335963,0.8202301328650234,-0.05954874866419637,False
1765735820.0786378,78637824.0,2.083874243163959,0.04188339419666015,-0.00471450887079943,0.83,-0.0588983604343721,25.200000762939453,-0.8320000171661377,nan,0.8148752693086863,-0.08013890305113408,1.2138602416992186,-0.13407529296874998,9.674968908691406,0.02436792397422503,0.0828243099014643,-0.02942793004537558,0.83,-0.06464022697243851,False
1765735820.1667645,166764288.0,2.1001715002596324,0.041793499279050905,-0.00631728689599722,0.83,-0.05683988751224605,25.200000762939453,-0.8320000171661377,nan,0.828125,-0.026711773487829393,0.6464344482421874,0.12210428466796874,8.647856396484375,0.015845808485971467,-0.0035952674716069714,-0.027563717282320117,0.83,-0.0588983604343721,False
1765735820.1742392,174238976.0,2.1001715002596324,0.041793499279050905,-0.00631728689599722,0.83,-0.05683988751224605,25.200000762939453,-0.8320000171661377,nan,0.834750309586525,-0.0534267314980107,0.6464344482421874,0.12210428466796874,8.647856396484375,0.015845808485971467,-0.0035952674716069714,-0.027563717282320117,0.83,-0.0588983604343721,False
1765735820.2013884,201388288.0,2.216911014409856,0.040712060425964924,-0.013213400680043912,0.83,-0.04566069852316403,25.200000762939453,-0.8320000171661377,nan,0.8347487300634384,-0.053433100542714516,1.455674609375,-0.5865794067382812,9.76116016845703,-0.003062635253591124,-0.03422162000751821,-0.038482677751644996,0.83,-0.05178852086996165,False
1765735820.2396245,239624448.0,2.2387962963135006,0.04040700829022986,-0.014614266000848265,0.83,-0.04241812624431963,25.200000762939453,-0.6439999938011169,nan,0.834750309586525,-0.0534267314980107,1.2114660400390624,-0.3687070556640625,9.05965908203125,-0.033955303898510286,-0.022104237047657675,-0.01944107595757844,0.83,-0.04566069852316403,False
1765735820.3334699,333469696.0,2.258014763148511,0.04597957702542205,-0.013051235635778483,0.819098464837946,-0.10968689234767635,25.200000762939453,-0.6439999938011169,nan,0.8413756191730499,-0.026718142532533216,1.1563994018554686,0.28012159423828126,9.0788126953125,-0.034088461953014244,-0.043542683822795546,-0.017576863194522972,0.83,-0.04566069852316403,False
1765735820.3378928,337892608.0,2.258014763148511,0.04597957702542205,-0.013051235635778483,0.819098464837946,-0.10968689234767635,25.200000762939453,-0.6439999938011169,nan,0.8413756191730499,-0.026718142532533216,1.1563994018554686,0.28012159423828126,9.0788126953125,-0.034088461953014244,-0.043542683822795546,-0.017576863194522972,0.7914317981712794,-0.1090847929109863,False
1765735820.4611373,461137152.0,2.330039932343726,0.07171291085983428,-0.005344612407760887,0.83,-0.09777309547467644,25.200000762939453,-0.6439999938011169,nan,0.8148743808269501,-0.080141689508192,0.6105214233398437,-0.6655880615234374,8.89924757080078,-0.01597896654047543,0.09454221869781296,-0.06484797254342944,0.7914317981712794,-0.1090847929109863,False
1765735820.5102997,510299648.0,2.336004470094113,0.07167784556092857,-0.006159912328835304,0.83,-0.0871057762125035,25.200000762939453,-0.5220000147819519,nan,0.8757267186689992,-0.21866055652043323,0.19153613281249998,-1.3072341064453123,8.810662109374999,0.03222424918995878,0.09733853784239616,-0.0782969360483296,0.83,-0.10161191093340563,False
1765735820.5623655,562365440.0,2.34600588995772,0.07161578238305946,-0.006145997439706926,0.83,-0.07800306837539317,25.200000762939453,-0.5220000147819519,nan,0.8281242102384567,-0.08013850498584009,0.9504980590820312,-0.5434837768554687,9.91438907470703,0.05499427651013627,-0.19281286292173686,-0.08175904546543261,0.83,-0.0871057762125035,False
1765735820.6270926,627092480.0,2.350532028132487,0.07158615059226042,-0.006584040249229322,0.83,-0.07302662337288826,25.200000762939453,-0.5220000147819519,nan,0.821499690413475,-0.0534267314980107,1.675941162109375,-0.4213794921875,10.467449658203124,0.044341632149819316,-0.010120012142301104,-0.056592173164183815,0.83,-0.0871057762125035,False
1765735820.6596894,659689216.0,2.350532028132487,0.07158615059226042,-0.006584040249229322,0.83,-0.10034648314422816,25.200000762939453,-0.5220000147819519,nan,0.8082502065226436,-0.053428522791833646,0.6703764648437499,0.33758243408203126,8.8872765625,-0.03954794218767669,0.12050803932608552,-0.03981425829668461,0.83,-0.07764700440738606,False
1765735820.6791086,679108608.0,2.350532028132487,0.07158615059226042,-0.006584040249229322,0.83,-0.10273657034139652,25.200000762939453,-0.5220000147819519,nan,0.8082489601802081,-0.10685072629712522,1.120486376953125,-0.4525041137695312,10.232817895507813,-0.08881642235414258,-0.09147958344422183,-0.03781688747912518,0.83,-0.07764700440738606,False
1765735820.7616642,761664000.0,2.350532028132487,0.07158615059226042,-0.006584040249229322,0.83,-0.08535011548869674,25.200000762939453,-0.5220000147819519,nan,0.8314375560730696,-0.06678460856839534,0.967257470703125,0.13168109130859373,8.813056311035156,0.014514227940931847,-0.005326322180158476,-0.04048004856920442,0.83,-0.10273657034139652,False
1765735820.7850676,785067520.0,2.350532028132487,0.07158615059226042,-0.006584040249229322,0.83,-0.08535011548869674,25.200000762939453,-0.37299999594688416,nan,0.8413748294115067,-0.08013850498584009,1.235408056640625,0.7278373046875,9.552864624023437,-0.011851066850852611,-0.06111954701731851,-0.04833637378493817,0.83,-0.09776334005525036,False
1765735821.0251179,25117696.0,2.350532028132487,0.07158615059226042,-0.006584040249229322,0.83,-0.08535011548869674,25.200000762939453,-0.37299999594688416,nan,0.8215000852942467,-0.10685505525719735,1.0941501586914062,-0.06943184814453125,9.53131680908203,0.05912217619975908,-0.052064799311049105,-0.06777744974251661,0.83,-0.09776334005525036,False
1765735821.1020136,102013440.0,2.350532028132487,0.07158615059226042,-0.006584040249229322,0.83,-0.09787933919440399,25.200000762939453,-0.7289999723434448,nan,0.8281257897615433,-0.08013850498584009,0.4381389038085937,0.3711012573242187,10.199299072265624,0.021837920938649752,0.010120012142301104,-0.05685848927319174,0.83,-0.10328684768211224,False
1765735821.1679783,167978240.0,2.350532028132487,0.07158615059226042,-0.006584040249229322,0.83,-0.08685265930134557,25.200000762939453,-0.7289999723434448,nan,0.8215004801750183,-0.053423546975658785,-0.1388636962890625,0.5219359619140624,9.588777648925781,0.008788431597261486,0.03688478109759745,-0.07257113970465924,0.83,-0.09787933919440399,False
1765735821.244935,244934912.0,2.4892394821195483,0.06944118138521885,-0.023645488299680644,0.83,-0.07353048299741805,25.200000762939453,-0.44699999690055847,nan,0.8413748294115067,-0.026714958010181304,1.3048399047851562,0.6703764648437499,9.466673364257812,0.0015978966540475428,-0.06351639199838983,-0.0832237840649762,0.83,-0.07849321870476376,False
1765735821.3609436,360943360.0,2.4892394821195483,0.06944118138521885,-0.023645488299680644,0.83,-0.06668634203638554,25.200000762939453,-0.44699999690055847,nan,0.8347495198249817,-0.10684709395131757,0.6488286499023437,-0.8020575561523438,9.038111267089842,0.060986388962814546,-0.0006657902725198095,-0.06351639199838983,0.83,-0.07849321870476376,False
1765735821.3786817,378681600.0,2.4892394821195483,0.06944118138521885,-0.023645488299680644,0.83,-0.023377320739860166,25.200000762939453,-0.44699999690055847,nan,0.8281242102384567,-0.08013850498584009,1.3144167114257812,-0.06943184814453125,10.072406384277343,-0.003728425526110933,-0.16684704229346428,-0.0464721610218827,0.83,-0.048544873414825475,False
1765735821.5206366,520636416.0,2.590518691738361,0.08451345280281738,-0.023680178659388238,0.83,0.0035491474117909103,25.200000762939453,-0.6389999985694885,nan,0.8281257897615433,-0.0801448740305439,-0.10295067138671875,0.229843359375,8.9255837890625,0.025566346464760685,-0.03475425222553406,-0.015446334322459582,0.83,-0.002193789359358749,False
1765735821.5739625,573962240.0,2.6949098785127026,0.08140178257218572,-0.033317800506612344,0.83,0.008359208403031526,25.200000762939453,-0.6389999985694885,nan,0.8281246051192284,-0.02671336574900535,0.5865794067382812,0.15083470458984374,9.303867651367186,0.0335558297349984,0.0111852765783328,-0.031558458917438977,0.83,0.0035491474117909103,False
1765735821.6547568,654756608.0,2.6949098785127026,0.08140178257218572,-0.033317800506612344,0.83,0.0072920694983274305,25.200000762939453,-0.6389999985694885,nan,0.8215002827346325,-7.961305879777478e-07,1.2761094848632812,-0.2154781494140625,9.141061938476563,0.03874899386065292,0.037550571370117254,-0.005193164125654515,0.83,0.013650115436052702,False
1765735821.6977398,697739776.0,2.6949098785127026,0.08140178257218572,-0.033317800506612344,0.83,0.014300674669715704,25.200000762939453,-0.6299999952316284,nan,0.8281247593695298,-0.02671274377198349,0.4165910888671875,-0.0143652099609375,9.449913952636718,0.014381069886427886,0.024501082028728992,-0.006391586616190171,0.83,0.010783781880687623,False
1765735821.7268245,726824448.0,2.6949098785127026,0.08140178257218572,-0.033317800506612344,0.83,0.014300674669715704,25.200000762939453,-0.6299999952316284,nan,0.8214997582836077,-0.05342645782812108,0.7230489013671875,-0.36152445068359373,9.595960253906249,-0.009454221869781294,-0.10293117613156255,0.003062635253591124,0.83,0.010783781880687623,False
1765735821.7382853,738285312.0,2.9515507663408647,0.09412568517956679,-0.03526755174314089,0.83,0.019314041821934278,25.200000762939453,-0.6299999952316284,nan,0.8413750268518925,-0.026714161879593325,0.6272808349609375,-0.13168109130859373,9.227253198242186,-0.00972053797878922,-0.035952674716069714,-0.005725796343670361,0.83,0.014300674669715704,False
1765735821.7753909,775390720.0,3.0174983417712324,0.09156831810155058,-0.0426978850623917,0.83,0.023786518771929995,25.200000762939453,-0.6299999952316284,nan,0.8347497172653675,7.961305879777478e-07,1.2832920898437499,-0.27293898925781246,10.184933862304687,0.03275688140797463,-0.06617955308846907,-0.010519486305812991,0.83,0.014300674669715704,False
1765735821.8404174,840417280.0,3.089026420935416,0.08733838793549942,-0.05188549472023625,0.83,0.03350694219607173,25.200000762939453,-0.6299999952316284,nan,0.8215000852942467,1.5922611759554956e-06,1.139639990234375,0.2705447875976562,9.325415466308593,0.017044230976507122,-0.04727110934890648,0.01344896350490015,0.83,0.023786518771929995,False
1765735821.8754182,875418112.0,3.089026420935416,0.08733838793549942,-0.05188549472023625,0.83,0.03710536298559127,25.200000762939453,-0.6299999952316284,nan,0.8215004801750183,0.0,0.9792284790039062,0.45010991210937495,9.595960253906249,0.05099953487501741,0.009587379924285258,-0.003728425526110933,0.83,0.02841302019962651,False
1765735821.9048223,904822272.0,3.089026420935416,0.08733838793549942,-0.05188549472023625,0.83,0.04071426594582906,25.200000762939453,-0.6299999952316284,nan,0.8347495198249817,0.0,0.6943184814453125,0.2657563842773437,8.954314208984375,-0.023036343429185407,-0.022903185374681445,0.014381069886427886,0.83,0.03710536298559127,False
1765735821.968832,968832000.0,3.089026420935416,0.08733838793549942,-0.05188549472023625,0.83,0.02675636442044883,25.200000762939453,-0.6299999952316284,nan,0.8215002827346325,7.961305879777478e-07,1.1635820068359375,-0.316034619140625,10.067617980957031,0.0010652644360316951,-0.10785802414820914,0.010652644360316953,0.83,0.04071426594582906,False
1765735822.0142207,14220544.0,3.167616393738042,0.07687147193986121,-0.06743539958945767,0.83,-0.006576968912884503,25.200000762939453,-0.5820000171661377,nan,0.8281248025596142,0.02671256961841737,1.0630255371093749,0.0143652099609375,10.692504614257812,0.01478054404993977,-0.08708536764559109,0.022104237047657675,0.83,-0.0065769689128845,False
1765735822.0666971,66696960.0,3.3213755770244138,0.07011373808112431,-0.07373618848045588,0.83,-0.029949647302826406,25.200000762939453,-0.5820000171661377,nan,0.8214994929730892,-2.3883917639332433e-06,0.5506663818359374,-0.181959326171875,8.564059338378906,0.041012680787220264,-0.03608583277057368,0.004527373853134705,0.83,-0.0065769689128845,False
1765735822.0706232,70622976.0,3.3213755770244138,0.07011373808112431,-0.07373618848045588,0.83,-0.029949647302826406,25.200000762939453,-0.5820000171661377,nan,0.8214994929730892,-2.3883917639332433e-06,0.5506663818359374,-0.181959326171875,8.564059338378906,0.041012680787220264,-0.03608583277057368,0.004527373853134705,0.83,-0.03285322532536484,False
1765735822.124002,124001792.0,3.393488929920278,0.06712810496474914,-0.07417317469025646,0.83,-0.029949647302826406,25.200000762939453,-0.5820000171661377,nan,0.8347499147057533,-1.5922611759554956e-06,2.0183119995117185,0.3950432739257812,9.198522778320312,-0.024501082028728992,-0.07416903635870678,0.012916331286884304,0.83,-0.03285322532536484,False
1765735822.1601872,160187136.0,3.4651462980970296,0.06189571076410799,-0.07563308232259455,0.83,-0.024331144152339442,25.200000762939453,-0.5820000171661377,nan,0.8215004801750183,0.0,1.3623007446289062,-0.2537853759765625,9.696516723632811,-0.035819516661565756,-0.07510114274023451,-0.01251685712337242,0.83,-0.02795527428643189,False
1765735822.171419,171418880.0,3.504831730031249,0.05888112563573211,-0.07590023985803081,0.83,-0.021485444897786244,25.200000762939453,-0.5820000171661377,nan,0.8359772304344792,0.004950446006038534,1.3072341064453123,0.00718260498046875,9.660603698730467,-0.005459480234662438,-0.03036003642690331,-0.023835291756209184,0.83,-0.02795527428643189,False
1765735822.2014215,201421312.0,3.596699543360483,0.051842521864151725,-0.07696876650280177,0.83,-0.015761220720919747,25.200000762939453,-0.5820000171661377,nan,0.8281234204769135,-0.026718142532533216,1.3359645263671873,-0.5698199951171875,9.6151138671875,-0.021172130666129944,0.015046860158947694,0.009454221869781294,0.83,-0.021485444897786244,False
1765735822.267932,267931904.0,3.638449583583408,0.06431854667726794,-0.06879943363102835,0.8023333333333333,-0.07351084817692552,25.200000762939453,-0.6100000143051147,nan,0.8215004801750183,0.0,0.4429273071289062,0.44532150878906246,9.4618849609375,0.08801747402711882,-0.03781688747912518,-0.018375811521546742,0.83,-0.015761220720919747,False
1765735822.3017116,301711360.0,3.7656734115790336,0.07428198352689769,-0.057206228734070094,0.8259913165086123,-0.10266343959180761,25.200000762939453,-0.6100000143051147,nan,0.8413740396499634,-0.026711773487829393,1.9009961181640624,0.1388636962890625,9.686939916992188,0.015712650431467506,-0.09880327644193974,0.022903185374681445,0.8023333333333333,-0.06576122072091975,False
1765735822.386208,386208000.0,3.7656734115790336,0.07428198352689769,-0.057206228734070094,0.785327458409935,-0.10576159480648045,25.200000762939453,-0.6100000143051147,nan,0.8082482814788818,0.0,1.139639990234375,0.16519991455078123,10.16338604736328,0.09587379924285258,-0.04181162911424404,-0.019707392066586362,0.8259913165086123,-0.10266343959180761,False
1765735822.434829,434828800.0,3.847278639654977,0.06956718204326384,-0.05842239700080387,0.7576607917432684,-0.10603769887070369,25.200000762939453,-0.6100000143051147,nan,0.846527847978804,-0.08904632167576879,2.384624853515625,-0.40462008056640625,10.735600244140624,-0.05486111845563231,-0.22357237351215203,-0.0335558297349984,0.785327458409935,-0.10576159480648045,False
1765735822.482883,482882816.0,3.940531015769108,0.10056073031598825,-0.03937882035254208,0.7177102241886637,-0.10546175485513848,25.200000762939453,-0.5879999995231628,nan,0.7552505433559418,-0.1068534629960214,0.9193734375,0.55545478515625,9.315838659667968,0.09853696033293181,0.13875069279312832,-0.09773801200590805,0.7576607917432684,-0.10603769887070369,False
1765735822.5337515,533751296.0,3.940531015769108,0.10056073031598825,-0.03937882035254208,0.672106648002009,-0.10481377495859874,25.200000762939453,-0.5879999995231628,nan,0.7949992418289185,-0.160283379016384,0.622492431640625,0.21308394775390624,9.53131680908203,-0.07470166857672263,0.0346210941710301,-0.04633900296737874,0.6909848121429503,-0.10368830249938378,False
1765735822.5667913,566791168.0,3.940531015769108,0.10056073031598825,-0.03937882035254208,0.672106648002009,-0.10481377495859874,25.200000762939453,-0.5879999995231628,nan,0.7949992418289185,-0.160283379016384,0.622492431640625,0.21308394775390624,9.53131680908203,-0.07470166857672263,0.0346210941710301,-0.04633900296737874,0.6909848121429503,-0.10368830249938378,False
1765735822.5816329,581632768.0,3.940531015769108,0.10056073031598825,-0.03937882035254208,0.672106648002009,-0.10481377495859874,25.200000762939453,-0.5879999995231628,nan,0.7817494124174118,-0.10685027847366949,0.7110778930664062,-0.00718260498046875,9.749189160156249,0.05912217619975908,-0.048203215730434214,-0.08628641931856731,0.6909848121429503,-0.10368830249938378,False
1765735822.6322057,632205568.0,3.940531015769108,0.10056073031598825,-0.03937882035254208,0.62567094540587,-0.13665687338419008,25.200000762939453,-0.5879999995231628,nan,0.7287500947713852,-0.0534267314980107,0.9097966308593749,-0.42377369384765623,9.670180505371093,0.10479538889461802,0.16258598454933748,-0.09773801200590805,0.6533376120725366,-0.10332354005085674,False
1765735822.6409254,640925184.0,3.940531015769108,0.10056073031598825,-0.03937882035254208,0.618586753074548,-0.16731954317444753,25.200000762939453,-0.5879999995231628,nan,0.7088749557733536,-0.0534267314980107,-0.1197100830078125,-0.033518823242187495,9.83777462158203,-0.030493194481407273,0.05086637682051345,-0.040879522732716306,0.62567094540587,-0.13665687338419008,False
1765735822.6745272,674526976.0,4.097778717370388,0.09370636637695251,-0.050294120680182186,0.6019563519393629,-0.16836773230320143,25.200000762939453,-0.5879999995231628,nan,0.6823750995099545,-0.13356921713679068,-0.3806780639648437,-0.7685387329101562,8.748412866210938,-0.05299690569257683,-0.24727450721385727,-0.08269115184696034,0.62567094540587,-0.13665687338419008,False
1765735822.7079396,707939584.0,4.099260272937445,0.09363139317004959,-0.05039725134774596,0.5806203193975212,-0.1664610377954357,25.200000762939453,-0.19699999690055847,nan,0.6757494937628508,-0.053425537302128734,0.5363011718749999,0.296881005859375,10.321403356933594,0.03608583277057368,-0.2209092124220728,-0.0982706442239239,0.6019563519393629,-0.16836773230320143,False
1765735822.7898798,789879808.0,4.099260272937445,0.09363139317004959,-0.05039725134774596,0.5650815114782006,-0.16476842538266315,25.200000762939453,-0.19699999690055847,nan,0.6227504722774029,-0.160284175146972,0.3280056274414062,-0.36391865234375,9.871293444824218,0.05552690872815212,0.15752597847818695,-0.12170646181662118,0.5806203193975212,-0.1664610377954357,False
1765735822.8205683,820568320.0,4.099260272937445,0.09363139317004959,-0.05039725134774596,0.5349826357256086,-0.15950801227280265,25.200000762939453,-0.19699999690055847,nan,0.5896252077072859,-0.13357041133267264,-0.1580173095703125,0.40940848388671874,9.167398156738281,-0.040080574405692536,-0.17763284470828516,-0.10133327947751501,0.5497595352866271,-0.16219175580018072,False
1765735822.8645098,864509696.0,4.099260272937445,0.09363139317004959,-0.05039725134774596,0.5068459436899756,-0.15563470924914985,25.200000762939453,-0.19699999690055847,nan,0.5796873420476913,-0.1469243077501174,0.5985504150390625,0.0,9.107543115234375,0.0038615835806148956,0.015313176267955617,-0.11132013356531216,0.5497595352866271,-0.16219175580018072,False
1765735822.9286256,928625408.0,4.128280260298769,0.09214936018399039,-0.05269837131168871,0.5068459436899756,-0.15563470924914985,25.200000762939453,-0.19699999690055847,nan,0.5299998894333839,-0.16028178675520804,1.0366893188476562,0.3112462158203125,10.251971508789062,-0.03275688140797463,-0.12809804843281136,-0.11105381745630424,0.5349826357256086,-0.15950801227280265,False
1765735822.9604697,960469504.0,4.1305871474712,0.09202675134400468,-0.05294137542569008,0.47554167827997157,-0.14906588644433116,25.200000762939453,-0.19699999690055847,nan,0.5366251990199089,-0.13357001326737866,0.21068974609375,-0.28012159423828126,8.37012900390625,-0.06351639199838983,0.048203215730434214,-0.09374327037078917,0.49321325296976465,-0.15321569239530872,False
1765735823.0356913,35691264.0,4.1305871474712,0.09202675134400468,-0.05294137542569008,0.45936173411510467,-0.12473334187312554,25.200000762939453,0.05000000074505806,nan,0.483625091612339,-0.02671336574900535,0.6392518432617187,-0.7493851196289062,8.84178673095703,-0.03422162000751821,0.0042610577441267805,-0.07949535853886526,0.49321325296976465,-0.15321569239530872,False
1765735823.0844996,84499456.0,4.198676930683759,0.11367163084083654,-0.05386277205582763,0.4137107857443723,-0.10501929244193474,25.200000762939453,0.05000000074505806,nan,0.4769999301061034,-0.16028238385314902,0.411802685546875,0.3447650390625,7.589619262695312,0.058190069818231355,0.04460794825882724,-0.0929443220437654,0.441091731117213,-0.10918148505579939,False
1765735823.145847,145847040.0,4.214979129352727,0.11277425904676602,-0.056628060134353876,0.3922531066199031,-0.1030467856382086,25.200000762939453,0.05000000074505806,nan,0.4438746531959623,-0.08014263491326523,-0.7829039428710937,-0.19632453613281248,9.955090502929687,-0.05712480538219966,-0.17776600276278914,-0.06245112756235814,0.4137107857443723,-0.10501929244193474,False
1765735823.1992662,199266048.0,4.256562418111666,0.11026343686234952,-0.06447864197475849,0.3787517654329307,-0.10130950233960113,25.200000762939453,0.05000000074505806,nan,0.3974994234740734,-0.05342911988977463,0.25139117431640623,-0.5458779785156249,9.548076220703125,0.0167779148674992,-0.18122811217989215,-0.06471481448892549,0.4028450341898892,-0.10427159683857075,False
1765735823.2021618,202161664.0,4.256562418111666,0.11026343686234952,-0.06447864197475849,0.3690915758988062,-0.0985839348640406,25.200000762939453,0.05000000074505806,nan,0.3908754959702492,-0.13356682874502673,1.3311761230468748,-0.5626373901367188,8.930372192382812,0.01344896350490015,-0.03209109113545482,-0.04993427043898572,0.3787517654329307,-0.10130950233960113,False
1765735823.2359235,235923456.0,4.294275022119397,0.10765764086993895,-0.07332132128459677,0.36015788543649274,-0.09509116520056314,25.200000762939453,-0.2809999883174896,nan,0.3842501863837242,1.5922611759554956e-06,0.4860229370117187,0.15083470458984374,8.173804467773436,0.0447411063133312,-0.04580637074936289,-0.056192699000671927,0.3787517654329307,-0.10130950233960113,False
1765735823.284277,284276736.0,4.391970663729649,0.09303050060824053,-0.1060365819536506,0.352987804390987,-0.06704756791480326,25.200000762939453,-0.2809999883174896,nan,0.3544375766068697,-0.06678460856839534,-0.43574470214843747,-0.3806780639648437,10.46984385986328,0.045939528803866855,0.12703278399677967,-0.061652179235334365,0.3690915758988062,-0.0985839348640406,False
1765735823.3140926,314092544.0,4.392244219486029,0.09300134753167932,-0.10605177755743982,0.345619250534099,-0.05388079244963076,25.200000762939453,-0.2809999883174896,nan,0.4041249305009842,-0.1335684210062027,0.7948749511718749,0.0143652099609375,7.536946826171874,0.024101607865217107,-0.05073321876600949,-0.05086637682051345,0.352987804390987,-0.06704756791480326,False
1765735823.341657,341656832.0,4.392244219486029,0.09300134753167932,-0.10605177755743982,0.3399585058972664,-0.05343888099046149,25.200000762939453,-0.2809999883174896,nan,0.324625164270401,-0.026711773487829393,1.350329736328125,0.00718260498046875,9.560047229003906,0.02783003339132804,-0.13728595419358475,-0.06378270810739775,0.345619250534099,-0.05388079244963076,False
1765735823.3779516,377951488.0,4.468062182955018,0.08435694198029045,-0.12099623760679556,0.33127468014029854,-0.051228578013235264,25.200000762939453,-0.2809999883174896,nan,0.32462457194924355,-0.026715754140769283,1.2761094848632812,-0.023942016601562498,9.409212524414063,0.005459480234662438,0.030759510590415203,-0.0486026898939461,0.345619250534099,-0.05388079244963076,False
1765735823.4014351,401435136.0,4.478552150976201,0.08306868213291962,-0.12335811431055416,0.3149507958375172,-0.04887628025715464,25.200000762939453,-0.2809999883174896,nan,0.3180002495646477,-0.05342832375918665,1.388636962890625,0.6751648681640625,9.567229833984374,0.045939528803866855,-0.017976337358034857,-0.061385863126326434,0.33127468014029854,-0.051228578013235264,False
1765735823.440532,440531968.0,4.4990630228771735,0.07716638897650244,-0.1306114721709762,0.30692584133460876,-0.046543167300335454,25.200000762939453,-0.2809999883174896,nan,0.29149940609931946,-0.05342991602036261,1.2018892333984375,0.33039982910156246,9.619902270507811,0.02436792397422503,-0.03608583277057368,-0.05965480841777493,0.3149507958375172,-0.04887628025715464,False
1765735823.5439794,543979264.0,4.544770652708337,0.06619568782046564,-0.14341855385322286,0.2837842121665934,-0.03978656301389545,25.200000762939453,-0.4429999887943268,nan,0.3180014342069626,3.184522351910991e-06,0.8259995727539062,0.0430956298828125,9.157821350097656,-0.007057376888709981,-0.011717908796348646,-0.06697850141549283,0.3149507958375172,-0.04887628025715464,False
1765735823.5723648,572364800.0,4.565569837006969,0.0631673096908863,-0.14612474714862997,0.27680280807657665,-0.03855933622468879,25.200000762939453,-0.4429999887943268,nan,0.31137533485889435,-0.026714958010181304,-0.076614453125,-0.14604630126953125,9.373299499511718,-0.013049489341388266,-0.08175904546543261,-0.045273738531347044,0.2916998821369093,-0.04306373917286413,False
1765735823.634399,634398720.0,4.565569837006969,0.0631673096908863,-0.14612474714862997,0.2214694747432433,0.028107330441977878,25.200000762939453,-0.4429999887943268,nan,0.2782503664493561,-0.1068534629960214,0.6368576416015624,-0.4070142822265625,10.797849487304687,0.00972053797878922,-0.11917645878104591,-0.04487426436783516,0.27680280807657665,-0.03855933622468879,False
1765735823.6430063,643006208.0,4.565569837006969,0.0631673096908863,-0.14612474714862997,0.2214694747432433,0.028107330441977878,25.200000762939453,-0.4429999887943268,nan,0.2782503664493561,-0.1068534629960214,0.6368576416015624,-0.4070142822265625,10.797849487304687,0.00972053797878922,-0.11917645878104591,-0.04487426436783516,0.27680280807657665,-0.03855933622468879,False
1765735823.6781867,678186496.0,4.565569837006969,0.0631673096908863,-0.14612474714862997,0.19380280807657663,0.06144066377531121,25.200000762939453,-0.4429999887943268,nan,0.25837601721286774,-0.08013850498584009,0.5243301635742187,0.5458779785156249,9.13627353515625,-0.0049268480166465905,-0.0950748509158288,-0.032490565298966705,0.24913614140990997,-0.005226002891355455,False
1765735823.7313876,731387392.0,4.598149086243879,0.058252016720161615,-0.15316387398750314,0.13846947474324328,0.12810733044197786,25.200000762939453,-0.17599999904632568,nan,0.1987506002187729,0.0534267314980107,1.218648645019531,-0.2537853759765625,10.242394702148436,0.058190069818231355,0.19134812432219325,-0.04114583884172423,0.16613614140991,0.09477399710864454,False
1765735823.7665942,766594048.0,4.6038961709192,0.05180363756705686,-0.1588470989878631,0.13846947474324328,0.12810733044197786,25.200000762939453,-0.17599999904632568,nan,0.25837522745132446,-0.026711773487829393,0.277727392578125,-0.0909796630859375,9.672574707031249,0.03954794218767669,0.19041601794066554,-0.024501082028728992,0.16613614140991,0.09477399710864454,False
1765735823.7818942,781894144.0,4.6038961709192,0.05180363756705686,-0.1588470989878631,0.16170016784562127,0.1614406637753112,25.200000762939453,-0.17599999904632568,nan,0.25837522745132446,-0.026711773487829393,0.277727392578125,-0.0909796630859375,9.672574707031249,0.03954794218767669,0.19041601794066554,-0.024501082028728992,0.16613614140991,0.09477399710864454,False
1765735823.8760657,876065536.0,4.604086822245249,0.048257227197024855,-0.16158029416176342,0.21966859287104443,0.24678965225612864,25.200000762939453,-0.17599999904632568,nan,0.1523750126361847,0.080141689508192,0.14604630126953125,-0.3806780639648437,9.991003527832031,-0.019041601794066554,-0.07643272328527415,0.008788431597261486,0.16170016784562127,0.14477399710864453,False
1765735823.9134305,913430272.0,4.60437040274297,0.04003299894930712,-0.1679076715551829,0.21966859287104443,0.24678965225612864,25.200000762939453,-0.17599999904632568,nan,0.145750492811203,0.05342991602036261,0.17956512451171874,-0.14604630126953125,8.801085302734375,0.04807005767593025,0.022104237047657675,-0.004527373853134705,0.21966859287104443,0.2447739971086445,False
1765735823.9369915,936991232.0,4.620207318597947,0.01652260640754466,-0.18733809516423633,0.19888381734080704,0.23566442420230208,25.200000762939453,-0.17599999904632568,nan,0.178874671459198,0.026711773487829393,1.0797849487304687,0.258573779296875,8.535328918457031,0.02343581759269729,-0.15113439186199676,0.11171960772882404,0.212111379758167,0.2417649875630454,False
1765735824.0368667,36866560.0,4.6444797919710386,0.01189718470515344,-0.18848225660416018,0.17255726586537398,0.22026598767131608,25.200000762939453,-0.12700000405311584,nan,0.18549998104572296,0.16028019449403208,2.0278888061523435,0.1580173095703125,9.885658654785155,0.023835291756209184,-0.2884203460555815,0.11305118827386366,0.212111379758167,0.2417649875630454,False
1765735824.0765197,76519680.0,4.672075822249445,0.006741575451746973,-0.1785034942372709,0.0,0.0,25.200000762939453,-0.12700000405311584,nan,0.13912439346313477,0.1335716055285546,-0.0047884033203125,-0.24181436767578124,8.022969763183593,0.0223705531566656,0.02676476895529634,0.11771172018150232,0.18083879682532936,0.22515681684159092,False
