sec,nsec,x,y,yaw,map_x,map_y,map_yaw,map_pose_valid,v_real,w_real,v_now,w_now,v_cmd,w_cmd,v_nav,w_nav,vx_real,vy_real,vx_now,vy_now,vx_cmd,vy_cmd,vx_nav,vy_nav,velocity_violation,curvature,dw_vx_max,dw_vx_min,dw_vy_max,dw_vy_min,dw_w_max,dw_w_min,v_reg,lookahead_dist,lookahead_yaw,is_accel
1772480193,389310507,0.077006,-1.951203,2.449985,-1.407316,-0.434577,-1.298336,1,0.000000,0.001217,0.000000,0.000000,0.311127,0.000451,0.007356,0.000451,0.000000,0.000000,0.000000,0.000000,0.311126,-0.000578,0.007333,-0.000578,1,-0.011255,0.007333,-0.007333,0.007333,-0.007333,0.020000,-0.020000,0.311127,0.330000,0.000478,1
1772480193,414302117,0.077618,-1.949547,2.450679,-1.408763,-0.435589,-1.297642,1,0.000000,0.001846,0.311127,0.000451,0.311127,-0.000204,0.220001,-0.000204,0.000000,0.000000,0.311126,-0.000578,0.311126,0.000777,0.220000,0.000777,1,0.015143,0.220000,0.220000,0.006756,-0.007911,0.020451,-0.019549,0.311127,0.330000,-0.000216,1
1772480193,439279010,0.077257,-1.951635,2.450068,-1.407276,-0.434079,-1.298252,1,0.015284,0.018297,0.311127,-0.000204,0.311127,0.000372,0.220001,0.000372,0.015284,0.000000,0.311126,0.000777,0.311126,-0.000767,0.220000,-0.000767,1,-0.014937,0.220000,0.220000,0.008111,-0.006556,0.019796,-0.020204,0.311127,0.330000,0.000395,1
1772480193,489278942,0.076398,-1.948335,2.450324,-1.408452,-0.437280,-1.297997,1,0.014795,0.001349,0.311127,0.000372,0.311127,0.000131,0.220002,0.000131,0.014795,0.000000,0.311126,-0.000767,0.311125,0.001035,0.220000,0.001035,1,0.020165,0.220000,0.220000,0.006567,-0.008100,0.020372,-0.019628,0.311127,0.330000,0.000139,1
1772480193,514368730,0.076120,-1.951257,2.449426,-1.406557,-0.435039,-1.298894,1,0.022543,-0.006775,0.311127,0.000131,0.311127,0.000978,0.220002,0.000978,0.022543,0.000000,0.311125,0.001035,0.311125,-0.000975,0.220000,-0.000975,1,-0.019000,0.220000,0.220000,0.008369,-0.006298,0.020131,-0.019869,0.311127,0.330000,0.001037,1
1772480193,539352633,0.076827,-1.950404,2.449813,-1.407624,-0.435336,-1.298508,1,0.038116,0.010408,0.311127,0.000978,0.311127,0.000613,0.220000,0.000613,0.038100,-0.001125,0.311125,-0.000975,0.311127,-0.000052,0.220000,-0.000052,1,-0.001012,0.220000,0.220000,0.006358,-0.008309,0.020978,-0.019022,0.311127,0.330000,0.000650,1
1772480193,589349814,0.075130,-1.948872,2.450742,-1.407103,-0.437562,-1.297579,1,0.037103,0.000000,0.311127,0.000613,0.311127,-0.000263,0.220000,-0.000263,0.037103,0.000000,0.311127,-0.000052,0.311127,-0.000248,0.220000,-0.000248,1,-0.004825,0.220000,0.220000,0.007281,-0.007385,0.020613,-0.019387,0.311127,0.330000,-0.000279,1
1772480193,614435139,0.073893,-1.947215,2.450940,-1.407032,-0.439629,-1.297381,1,0.044072,0.007194,0.311127,-0.000263,0.311127,-0.000449,0.220000,-0.000449,0.044072,0.000000,0.311127,-0.000248,0.311127,0.000151,0.220000,0.000151,1,0.002942,0.220000,0.220000,0.007086,-0.007581,0.019737,-0.020263,0.311127,0.330000,-0.000477,1
1772480193,664412659,0.072047,-1.945517,2.451110,-1.406484,-0.442076,-1.297210,1,0.059624,0.031501,0.311127,-0.000449,0.311127,-0.000610,0.220000,-0.000610,0.059624,0.000000,0.311127,0.000151,0.311127,0.000223,0.220000,0.000223,1,0.004347,0.220000,0.220000,0.007484,-0.007182,0.019551,-0.020449,0.311127,0.330000,-0.000647,1
1772480193,689445742,0.071208,-1.945055,2.450944,-1.406058,-0.442934,-1.297377,1,0.058979,0.000000,0.311127,-0.000610,0.311127,-0.000453,0.220000,-0.000453,0.058979,0.000000,0.311127,0.000223,0.311127,0.000106,0.220000,0.000106,1,0.002070,0.220000,0.220000,0.007557,-0.007110,0.019390,-0.020610,0.311127,0.330000,-0.000480,1
1772480193,714450484,0.070577,-1.943291,2.451317,-1.406546,-0.444743,-1.297004,1,0.075502,0.001585,0.311127,-0.000453,0.311127,-0.000805,0.220002,-0.000805,0.075502,0.000000,0.311127,0.000106,0.311126,0.000892,0.220000,0.000892,1,0.017381,0.220000,0.220000,0.007440,-0.007227,0.019547,-0.020453,0.311127,0.330000,-0.000854,1
1772480193,739474897,0.068119,-1.942467,2.451249,-1.404996,-0.446821,-1.297072,1,0.082300,0.018304,0.311127,-0.000805,0.311127,-0.000741,0.220000,-0.000741,0.082289,0.001378,0.311126,0.000892,0.311127,0.000034,0.220000,0.000034,1,0.000667,0.220000,0.220000,0.008226,-0.006441,0.019195,-0.020805,0.311127,0.330000,-0.000786,1
1772480193,789463348,0.064955,-1.941447,2.450413,-1.402978,-0.449464,-1.297907,1,0.081000,0.009170,0.311127,-0.000741,0.311127,0.000047,0.220002,0.000047,0.080988,0.001389,0.311127,0.000034,0.311126,-0.000866,0.220000,-0.000866,1,-0.016865,0.220000,0.220000,0.007368,-0.007299,0.019259,-0.020741,0.311127,0.330000,0.000050,1
1772480193,814542954,0.064307,-1.938409,2.451390,-1.404178,-0.452329,-1.296931,1,0.097216,-0.015019,0.311127,0.000047,0.311127,-0.000874,0.220001,-0.000874,0.097207,-0.001296,0.311126,-0.000866,0.311126,0.000648,0.220000,0.000648,1,0.012625,0.220000,0.220000,0.006468,-0.008199,0.020047,-0.019953,0.311127,0.330000,-0.000927,1
1772480193,839557967,0.062375,-1.936401,2.451151,-1.403736,-0.455080,-1.297170,1,0.103730,0.019849,0.311127,-0.000874,0.311127,-0.000648,0.220002,-0.000648,0.103718,0.001549,0.311126,0.000648,0.311125,0.001020,0.220000,0.001020,1,0.019873,0.220000,0.220000,0.007981,-0.006685,0.019126,-0.020874,0.311127,0.330000,-0.000687,1
1772480193,889572369,0.057766,-1.934419,2.450789,-1.401079,-0.459336,-1.297531,1,0.102644,-0.011832,0.311127,-0.000648,0.311127,-0.000308,0.220000,-0.000308,0.102644,0.000000,0.311125,0.001020,0.311127,-0.000198,0.220000,-0.000198,1,-0.003852,0.220000,0.220000,0.008354,-0.006313,0.019352,-0.020648,0.311127,0.330000,-0.000326,1
1772480193,914595837,0.056433,-1.933035,2.449975,-1.400774,-0.461233,-1.298346,1,0.119458,-0.002823,0.311127,-0.000308,0.311127,0.000461,0.220000,0.000461,0.119458,0.000000,0.311127,-0.000198,0.311127,0.000261,0.220000,0.000261,1,0.005077,0.220000,0.220000,0.007136,-0.007531,0.019692,-0.020308,0.311127,0.330000,0.000489,1
1772480193,939616714,0.053300,-1.928921,2.451044,-1.400545,-0.466400,-1.297277,1,0.125779,0.016202,0.311127,0.000461,0.311127,-0.000548,0.220002,-0.000548,0.125779,0.000000,0.311127,0.000261,0.311125,0.001033,0.220000,0.001033,1,0.020125,0.220000,0.220000,0.007594,-0.007073,0.020461,-0.019539,0.311127,0.330000,-0.000581,1
1772480193,989643819,0.048129,-1.924208,2.451551,-1.398985,-0.473219,-1.296770,1,0.124329,0.004089,0.311127,-0.000548,0.311127,-0.001026,0.220003,-0.001026,0.124325,0.001038,0.311125,0.001033,0.311125,0.001192,0.220000,0.001192,1,0.023223,0.220000,0.220000,0.008366,-0.006300,0.019452,-0.020548,0.311127,0.330000,-0.001088,1
1772480194,14643304,0.046176,-1.921981,2.451994,-1.398650,-0.476163,-1.296327,1,0.142038,0.013785,0.311127,-0.001026,0.311127,-0.001443,0.220005,-0.001443,0.142027,0.001760,0.311125,0.001192,0.311123,0.001498,0.220000,0.001498,1,0.029178,0.220000,0.220000,0.008525,-0.006141,0.018974,-0.021026,0.311127,0.330000,-0.001531,1
1772480194,64675154,0.040982,-1.918378,2.451540,-1.396437,-0.482084,-1.296781,1,0.146575,-0.007677,0.311127,-0.001443,0.311127,-0.001015,0.220003,-0.001015,0.146567,0.001536,0.311123,0.001498,0.311125,0.001136,0.220000,0.001136,1,0.022119,0.220000,0.220000,0.008831,-0.005835,0.018557,-0.021443,0.311127,0.330000,-0.001077,1
1772480194,89680983,0.037456,-1.916056,2.451090,-1.394865,-0.486002,-1.297231,1,0.147046,-0.003843,0.311127,-0.001015,0.311127,-0.000591,0.220002,-0.000591,0.147037,0.001681,0.311125,0.001136,0.311126,0.000844,0.220000,0.000844,1,0.016438,0.220000,0.220000,0.008469,-0.006198,0.018985,-0.021015,0.311127,0.330000,-0.000626,1
1772480194,114705137,0.035195,-1.913406,2.451299,-1.394518,-0.489468,-1.297022,1,0.164778,0.000000,0.311127,-0.000591,0.311127,-0.000788,0.220004,-0.000788,0.164772,0.001381,0.311126,0.000844,0.311124,0.001345,0.220000,0.001345,1,0.026198,0.220000,0.220000,0.008177,-0.006489,0.019409,-0.020591,0.311127,0.330000,-0.000836,1
1772480194,139707060,0.031600,-1.910680,2.451691,-1.393119,-0.493758,-1.296630,1,0.168360,-0.010870,0.311127,-0.000788,0.311127,-0.001158,0.220002,-0.001158,0.168352,0.001662,0.311124,0.001345,0.311125,0.001043,0.220000,0.001043,1,0.020312,0.220000,0.220000,0.008678,-0.005988,0.019212,-0.020788,0.311127,0.330000,-0.001228,1
1772480194,189754789,0.025440,-1.906447,2.451387,-1.390472,-0.500748,-1.296934,1,0.169353,-0.014722,0.311127,-0.001158,0.311127,-0.000871,0.220001,-0.000871,0.169348,0.001270,0.311125,0.001043,0.311127,0.000511,0.220000,0.000511,1,0.009950,0.220000,0.220000,0.008376,-0.006291,0.018842,-0.021158,0.311127,0.330000,-0.000923,1
1772480194,214775930,0.022158,-1.904800,2.451013,-1.388716,-0.503972,-1.297307,1,0.184875,0.003069,0.311127,-0.000871,0.311127,-0.000519,0.220000,-0.000519,0.184875,0.000000,0.311127,0.000511,0.311127,-0.000149,0.220000,-0.000149,1,-0.002895,0.220000,0.220000,0.007844,-0.006823,0.019129,-0.020871,0.311127,0.330000,-0.000550,1
1772480194,239896237,0.018073,-1.900485,2.451463,-1.387819,-0.509846,-1.296857,1,0.190663,-0.018875,0.311127,-0.000519,0.311127,-0.000943,0.220000,-0.000943,0.190663,0.000000,0.311127,-0.000149,0.311127,0.000391,0.220000,0.000391,1,0.007609,0.220000,0.220000,0.007185,-0.007482,0.019481,-0.020519,0.311127,0.330000,-0.001000,1
1772480194,289898112,0.011006,-1.894810,2.451122,-1.385250,-0.518538,-1.297198,1,0.190776,0.002599,0.311127,-0.000943,0.311127,-0.000622,0.220000,-0.000622,0.190776,0.000000,0.311127,0.000391,0.311127,0.000373,0.220000,0.000373,1,0.007257,0.220000,0.220000,0.007724,-0.006943,0.019057,-0.020943,0.311127,0.330000,-0.000659,1
1772480194,314850470,0.007150,-1.891277,2.451927,-1.384096,-0.523639,-1.296393,1,0.207991,0.000000,0.311127,-0.000622,0.311127,-0.001380,0.220000,-0.001380,0.207988,0.001095,0.311127,0.000373,0.311127,0.000371,0.220000,0.000371,1,0.007230,0.220000,0.220000,0.007706,-0.006961,0.019378,-0.020622,0.311127,0.330000,-0.001464,1
1772480194,339821971,0.002060,-1.887854,2.452279,-1.381867,-0.529353,-1.296042,1,0.213115,-0.020036,0.311127,-0.001380,0.311127,-0.001712,0.220000,-0.001712,0.213112,0.001041,0.311127,0.000371,0.311127,-0.000310,0.220000,-0.000310,1,-0.006043,0.220000,0.220000,0.007704,-0.006962,0.018620,-0.021380,0.311127,0.330000,-0.001816,1
1772480194,389882237,-0.005116,-1.881804,2.451813,-1.379421,-0.538414,-1.296508,1,0.213081,-0.006654,0.311127,-0.001712,0.311127,-0.001272,0.220000,-0.001272,0.213077,0.001287,0.311127,-0.000310,0.311127,-0.000082,0.220000,-0.000082,1,-0.001605,0.220000,0.220000,0.007023,-0.007644,0.018288,-0.021712,0.311127,0.330000,-0.001349,1
1772480194,414876633,-0.009195,-1.878575,2.451497,-1.377912,-0.543393,-1.296824,1,0.220352,0.004481,0.311127,-0.001272,0.311127,-0.000974,0.220000,-0.000974,0.220352,0.000000,0.311127,-0.000082,0.311127,-0.000089,0.220000,-0.000089,1,-0.001737,0.220000,0.220000,0.007251,-0.007416,0.018728,-0.021272,0.311127,0.330000,-0.001033,1
1772480194,439892661,-0.012633,-1.874814,2.451346,-1.377232,-0.548443,-1.296975,1,0.220404,-0.007561,0.311127,-0.000974,0.311127,-0.000832,0.220001,-0.000832,0.220404,0.000000,0.311127,-0.000089,0.311126,0.000624,0.220000,0.000624,1,0.012152,0.220000,0.220000,0.007244,-0.007422,0.019026,-0.020974,0.311127,0.330000,-0.000882,1
1772480194,490034264,-0.022551,-1.867598,2.452391,-1.373198,-0.560026,-1.295929,1,0.219841,-0.001342,0.311127,-0.000832,0.311127,-0.001818,0.220000,-0.001818,0.219835,0.001568,0.311126,0.000624,0.311127,-0.000420,0.220000,-0.000420,1,-0.008178,0.220000,0.220000,0.007957,-0.006709,0.019168,-0.020832,0.311127,0.330000,-0.001928,1
1772480194,514936638,-0.026195,-1.865090,2.452394,-1.371635,-0.564165,-1.295926,1,0.220189,-0.015675,0.311127,-0.001818,0.311127,-0.001821,0.220001,-0.001821,0.220189,0.000000,0.311127,-0.000420,0.311126,-0.000789,0.220000,-0.000789,1,-0.015361,0.220000,0.220000,0.006914,-0.007753,0.018182,-0.021818,0.311127,0.330000,-0.001931,1
1772480194,539991053,-0.030941,-1.861480,2.452663,-1.369794,-0.569836,-1.295658,1,0.219526,-0.017665,0.311127,-0.001821,0.311127,-0.002074,0.220003,-0.002074,0.219526,0.000000,0.311126,-0.000789,0.311125,-0.001102,0.220000,-0.001102,1,-0.021459,0.220000,0.220000,0.006545,-0.008122,0.018179,-0.021821,0.311127,0.330000,-0.002199,1
1772480194,590086836,-0.040816,-1.855424,2.453125,-1.365135,-0.580442,-1.295195,1,0.220134,-0.013969,0.311127,-0.002074,0.311127,-0.002510,0.220018,-0.002510,0.220134,0.000000,0.311125,-0.001102,0.311115,-0.002780,0.220000,-0.002780,1,-0.054159,0.220000,0.220000,0.006232,-0.008435,0.017926,-0.022074,0.311127,0.330000,-0.002662,1
1772480194,614979904,-0.044623,-1.850962,2.453124,-1.364551,-0.586278,-1.295196,1,0.219858,-0.011993,0.311127,-0.002510,0.311127,-0.002509,0.220008,-0.002509,0.219842,-0.002648,0.311115,-0.002780,0.311122,-0.001827,0.220000,-0.001827,1,-0.035589,0.220000,0.220000,0.004553,-0.010114,0.017490,-0.022510,0.311127,0.330000,-0.002661,1
1772480194,640040478,-0.048228,-1.848481,2.452344,-1.363004,-0.590372,-1.295977,1,0.220709,-0.007150,0.311127,-0.002509,0.311127,-0.001773,0.220009,-0.001773,0.220694,-0.002644,0.311122,-0.001827,0.311121,-0.001948,0.220000,-0.001948,1,-0.037951,0.220000,0.220000,0.005506,-0.009160,0.017491,-0.022509,0.311127,0.330000,-0.001881,1
1772480194,690148197,-0.056629,-1.841485,2.451644,-1.360092,-0.600909,-1.296676,1,0.220122,0.005885,0.311127,-0.001773,0.311127,-0.001114,0.220007,-0.001114,0.220122,0.000000,0.311121,-0.001948,0.311122,-0.001696,0.220000,-0.001696,1,-0.033046,0.220000,0.220000,0.005385,-0.009282,0.018227,-0.021773,0.311127,0.330000,-0.001181,1
1772480194,715078890,-0.061203,-1.836757,2.451818,-1.359029,-0.607401,-1.296503,1,0.220053,-0.016855,0.311127,-0.001114,0.311127,-0.001277,0.220003,-0.001277,0.220048,-0.001338,0.311122,-0.001696,0.311125,-0.001065,0.220000,-0.001065,1,-0.020744,0.220000,0.220000,0.005637,-0.009030,0.018886,-0.021114,0.311127,0.330000,-0.001354,1
1772480194,740131199,-0.064811,-1.835534,2.451935,-1.356762,-0.610463,-1.296386,1,0.220680,-0.016784,0.311127,-0.001277,0.311127,-0.001388,0.220013,-0.001388,0.220674,-0.001586,0.311125,-0.001065,0.311118,-0.002382,0.220000,-0.002382,1,-0.046392,0.220000,0.220000,0.006268,-0.008398,0.018723,-0.021277,0.311127,0.330000,-0.001472,1
1772480194,790243152,-0.074409,-1.827408,2.452425,-1.353511,-0.622612,-1.295896,1,0.219802,-0.007396,0.311127,-0.001388,0.311127,-0.001850,0.220013,-0.001850,0.219802,0.000000,0.311118,-0.002382,0.311118,-0.002398,0.220000,-0.002398,1,-0.046721,0.220000,0.220000,0.004952,-0.009715,0.018612,-0.021388,0.311127,0.330000,-0.001962,1
1772480194,815154462,-0.078052,-1.825620,2.452522,-1.351538,-0.626157,-1.295799,1,0.220001,0.003450,0.311127,-0.001850,0.311127,-0.001941,0.220025,-0.001941,0.219993,-0.001925,0.311118,-0.002398,0.311109,-0.003319,0.220000,-0.003319,1,-0.064651,0.220000,0.220000,0.004935,-0.009732,0.018150,-0.021850,0.311127,0.330000,-0.002059,1
1772480194,840189901,-0.083057,-1.821208,2.453007,-1.349942,-0.632636,-1.295313,1,0.219822,0.014878,0.311127,-0.001941,0.311127,-0.002399,0.220024,-0.002399,0.219812,-0.002115,0.311109,-0.003319,0.311110,-0.003272,0.220000,-0.003272,1,-0.063738,0.220000,0.220000,0.004014,-0.010652,0.018059,-0.021941,0.311127,0.330000,-0.002544,1
1772480194,890247444,-0.091842,-1.814777,2.453459,-1.346391,-0.642928,-1.294862,1,0.220007,-0.009623,0.311127,-0.002399,0.311127,-0.002824,0.220037,-0.002824,0.219979,-0.003517,0.311110,-0.003272,0.311101,-0.004021,0.220000,-0.004021,1,-0.078324,0.220000,0.220000,0.004061,-0.010605,0.017601,-0.022399,0.311127,0.330000,-0.002995,1
1772480194,915202693,-0.095738,-1.810244,2.452579,-1.345776,-0.648874,-1.295742,1,0.220168,-0.014673,0.311127,-0.002824,0.311127,-0.001995,0.220018,-0.001995,0.220138,-0.003626,0.311101,-0.004021,0.311114,-0.002795,0.220000,-0.002795,1,-0.054442,0.220000,0.220000,0.003313,-0.011354,0.017176,-0.022824,0.311127,0.330000,-0.002116,1
1772480194,940273201,-0.100016,-1.807004,2.452369,-1.344109,-0.653974,-1.295952,1,0.220434,-0.004621,0.311127,-0.001995,0.311127,-0.001797,0.220020,-0.001797,0.220400,-0.003874,0.311114,-0.002795,0.311113,-0.002947,0.220000,-0.002947,1,-0.057405,0.220000,0.220000,0.004539,-0.010128,0.018005,-0.021995,0.311127,0.330000,-0.001906,1
1772480194,990339859,-0.108966,-1.802126,2.452154,-1.339538,-0.663085,-1.296166,1,0.220084,0.008634,0.311127,-0.001797,0.311127,-0.001595,0.220051,-0.001595,0.220074,-0.002074,0.311113,-0.002947,0.311091,-0.004715,0.220000,-0.004715,1,-0.091842,0.220000,0.220000,0.004386,-0.010280,0.018203,-0.021797,0.311127,0.330000,-0.001691,1
1772480195,15334594,-0.114954,-1.794955,2.454400,-1.338707,-0.672390,-1.293920,1,0.219903,0.001990,0.311127,-0.001595,0.311127,-0.003712,0.220033,-0.003712,0.219885,-0.002795,0.311091,-0.004715,0.311104,-0.003803,0.220000,-0.003803,1,-0.074079,0.220000,0.220000,0.002619,-0.012048,0.018405,-0.021595,0.311127,0.330000,-0.003937,1
1772480195,40302716,-0.119415,-1.791412,2.455035,-1.337062,-0.677845,-1.293286,1,0.219781,-0.011090,0.311127,-0.003712,0.311127,-0.004310,0.220038,-0.004310,0.219726,-0.004885,0.311104,-0.003803,0.311100,-0.004107,0.220000,-0.004107,1,-0.080008,0.220000,0.220000,0.003530,-0.011136,0.016288,-0.023712,0.311127,0.330000,-0.004572,1
1772480195,90415394,-0.128374,-1.786078,2.454328,-1.332744,-0.687335,-1.293992,1,0.219706,0.004358,0.311127,-0.004310,0.311127,-0.003644,0.220066,-0.003644,0.219674,-0.003728,0.311100,-0.004107,0.311080,-0.005396,0.220000,-0.005396,1,-0.105115,0.220000,0.220000,0.003226,-0.011441,0.015690,-0.024310,0.311127,0.330000,-0.003865,1
1772480195,115370865,-0.131835,-1.781493,2.454116,-1.332514,-0.693075,-1.294204,1,0.220469,0.006648,0.311127,-0.003644,0.311127,-0.003444,0.220038,-0.003444,0.220437,-0.003713,0.311080,-0.005396,0.311100,-0.004080,0.220000,-0.004080,1,-0.079476,0.220000,0.220000,0.001937,-0.012730,0.016356,-0.023644,0.311127,0.330000,-0.003653,1
1772480195,140438583,-0.136873,-1.777721,2.454086,-1.330527,-0.699046,-1.294234,1,0.220476,-0.007758,0.311127,-0.003444,0.311127,-0.003416,0.220043,-0.003416,0.220399,-0.005835,0.311100,-0.004080,0.311096,-0.004357,0.220000,-0.004357,1,-0.084880,0.220000,0.220000,0.003253,-0.011413,0.016556,-0.023444,0.311127,0.330000,-0.003623,1
1772480195,190496236,-0.146644,-1.772358,2.454555,-1.321333,-0.707522,-1.286917,1,0.219564,0.008877,0.311127,-0.003416,0.311127,-0.010315,0.220310,-0.010315,0.219538,-0.003432,0.311096,-0.004357,0.310863,-0.012825,0.220000,-0.011691,1,-0.249822,0.220000,0.220000,0.002976,-0.011691,0.016584,-0.023416,0.311127,0.330000,-0.010941,1
1772480195,215493357,-0.151426,-1.769292,2.454692,-1.319117,-0.712753,-1.286780,1,0.220488,0.000000,0.311127,-0.010315,0.311127,-0.010444,0.220417,-0.010444,0.220453,-0.003886,0.310863,-0.012825,0.310832,-0.013550,0.220000,-0.013550,1,-0.263948,0.220000,0.220000,-0.005492,-0.020158,0.009685,-0.030315,0.311127,0.330000,-0.011078,1
1772480195,240519547,-0.154364,-1.766192,2.455215,-1.318442,-0.716970,-1.286256,1,0.220257,-0.014265,0.311127,-0.010444,0.311127,-0.010938,0.220399,-0.010938,0.219932,-0.011958,0.310832,-0.013550,0.310845,-0.013254,0.220000,-0.013254,1,-0.258180,0.220000,0.220000,-0.006217,-0.020883,0.009556,-0.030444,0.311127,0.330000,-0.011601,1
1772480195,290582046,-0.162894,-1.758371,2.455846,-1.315817,-0.728241,-1.285625,1,0.221342,-0.020240,0.311127,-0.010938,0.311127,-0.011533,0.220382,-0.011533,0.220901,-0.013969,0.310845,-0.013254,0.310857,-0.012969,0.220000,-0.012969,1,-0.252631,0.220000,0.220000,-0.005921,-0.020587,0.009062,-0.030938,0.311127,0.330000,-0.012232,1
1772480195,315596760,-0.167868,-1.755466,2.455509,-1.313351,-0.733446,-1.285963,1,0.219875,-0.006707,0.311127,-0.011533,0.311127,-0.011214,0.220431,-0.011214,0.219480,-0.013169,0.310857,-0.012969,0.310822,-0.013780,0.220000,-0.013780,1,-0.268427,0.220000,0.220000,-0.005636,-0.020302,0.008467,-0.031533,0.311127,0.330000,-0.011895,1
1772480195,340559285,-0.171557,-1.752047,2.455775,-1.312236,-0.738351,-1.285696,1,0.220443,-0.018126,0.311127,-0.011214,0.311127,-0.011466,0.220422,-0.011466,0.220043,-0.013286,0.310822,-0.013780,0.310828,-0.013628,0.220000,-0.013628,1,-0.265475,0.220000,0.220000,-0.006447,-0.021113,0.008786,-0.031214,0.311127,0.330000,-0.012161,1
1772480195,390667214,-0.181436,-1.744473,2.454970,-1.308357,-0.750180,-1.286502,1,0.220699,-0.022660,0.311127,-0.011466,0.311127,-0.010706,0.220438,-0.010706,0.220232,-0.014341,0.310828,-0.013628,0.310817,-0.013893,0.220000,-0.013893,1,-0.270629,0.220000,0.220000,-0.006295,-0.020962,0.008534,-0.031466,0.311127,0.330000,-0.011356,1
1772480195,415642682,-0.184830,-1.740518,2.455395,-1.307789,-0.755361,-1.286076,1,0.220087,-0.011023,0.311127,-0.010706,0.311127,-0.011107,0.220397,-0.011107,0.219671,-0.013514,0.310817,-0.013893,0.310846,-0.013225,0.220000,-0.013225,1,-0.257607,0.220000,0.220000,-0.006560,-0.021226,0.009294,-0.030706,0.311127,0.330000,-0.011781,1
1772480195,440654082,-0.188684,-1.735848,2.455814,-1.307244,-0.761390,-1.285657,1,0.221196,-0.015219,0.311127,-0.011107,0.311127,-0.011502,0.220345,-0.011502,0.220757,-0.013930,0.310846,-0.013225,0.310883,-0.012318,0.220000,-0.012318,1,-0.239940,0.220000,0.220000,-0.005891,-0.020558,0.008893,-0.031107,0.311127,0.330000,-0.012200,1
1772480195,490723643,-0.196937,-1.728948,2.457078,-1.304327,-0.771856,-1.284456,1,0.220489,-0.007113,0.311127,-0.011502,0.311127,-0.012635,0.220365,-0.012635,0.220085,-0.013348,0.310883,-0.012318,0.310868,-0.012680,0.220000,-0.012680,1,-0.246997,0.220000,0.220000,-0.004984,-0.019651,0.008498,-0.031502,0.311127,0.330000,-0.013401,1
1772480195,515796601,-0.201682,-1.725018,2.456847,-1.302622,-0.781667,-1.286901,1,0.220355,-0.010910,0.311127,-0.012635,0.311127,-0.010329,0.220274,-0.010329,0.220015,-0.012224,0.310868,-0.012680,0.310933,-0.010975,0.220000,-0.010975,1,-0.213783,0.220000,0.220000,-0.005346,-0.020013,0.007365,-0.032635,0.311127,0.330000,-0.010956,1
1772480195,540738188,-0.205409,-1.721328,2.456478,-1.301640,-0.786819,-1.287270,1,0.220196,-0.013279,0.311127,-0.010329,0.311127,-0.009982,0.220248,-0.009982,0.219808,-0.013062,0.310933,-0.010975,0.310952,-0.010442,0.220000,-0.010442,1,-0.203407,0.220000,0.220000,-0.003641,-0.018308,0.009671,-0.030329,0.311127,0.330000,-0.010587,1
1772480195,590782873,-0.214327,-1.715413,2.455564,-1.297642,-0.796746,-1.288184,1,0.220056,-0.003612,0.311127,-0.009982,0.311127,-0.009120,0.220288,-0.009120,0.219792,-0.010776,0.310952,-0.010442,0.310923,-0.011265,0.220000,-0.011265,1,-0.219435,0.220000,0.220000,-0.003109,-0.017775,0.010018,-0.029982,0.311127,0.330000,-0.009673,1
1772480195,615959696,-0.218385,-1.709066,2.456100,-1.297892,-0.804274,-1.287648,1,0.219958,-0.007976,0.311127,-0.009120,0.311127,-0.009626,0.220196,-0.009626,0.219682,-0.011005,0.310923,-0.011265,0.310988,-0.009291,0.220000,-0.009291,1,-0.180994,0.220000,0.220000,-0.003932,-0.018598,0.010880,-0.029120,0.311127,0.330000,-0.010210,1
1772480195,640820875,-0.222047,-1.704463,2.455724,-1.297482,-0.810143,-1.288024,1,0.220375,-0.002419,0.311127,-0.009626,0.311127,-0.009271,0.220147,-0.009271,0.220114,-0.010715,0.310988,-0.009291,0.311023,-0.008056,0.220000,-0.008056,1,-0.156929,0.220000,0.220000,-0.001958,-0.016625,0.010374,-0.029626,0.311127,0.330000,-0.009833,1
1772480195,690852061,-0.231261,-1.699667,2.454951,-1.292605,-0.819314,-1.288797,1,0.220612,-0.006123,0.311127,-0.009271,0.311127,-0.008542,0.220223,-0.008542,0.220405,-0.009555,0.311023,-0.008056,0.310969,-0.009912,0.220000,-0.009912,1,-0.193078,0.220000,0.220000,-0.000723,-0.015389,0.010729,-0.029271,0.311127,0.330000,-0.009060,1
1772480195,715854083,-0.235405,-1.695259,2.454586,-1.291687,-0.825294,-1.289162,1,0.219792,-0.012617,0.311127,-0.008542,0.311127,-0.008198,0.220189,-0.008198,0.219649,-0.007933,0.310969,-0.009912,0.310994,-0.009112,0.220000,-0.009112,1,-0.177506,0.220000,0.220000,-0.002579,-0.017245,0.011458,-0.028542,0.311127,0.330000,-0.008696,1
1772480195,740857454,-0.240231,-1.690743,2.454443,-1.290267,-0.831749,-1.289305,1,0.220175,-0.011082,0.311127,-0.008198,0.311127,-0.008063,0.220173,-0.008063,0.219945,-0.010050,0.310994,-0.009112,0.311005,-0.008717,0.220000,-0.008717,1,-0.169800,0.220000,0.220000,-0.001779,-0.016446,0.011802,-0.028198,0.311127,0.330000,-0.008552,1
1772480195,790900795,-0.247855,-1.685235,2.452987,-1.287177,-0.840605,-1.290830,1,0.219600,-0.003386,0.311127,-0.008063,0.311127,-0.006625,0.220176,-0.006625,0.219422,-0.008823,0.311005,-0.008717,0.311003,-0.008797,0.220000,-0.008797,1,-0.171366,0.220000,0.220000,-0.001384,-0.016050,0.011937,-0.028063,0.311127,0.330000,-0.007027,1
1772480195,815883070,-0.252388,-1.680460,2.453011,-1.288846,-0.847057,-1.293355,1,0.220590,-0.010671,0.311127,-0.006625,0.311127,-0.004245,0.220054,-0.004245,0.220406,-0.009011,0.311003,-0.008797,0.311089,-0.004857,0.220000,-0.004857,1,-0.094605,0.220000,0.220000,-0.001464,-0.016131,0.013375,-0.026625,0.311127,0.330000,-0.004503,1
1772480195,840900823,-0.256050,-1.677070,2.452801,-1.287761,-0.851928,-1.293565,1,0.219970,-0.003186,0.311127,-0.004245,0.311127,-0.004047,0.220047,-0.004047,0.219802,-0.008595,0.311089,-0.004857,0.311094,-0.004539,0.220000,-0.004539,1,-0.088416,0.220000,0.220000,0.002477,-0.012190,0.015755,-0.024245,0.311127,0.330000,-0.004293,1
1772480195,890936482,-0.265326,-1.669964,2.452248,-1.284170,-0.863048,-1.294117,1,0.220952,0.000000,0.311127,-0.004047,0.311127,-0.003526,0.220052,-0.003526,0.220892,-0.005127,0.311094,-0.004539,0.311090,-0.004801,0.220000,-0.004801,1,-0.093527,0.220000,0.220000,0.002794,-0.011872,0.015953,-0.024047,0.311127,0.330000,-0.003740,1
1772480195,915975318,-0.269697,-1.667154,2.450518,-1.282172,-0.867844,-1.295848,1,0.219734,0.000000,0.311127,-0.003526,0.311127,-0.001895,0.220054,-0.001895,0.219695,-0.004151,0.311090,-0.004801,0.311089,-0.004858,0.220000,-0.004858,1,-0.094625,0.220000,0.220000,0.002532,-0.012135,0.016474,-0.023526,0.311127,0.330000,-0.002010,1
1772480195,940988762,-0.274200,-1.662334,2.450145,-1.281209,-0.874370,-1.296221,1,0.219855,0.002021,0.311127,-0.001895,0.311127,-0.001543,0.220036,-0.001543,0.219808,-0.004559,0.311089,-0.004858,0.311102,-0.003958,0.220000,-0.003958,1,-0.077097,0.220000,0.220000,0.002476,-0.012191,0.018105,-0.021895,0.311127,0.330000,-0.001637,1
1772480195,991011151,-0.282860,-1.656166,2.448322,-1.277592,-0.884368,-1.298044,1,0.220211,0.010072,0.311127,-0.001543,0.311127,0.000175,0.220039,0.000175,0.220167,-0.004408,0.311102,-0.003958,0.311100,-0.004134,0.220000,-0.004134,1,-0.080527,0.220000,0.220000,0.003375,-0.011291,0.018457,-0.021543,0.311127,0.330000,0.000186,1
1772480196,16028491,-0.287281,-1.651291,2.448475,-1.276727,-0.890892,-1.297890,1,0.219434,-0.006938,0.311127,0.000175,0.311127,0.000031,0.220025,0.000031,0.219399,-0.003884,0.311100,-0.004134,0.311109,-0.003308,0.220000,-0.003308,1,-0.064447,0.220000,0.220000,0.003199,-0.011467,0.020175,-0.019825,0.311127,0.330000,0.000033,1
1772480196,41029478,-0.290387,-1.647135,2.448270,-1.276535,-0.896077,-1.298096,1,0.220607,-0.007574,0.311127,0.000031,0.311127,0.000225,0.220010,0.000225,0.220558,-0.004664,0.311109,-0.003308,0.311120,-0.002101,0.220000,-0.002101,1,-0.040935,0.220000,0.220000,0.004025,-0.010642,0.020031,-0.019969,0.311127,0.330000,0.000238,1
1772480196,91067405,-0.299965,-1.640074,2.447514,-1.278133,-0.901058,-1.299910,1,0.220057,0.001927,0.311127,0.000225,0.311127,0.001935,0.220003,0.001935,0.220040,-0.002749,0.311120,-0.002101,0.311125,0.001180,0.220000,0.001180,1,0.022983,0.220000,0.220000,0.005232,-0.009435,0.020225,-0.019775,0.311127,0.330000,0.002053,1
1772480196,116055097,-0.304015,-1.637165,2.447018,-1.276461,-0.905755,-1.300407,1,0.219813,0.000000,0.311127,0.001935,0.311127,0.002403,0.220002,0.002403,0.219801,-0.002309,0.311125,0.001180,0.311125,0.001010,0.220000,0.001010,1,0.019670,0.220000,0.220000,0.008513,-0.006154,0.021935,-0.018065,0.311127,0.330000,0.002549,1
1772480196,141126789,-0.309141,-1.633555,2.446656,-1.274302,-0.911642,-1.300768,1,0.220549,-0.011268,0.311127,0.002403,0.311127,0.002744,0.220001,0.002744,0.220546,0.001101,0.311125,0.001010,0.311126,0.000659,0.220000,0.000659,1,0.012837,0.220000,0.220000,0.008343,-0.006324,0.022403,-0.017597,0.311127,0.330000,0.002911,1
1772480196,191152814,-0.317272,-1.625162,2.445953,-1.272398,-0.923171,-1.301471,1,0.219996,0.002000,0.311127,0.002744,0.311127,0.003407,0.220010,0.003407,0.219990,0.001638,0.311126,0.000659,0.311120,0.002079,0.220000,0.002079,1,0.040506,0.220000,0.220000,0.007992,-0.006674,0.022744,-0.017256,0.311127,0.330000,0.003614,1
1772480196,216131711,-0.321751,-1.622507,2.445094,-1.270228,-0.927904,-1.302330,1,0.219857,-0.002483,0.311127,0.003407,0.311127,0.004217,0.220006,0.004217,0.219857,0.000000,0.311120,0.002079,0.311123,0.001579,0.220000,0.001579,1,0.030750,0.220000,0.220000,0.009413,-0.005254,0.023407,-0.016593,0.311127,0.330000,0.004473,1
1772480196,241143651,-0.325671,-1.617043,2.445689,-1.270117,-0.934628,-1.301735,1,0.220842,0.002374,0.311127,0.004217,0.311127,0.003656,0.220020,0.003656,0.220835,0.001770,0.311123,0.001579,0.311113,0.003002,0.220000,0.003002,1,0.058474,0.220000,0.220000,0.008912,-0.005755,0.024217,-0.015783,0.311127,0.330000,0.003877,1
1772480196,291221370,-0.334297,-1.611975,2.445134,-1.265912,-0.943707,-1.302290,1,0.220047,0.005272,0.311127,0.003656,0.311127,0.004179,0.220006,0.004179,0.220036,0.002118,0.311113,0.003002,0.311123,0.001664,0.220000,0.001664,1,0.032418,0.220000,0.220000,0.010335,-0.004332,0.023656,-0.016344,0.311127,0.330000,0.004432,1
1772480196,316174942,-0.338055,-1.607389,2.445600,-1.265434,-0.949616,-1.301824,1,0.220082,0.002487,0.311127,0.004179,0.311127,0.003740,0.220015,0.003740,0.220061,0.003034,0.311123,0.001664,0.311116,0.002587,0.220000,0.002587,1,0.050395,0.220000,0.220000,0.008998,-0.005669,0.024179,-0.015821,0.311127,0.330000,0.003966,1
1772480196,341250468,-0.344015,-1.605499,2.444419,-1.261611,-0.954563,-1.303005,1,0.220272,0.009656,0.311127,0.003740,0.311127,0.004853,0.220001,0.004853,0.220257,0.002558,0.311116,0.002587,0.311126,0.000740,0.220000,0.000740,1,0.014424,0.220000,0.220000,0.009920,-0.004746,0.023740,-0.016260,0.311127,0.330000,0.005147,1
1772480196,391264469,-0.352526,-1.597302,2.445283,-1.258179,-0.968141,-1.298024,1,0.219852,-0.005958,0.311127,0.004853,0.311127,0.000157,0.220001,0.000157,0.219832,0.002952,0.311126,0.000740,0.311127,-0.000474,0.220000,-0.000474,1,-0.009236,0.220000,0.220000,0.008074,-0.006593,0.024853,-0.015147,0.311127,0.330000,0.000167,1
1772480196,416294733,-0.356251,-1.593937,2.446226,-1.257014,-0.973024,-1.297081,1,0.220284,-0.004352,0.311127,0.000157,0.311127,-0.000732,0.220001,-0.000732,0.220284,0.000000,0.311127,-0.000474,0.311126,-0.000585,0.220000,-0.000585,1,-0.011390,0.220000,0.220000,0.006859,-0.007807,0.020157,-0.019843,0.311127,0.330000,-0.000776,1
1772480196,441306993,-0.361902,-1.589685,2.446518,-1.254761,-0.979728,-1.296789,1,0.219863,0.000000,0.311127,-0.000732,0.311127,-0.001007,0.220002,-0.001007,0.219863,0.000000,0.311126,-0.000585,0.311125,-0.001017,0.220000,-0.001017,1,-0.019805,0.220000,0.220000,0.006749,-0.007918,0.019268,-0.020732,0.311127,0.330000,-0.001068,1
1772480196,491367861,-0.370467,-1.582686,2.446880,-1.251663,-0.990345,-1.296427,1,0.220866,-0.010403,0.311127,-0.001007,0.311127,-0.001348,0.220004,-0.001348,0.220866,0.000000,0.311125,-0.001017,0.311124,-0.001244,0.220000,-0.001244,1,-0.024235,0.220000,0.220000,0.006317,-0.008350,0.018993,-0.021007,0.311127,0.330000,-0.001430,1
1772480196,516396912,-0.375044,-1.578723,2.447482,-1.250133,-0.996204,-1.295825,1,0.219484,-0.005543,0.311127,-0.001348,0.311127,-0.001916,0.220004,-0.001916,0.219481,-0.001134,0.311124,-0.001244,0.311124,-0.001332,0.220000,-0.001332,1,-0.025939,0.220000,0.220000,0.006089,-0.008577,0.018652,-0.021348,0.311127,0.330000,-0.002032,1
1772480196,541376604,-0.379367,-1.575602,2.447867,-1.248336,-1.001223,-1.295440,1,0.220375,0.004281,0.311127,-0.001916,0.311127,-0.002279,0.220007,-0.002279,0.220375,0.000000,0.311124,-0.001332,0.311122,-0.001807,0.220000,-0.001807,1,-0.035202,0.220000,0.220000,0.006002,-0.008665,0.018084,-0.021916,0.311127,0.330000,-0.002417,1
1772480196,591474831,-0.387747,-1.568664,2.449386,-1.245355,-1.011686,-1.293921,1,0.219472,0.003256,0.311127,-0.002279,0.311127,-0.003711,0.220012,-0.003711,0.219467,-0.001344,0.311122,-0.001807,0.311118,-0.002327,0.220000,-0.002327,1,-0.045330,0.220000,0.220000,0.005526,-0.009140,0.017721,-0.022279,0.311127,0.330000,-0.003936,1
1772480196,616457141,-0.392250,-1.565057,2.449367,-1.243685,-1.017209,-1.293940,1,0.220174,0.002738,0.311127,-0.003711,0.311127,-0.003693,0.220013,-0.003693,0.220165,-0.001942,0.311118,-0.002327,0.311117,-0.002434,0.220000,-0.002434,1,-0.047416,0.220000,0.220000,0.005006,-0.009660,0.016289,-0.023711,0.311127,0.330000,-0.003917,1
1772480196,641513540,-0.397024,-1.561109,2.450028,-1.241984,-1.023166,-1.293280,1,0.219681,-0.002466,0.311127,-0.003693,0.311127,-0.004316,0.220016,-0.004316,0.219664,-0.002733,0.311117,-0.002434,0.311116,-0.002670,0.220000,-0.002670,1,-0.052001,0.220000,0.220000,0.004899,-0.009767,0.016307,-0.023693,0.311127,0.330000,-0.004578,1
1772480196,691622807,-0.404675,-1.554213,2.450030,-1.239554,-1.033054,-1.293368,1,0.220364,-0.002027,0.311127,-0.004316,0.311127,-0.004233,0.220012,-0.004233,0.220348,-0.002663,0.311116,-0.002670,0.311118,-0.002336,0.220000,-0.002336,1,-0.045497,0.220000,0.220000,0.004664,-0.010003,0.015684,-0.024316,0.311127,0.330000,-0.004490,1
1772480196,716509493,-0.409977,-1.550298,2.450782,-1.236604,-1.035296,-1.295454,1,0.219948,-0.001865,0.311127,-0.004233,0.311127,-0.002266,0.220033,-0.002266,0.219932,-0.002621,0.311118,-0.002336,0.311104,-0.003795,0.220000,-0.003795,1,-0.073924,0.220000,0.220000,0.004998,-0.009669,0.015767,-0.024233,0.311127,0.330000,-0.002404,1
1772480196,741579188,-0.413008,-1.547022,2.450528,-1.235972,-1.039714,-1.295707,1,0.220235,-0.005996,0.311127,-0.002266,0.311127,-0.002027,0.220023,-0.002027,0.220197,-0.004099,0.311104,-0.003795,0.311111,-0.003167,0.220000,-0.003167,1,-0.061682,0.220000,0.220000,0.003538,-0.011128,0.017734,-0.022266,0.311127,0.330000,-0.002150,1
1772480196,791611934,-0.422988,-1.539388,2.451704,-1.232101,-1.051668,-1.294531,1,0.219723,-0.004381,0.311127,-0.002027,0.311127,-0.003136,0.220037,-0.003136,0.219692,-0.003672,0.311111,-0.003167,0.311101,-0.004009,0.220000,-0.004009,1,-0.078092,0.220000,0.220000,0.004167,-0.010500,0.017973,-0.022027,0.311127,0.330000,-0.003326,1
1772480196,816629271,-0.426987,-1.537666,2.451122,-1.229790,-1.055358,-1.295114,1,0.220190,-0.003080,0.311127,-0.003136,0.311127,-0.002587,0.220057,-0.002587,0.220160,-0.003623,0.311101,-0.004009,0.311087,-0.004988,0.220000,-0.004988,1,-0.097170,0.220000,0.220000,0.003324,-0.011342,0.016864,-0.023136,0.311127,0.330000,-0.002744,1
1772480196,841669259,-0.430102,-1.534771,2.451075,-1.228874,-1.059511,-1.295161,1,0.219907,-0.004683,0.311127,-0.002587,0.311127,-0.002542,0.220051,-0.002542,0.219843,-0.005331,0.311087,-0.004988,0.311091,-0.004750,0.220000,-0.004750,1,-0.092531,0.220000,0.220000,0.002345,-0.012322,0.017413,-0.022587,0.311127,0.330000,-0.002697,1
1772480196,891708151,-0.437519,-1.527443,2.451378,-1.226937,-1.069756,-1.294857,1,0.220160,0.008179,0.311127,-0.002542,0.311127,-0.002829,0.220036,-0.002829,0.220106,-0.004909,0.311091,-0.004750,0.311101,-0.003999,0.220000,-0.003999,1,-0.077902,0.220000,0.220000,0.002583,-0.012084,0.017458,-0.022542,0.311127,0.330000,-0.003000,1
1772480196,916754651,-0.442198,-1.523318,2.451992,-1.225433,-1.075809,-1.294243,1,0.219810,-0.014080,0.311127,-0.002829,0.311127,1.477553,0.220037,0.017171,0.219753,-0.005008,0.311101,-0.003999,0.311101,-0.004018,0.220000,-0.004018,1,-0.078261,0.220000,0.220000,0.003334,-0.011332,0.017171,-0.022829,0.311127,0.330000,1.567182,1
1772480196,941751835,-0.446137,-1.519906,2.451832,-1.224131,-1.080856,-1.294404,1,0.220553,0.017113,0.311127,1.477553,0.311127,1.477705,0.220025,0.600000,0.220521,-0.003727,0.311101,-0.004018,0.310122,0.024986,0.220000,0.003316,1,0.486721,0.220000,0.220000,0.003316,-0.011351,0.600000,0.600000,0.311127,0.330000,1.567343,1
1772480196,991760873,-0.454255,-1.512226,2.452379,-1.221847,-1.091894,-1.293826,1,0.220259,0.019955,0.311127,1.477705,0.311127,1.477160,0.304509,0.600000,0.220217,-0.004269,0.310122,0.024986,0.299770,0.083295,0.302789,0.032320,1,1.622556,0.220000,0.220000,0.032320,0.017653,0.600000,0.600000,0.311127,0.330000,1.566764,1
1772480197,16778908,-0.458501,-1.508969,2.453025,-1.221107,-1.100388,-1.292169,1,0.221083,0.095191,0.311127,1.477160,0.311127,1.475598,0.306158,0.600000,0.220759,0.011975,0.299770,0.083295,0.292145,0.107011,0.292436,0.090629,1,2.084516,0.220000,0.220000,0.090629,0.075962,0.600000,0.600000,0.311127,0.330000,1.565108,1
1772480197,41820722,-0.463378,-1.506653,2.452978,-1.218406,-1.105064,-1.292216,1,0.222830,0.109505,0.311127,1.475598,0.311127,1.475643,0.247941,0.600000,0.221859,0.020774,0.292145,0.107011,0.287278,0.119462,0.220000,0.114344,1,2.327057,0.220000,0.220000,0.114344,0.099677,0.600000,0.600000,0.311127,0.330000,1.565155,1
1772480197,91862329,-0.471414,-1.498976,2.454058,-1.216148,-1.115945,-1.291136,1,0.220584,0.074534,0.311127,1.475643,0.311127,1.474624,0.307321,0.600000,0.219823,0.018307,0.287278,0.119462,0.277104,0.141468,0.279945,0.126795,1,2.755738,0.220000,0.220000,0.126795,0.112128,0.600000,0.600000,0.311127,0.330000,1.564075,1
1772480197,116931806,-0.475843,-1.497306,2.454401,-1.213450,-1.119834,-1.290793,1,0.225175,0.166151,0.311127,1.474624,0.311127,1.474301,0.265597,0.600000,0.222282,0.035982,0.277104,0.141468,0.272992,0.149250,0.220000,0.148802,1,2.907321,0.220000,0.220000,0.148802,0.134135,0.600000,0.600000,0.311127,0.330000,1.563732,1
1772480197,141916101,-0.480248,-1.492725,2.456978,-1.212423,-1.126106,-1.288217,1,0.226708,0.192458,0.311127,1.474301,0.311127,1.471871,0.270034,0.600000,0.222409,0.043942,0.272992,0.149250,0.267519,0.158851,0.220000,0.156583,1,3.094339,0.220000,0.220000,0.156583,0.141917,0.600000,0.600000,0.311127,0.330000,1.561155,1
1772480197,191996749,-0.489908,-1.486040,2.462765,-1.208264,-1.137092,-1.282429,1,0.223869,0.139226,0.311127,1.471871,0.311127,1.466415,0.308729,0.600000,0.220115,0.040824,0.267519,0.158851,0.257665,0.174381,0.260186,0.166184,1,3.396867,0.220000,0.220000,0.166184,0.151518,0.600000,0.600000,0.311127,0.330000,1.555368,1
1772480197,216970784,-0.494098,-1.483891,2.465370,-1.206034,-1.141240,-1.279824,1,0.230084,0.219689,0.311127,1.466415,0.311127,1.463959,0.284143,0.600000,0.222394,0.058990,0.257665,0.174381,0.253895,0.179826,0.220000,0.179826,1,3.502923,0.220000,0.220000,0.181715,0.167048,0.600000,0.600000,0.311127,0.330000,1.552763,1
1772480197,242031900,-0.500323,-1.481637,2.470022,-1.202189,-1.146630,-1.275172,1,0.230677,0.225347,0.311127,1.463959,0.311127,1.459573,0.288412,0.600000,0.221211,0.065406,0.253895,0.179826,0.249035,0.186498,0.220000,0.186498,1,3.632899,0.220000,0.220000,0.187159,0.172493,0.600000,0.600000,0.311127,0.330000,1.548111,1
1772480197,292162005,-0.510044,-1.478958,2.477106,-1.195803,-1.154333,-1.268074,1,0.228303,0.213274,0.311127,1.459573,0.311127,1.452881,0.293208,0.600000,0.219637,0.062304,0.249035,0.186498,0.242052,0.195476,0.220000,0.193832,1,3.807780,0.220000,0.220000,0.193832,0.179165,0.600000,0.600000,0.311127,0.330000,1.541013,1
1772480197,317128467,-0.517080,-1.476427,2.481682,-1.193922,-1.159924,-1.263147,1,0.233402,0.266046,0.311127,1.452881,0.311127,1.448235,0.297839,0.600000,0.219641,0.078959,0.242052,0.195476,0.237680,0.200769,0.220000,0.200769,1,3.910887,0.220000,0.220000,0.202809,0.188143,0.600000,0.600000,0.311127,0.330000,1.536085,1
1772480197,342128472,-0.522983,-1.475907,2.486882,-1.189355,-1.163702,-1.257947,1,0.234034,0.271073,0.311127,1.448235,0.311127,1.443333,0.300480,0.600000,0.218349,0.084235,0.237680,0.200769,0.234332,0.204667,0.220000,0.204667,1,3.986811,0.220000,0.220000,0.208102,0.193436,0.600000,0.600000,0.311127,0.330000,1.530885,1
1772480197,392307323,-0.533239,-1.471265,2.498351,-1.183543,-1.173343,-1.246478,1,0.235252,0.246172,0.311127,1.443333,0.311127,1.432520,0.310600,0.600000,0.219487,0.084672,0.234332,0.204667,0.226977,0.212795,0.226999,0.212000,1,4.145138,0.220000,0.220000,0.212000,0.197333,0.600000,0.600000,0.311127,0.330000,1.519417,1
1772480197,417224625,-0.540079,-1.468279,2.505088,-1.179604,-1.179682,-1.239741,1,0.238614,0.306921,0.311127,1.432520,0.311127,1.426168,0.309684,0.600000,0.217643,0.097817,0.226977,0.212795,0.222027,0.217954,0.220000,0.217954,1,4.245648,0.220000,0.219643,0.220000,0.205461,0.600000,0.600000,0.311127,0.330000,1.512680,1
1772480197,442270087,-0.545524,-1.468007,2.511157,-1.175275,-1.182995,-1.233672,1,0.244244,0.314561,0.311127,1.426168,0.311127,1.420446,0.310760,0.600000,0.219710,0.106690,0.222027,0.217954,0.219481,0.220518,0.219481,0.220000,1,4.295587,0.220000,0.214693,0.220000,0.210621,0.600000,0.600000,0.311127,0.330000,1.506611,1
1772480197,492379739,-0.557175,-1.465756,2.526340,-1.166957,-1.191458,-1.218489,1,0.246238,0.326371,0.311127,1.420446,0.311127,1.406132,0.306696,0.600000,0.221066,0.108457,0.219481,0.220518,0.213688,0.226136,0.213688,0.220000,1,4.405018,0.220000,0.212147,0.220000,0.213185,0.600000,0.600000,0.311127,0.330000,1.491428,1
1772480197,517467852,-0.564092,-1.465278,2.534136,-1.161532,-1.195776,-1.210693,1,0.239534,0.356939,0.311127,1.406132,0.311127,1.398781,0.304504,0.600000,0.208297,0.118274,0.213688,0.226136,0.210529,0.229080,0.210529,0.220000,1,4.462367,0.220000,0.206355,0.220000,0.218802,0.600000,0.600000,0.311127,0.330000,1.483632,1
1772480197,542466637,-0.570727,-1.464532,2.541563,-1.156491,-1.200154,-1.203265,1,0.238244,0.329205,0.311127,1.398781,0.311127,1.391779,0.302325,0.600000,0.204073,0.122940,0.210529,0.229080,0.207366,0.231947,0.207366,0.220000,1,4.518220,0.217862,0.203196,0.220000,0.220000,0.600000,0.600000,0.311127,0.330000,1.476204,1
1772480197,592501031,-0.581072,-1.464850,2.556499,-1.147799,-1.205861,-1.188434,1,0.240689,0.339758,0.311127,1.391779,0.311127,1.377795,0.300036,0.600000,0.206328,0.123935,0.207366,0.231947,0.204014,0.234901,0.204014,0.220000,1,4.575756,0.214699,0.200032,0.220000,0.220000,0.600000,0.600000,0.311127,0.330000,1.461373,1
1772480197,617517446,-0.588236,-1.463885,2.564551,-1.142635,-1.213060,-1.182810,1,0.235938,0.394898,0.311127,1.377795,0.311127,1.372493,0.296073,0.600000,0.192374,0.136598,0.204014,0.234901,0.198139,0.239877,0.198139,0.220000,1,4.672691,0.211347,0.196680,0.220000,0.220000,0.600000,0.600000,0.311127,0.330000,1.455749,1
1772480197,642572797,-0.593769,-1.464576,2.572750,-1.137693,-1.215643,-1.174611,1,0.234701,0.375664,0.311127,1.372493,0.311127,1.364763,0.295184,0.600000,0.187278,0.141462,0.198139,0.239877,0.196808,0.240970,0.196808,0.220000,1,4.693982,0.205472,0.190806,0.220000,0.220000,0.600000,0.600000,0.311127,0.330000,1.447550,1
1772480197,692675177,-0.605426,-1.466359,2.591876,-1.127095,-1.220815,-1.155485,1,0.236210,0.384236,0.311127,1.364763,0.311127,1.346731,0.293786,0.600000,0.188409,0.142468,0.196808,0.240970,0.194705,0.242672,0.194705,0.220000,1,4.727140,0.204141,0.189475,0.220000,0.220000,0.600000,0.600000,0.311127,0.330000,1.428424,1
1772480197,717743452,-0.609679,-1.465752,2.602001,-1.123944,-1.223735,-1.145360,1,0.229652,0.431624,0.311127,1.346731,0.311127,1.337185,0.293349,0.600000,0.174609,0.149169,0.194705,0.242672,0.194046,0.243200,0.194046,0.220000,1,4.737414,0.202039,0.187372,0.220000,0.220000,0.600000,0.600000,0.311127,0.330000,1.418299,1
1772480197,742789241,-0.615731,-1.466411,2.611353,-1.118595,-1.226640,-1.136008,1,0.229567,0.413812,0.311127,1.337185,0.311127,1.328368,0.292481,0.600000,0.171969,0.152078,0.194046,0.243200,0.192731,0.244243,0.192731,0.220000,1,4.757746,0.201380,0.186713,0.220000,0.220000,0.600000,0.600000,0.311127,0.330000,1.408947,1
1772480197,792859313,-0.627565,-1.468129,2.630799,-1.107887,-1.231965,-1.116561,1,0.227723,0.441829,0.311127,1.328368,0.311127,1.310033,0.291174,0.600000,0.165950,0.155943,0.192731,0.244243,0.190742,0.245800,0.190742,0.220000,1,4.788059,0.200064,0.185397,0.220000,0.220000,0.600000,0.600000,0.311127,0.330000,1.389500,1
1772480197,817935711,-0.632246,-1.468916,2.640721,-1.103592,-1.233984,-1.106640,1,0.226583,0.443199,0.311127,1.310033,0.311127,1.300679,0.291071,0.600000,0.161739,0.158683,0.190742,0.245800,0.190585,0.245922,0.190585,0.220000,1,4.790438,0.198075,0.183409,0.220000,0.220000,0.600000,0.600000,0.311127,0.330000,1.379579,1
1772480197,842928830,-0.638098,-1.470506,2.650993,-1.097876,-1.236009,-1.096368,1,0.229133,0.446679,0.311127,1.300679,0.311127,1.290994,0.290823,0.600000,0.160861,0.163174,0.190585,0.245922,0.190205,0.246216,0.190205,0.220000,1,4.796165,0.197918,0.183251,0.220000,0.220000,0.600000,0.600000,0.311127,0.330000,1.369306,1
1772480197,893094410,-0.648076,-1.472458,2.672683,-1.088562,-1.240086,-1.074678,1,0.227773,0.465591,0.311127,1.290994,0.311127,1.270545,0.290835,1.270994,0.155685,0.166262,0.190205,0.246216,0.190223,0.246201,0.190223,0.220000,1,4.795887,0.197538,0.182871,0.220000,0.220000,0.600000,0.600000,0.311127,0.330000,1.347616,1
1772480197,918157587,-0.655004,-1.475058,2.683455,-1.081322,-1.241442,-1.063859,1,0.225795,0.450341,0.311127,1.270545,0.311127,1.260345,0.290829,0.600000,0.152006,0.166966,0.190223,0.246201,0.190214,0.246209,0.190214,0.220000,1,4.796031,0.197557,0.182890,0.220000,0.220000,0.600000,0.600000,0.311127,0.330000,1.336798,1
1772480197,943162432,-0.658600,-1.476393,2.694231,-1.076532,-1.234819,-1.052308,1,0.227252,0.446671,0.311127,1.260345,0.311127,1.249455,0.295418,0.600000,0.149831,0.170862,0.190214,0.246209,0.197159,0.240683,0.197159,0.220000,1,4.688394,0.197547,0.182880,0.220000,0.220000,0.600000,0.600000,0.311127,0.330000,1.325247,1
1772480197,993258318,-0.669441,-1.480698,2.716514,-1.065166,-1.237444,-1.030026,1,0.229935,0.426282,0.311127,1.249455,0.311127,1.228447,0.296001,1.229455,0.153947,0.170793,0.197159,0.240683,0.198031,0.239966,0.198031,0.220000,1,4.674422,0.204492,0.189826,0.220000,0.220000,0.600000,0.600000,0.311127,0.330000,1.302965,1
1772480198,18289241,-0.674099,-1.482915,2.727622,-1.060074,-1.238269,-1.018918,1,0.233252,0.452247,0.311127,1.228447,0.311127,1.217974,0.296630,0.600000,0.155826,0.173564,0.198031,0.239966,0.198970,0.239188,0.198970,0.220000,1,4.659265,0.205365,0.190698,0.220000,0.220000,0.600000,0.600000,0.311127,0.330000,1.291856,1
1772480198,43353687,-0.678445,-1.485275,2.738571,-1.055157,-1.238800,-1.007969,1,0.237611,0.466112,0.311127,1.217974,0.311127,1.207651,0.297412,0.600000,0.159007,0.176566,0.198970,0.239188,0.200134,0.238215,0.200134,0.220000,1,4.640310,0.206304,0.191637,0.220000,0.220000,0.600000,0.600000,0.311127,0.330000,1.280908,1
1772480198,93505330,-0.688977,-1.490360,2.762717,-1.043602,-1.240607,-0.983823,1,0.237511,0.452940,0.311127,1.207651,0.311127,1.184886,0.298720,1.187651,0.159449,0.176033,0.200134,0.238215,0.202073,0.236573,0.202073,0.220000,1,4.608322,0.207468,0.192801,0.220000,0.220000,0.600000,0.600000,0.311127,0.330000,1.256762,1
1772480198,118479468,-0.694328,-1.492165,2.774509,-1.038175,-1.242165,-0.972030,1,0.242673,0.483696,0.311127,1.184886,0.311127,1.173768,0.299054,0.600000,0.162810,0.179952,0.202073,0.236573,0.202567,0.236149,0.202567,0.220000,1,4.600079,0.209406,0.194739,0.220000,0.220000,0.600000,0.600000,0.311127,0.330000,1.244969,1
1772480198,143522270,-0.699951,-1.496508,2.786183,-1.031080,-1.241791,-0.960357,1,0.245232,0.479961,0.311127,1.173768,0.311127,1.162762,0.300110,0.600000,0.165717,0.180767,0.202567,0.236149,0.204123,0.234806,0.204123,0.220000,1,4.573906,0.209900,0.195234,0.220000,0.220000,0.600000,0.600000,0.311127,0.330000,1.233296,1
1772480198,193842485,-0.709042,-1.501481,2.810451,-1.020774,-1.242871,-0.936089,1,0.246124,0.481354,0.311127,1.162762,0.311127,1.139882,0.302000,1.142762,0.166445,0.181309,0.204123,0.234806,0.206891,0.232371,0.206891,0.220000,1,4.526476,0.211456,0.196790,0.220000,0.220000,0.600000,0.600000,0.311127,0.330000,1.209027,1
1772480198,218652046,-0.714811,-1.503350,2.822791,-1.015031,-1.245069,-0.923910,1,0.249788,0.500535,0.311127,1.139882,0.311127,1.128399,0.302050,0.600000,0.169657,0.183332,0.206891,0.232371,0.206964,0.232306,0.206964,0.220000,1,4.525203,0.214224,0.199557,0.220000,0.220000,0.600000,0.600000,0.311127,0.330000,1.196848,1
1772480198,243781124,-0.720425,-1.507927,2.834179,-1.008730,-1.250838,-0.914762,1,0.251600,0.492017,0.311127,1.128399,0.311127,1.119775,0.299787,0.600000,0.172370,0.183280,0.206964,0.232306,0.203648,0.235218,0.203648,0.220000,1,4.581942,0.214297,0.199631,0.220000,0.220000,0.600000,0.600000,0.311127,0.330000,1.187700,1
1772480198,293804117,-0.729698,-1.513528,2.859650,-0.997919,-1.251531,-0.889290,1,0.254003,0.508403,0.311127,1.119775,0.311127,1.095760,0.302023,1.099775,0.173598,0.185421,0.203648,0.235218,0.206925,0.232341,0.206925,0.220000,1,4.525886,0.210981,0.196314,0.220000,0.220000,0.600000,0.600000,0.311127,0.330000,1.162229,1
1772480198,318825806,-0.734399,-1.515890,2.872398,-0.992711,-1.252274,-0.876543,1,0.252965,0.496720,0.311127,1.095760,0.311127,1.083742,0.302976,0.600000,0.172096,0.185404,0.206925,0.232341,0.208313,0.231097,0.208313,0.220000,1,4.501654,0.214258,0.199591,0.220000,0.220000,0.600000,0.600000,0.311127,0.330000,1.149482,1
1772480198,343900339,-0.739775,-1.519855,2.885736,-0.986033,-1.252086,-0.863204,1,0.255684,0.497980,0.311127,1.083742,0.311127,1.071166,0.304275,0.600000,0.175004,0.186407,0.208313,0.231097,0.210198,0.229383,0.210198,0.220000,1,4.468282,0.215646,0.200980,0.220000,0.220000,0.600000,0.600000,0.311127,0.330000,1.136143,1
1772480198,394013460,-0.749134,-1.525804,2.910956,-0.974952,-1.252543,-0.837985,1,0.254600,0.494023,0.311127,1.071166,0.311127,1.047389,0.306542,1.051166,0.175481,0.184465,0.210198,0.229383,0.213467,0.226345,0.213467,0.220000,1,4.409085,0.217531,0.202865,0.220000,0.220000,0.600000,0.600000,0.311127,0.330000,1.110923,1
1772480198,419058102,-0.754845,-1.528809,2.923097,-0.968548,-1.253334,-0.825843,1,0.256676,0.495382,0.311127,1.047389,0.311127,1.035942,0.307214,0.600000,0.178002,0.184927,0.213467,0.226345,0.214431,0.225432,0.214431,0.220000,1,4.391303,0.220000,0.206134,0.220000,0.219011,0.600000,0.600000,0.311127,0.330000,1.098782,1
1772480198,444076932,-0.760784,-1.534759,2.933830,-0.960641,-1.251209,-0.814859,1,0.260790,0.496632,0.311127,1.035942,0.311127,1.025585,0.308896,0.600000,0.181674,0.187100,0.214431,0.225432,0.216833,0.223122,0.216833,0.220000,1,4.346302,0.220000,0.207097,0.220000,0.218098,0.600000,0.600000,0.311127,0.330000,1.087797,1
1772480198,494158486,-0.769613,-1.540958,2.959963,-0.954560,-1.243046,-0.785485,1,0.262313,0.504590,0.311127,1.025585,0.311127,0.997892,0.308163,1.005585,0.183016,0.187919,0.216833,0.223122,0.227523,0.212211,0.220000,0.215788,1,4.133770,0.220000,0.209500,0.220000,0.215788,0.600000,0.600000,0.311127,0.330000,1.058424,1
1772480198,519207157,-0.774851,-1.544868,2.973102,-0.948028,-1.242802,-0.772347,1,0.265111,0.526272,0.311127,0.997892,0.311127,0.985505,0.304357,0.600000,0.185772,0.189136,0.227523,0.212211,0.229274,0.210317,0.220000,0.210317,1,4.096879,0.220000,0.220000,0.219544,0.204878,0.600000,0.600000,0.311127,0.330000,1.045286,1
1772480198,544278775,-0.779800,-1.549925,2.985938,-0.941083,-1.241450,-0.759511,1,0.268879,0.516330,0.311127,0.985505,0.311127,0.973403,0.302607,0.600000,0.194042,0.186127,0.229274,0.210317,0.231579,0.207776,0.220000,0.207776,1,4.047386,0.220000,0.220000,0.217651,0.202984,0.600000,0.600000,0.311127,0.330000,1.032450,1
1772480198,569326859,-0.786353,-1.553818,2.998554,-0.933478,-1.241966,-0.746895,1,0.271901,0.527771,0.311127,0.973403,0.311127,0.961509,0.301884,0.600000,0.196971,0.187437,0.231579,0.207776,0.232521,0.206722,0.220000,0.206722,1,4.026847,0.220000,0.220000,0.215110,0.200443,0.600000,0.600000,0.311127,0.330000,1.019834,1
1772480198,619395235,-0.796590,-1.561649,3.024795,-0.920069,-1.241576,-0.720768,1,0.274358,0.546865,0.311127,0.961509,0.311127,0.936876,0.299349,0.941509,0.199291,0.188561,0.232521,0.206722,0.235776,0.203001,0.220000,0.203001,1,3.954369,0.220000,0.220000,0.214055,0.199389,0.600000,0.600000,0.311127,0.330000,0.993707,1
1772480198,644387282,-0.802091,-1.565322,3.038911,-0.906838,-1.244688,-0.708055,1,0.273477,0.544798,0.311127,0.936876,0.311127,0.924889,0.300617,0.600000,0.199330,0.187235,0.235776,0.203001,0.234157,0.204867,0.220000,0.204867,1,3.990712,0.220000,0.220000,0.210335,0.195668,0.600000,0.600000,0.311127,0.330000,0.980993,1
1772480198,669549775,-0.807340,-1.569607,3.052229,-0.900084,-1.244152,-0.694737,1,0.275445,0.539611,0.311127,0.924889,0.311127,0.912333,0.299142,0.600000,0.202754,0.186442,0.234157,0.204867,0.236038,0.202697,0.220000,0.202697,1,3.948446,0.220000,0.220000,0.212200,0.197534,0.600000,0.600000,0.311127,0.330000,0.967676,1
1772480198,719546784,-0.818212,-1.577698,3.079183,-0.886539,-1.243685,-0.667783,1,0.274644,0.542644,0.311127,0.912333,0.311127,0.886921,0.296430,0.892333,0.201456,0.186668,0.236038,0.202697,0.239436,0.198672,0.220000,0.198672,1,3.870036,0.220000,0.220000,0.210031,0.195364,0.600000,0.600000,0.311127,0.330000,0.940722,1
1772480198,744558632,-0.823375,-1.582966,3.092417,-0.879296,-1.242291,-0.654549,1,0.275854,0.555810,0.311127,0.886921,0.311127,0.874444,0.294610,0.600000,0.202924,0.186861,0.239436,0.198672,0.241671,0.195947,0.220000,0.195947,1,3.816957,0.220000,0.220000,0.206005,0.191339,0.600000,0.600000,0.311127,0.330000,0.927488,1
1772480198,769632691,-0.828333,-1.587208,3.106014,-0.872738,-1.241695,-0.641010,1,0.277182,0.567152,0.311127,0.874444,0.311127,0.861679,0.293032,0.600000,0.205856,0.185616,0.241671,0.195947,0.243582,0.193566,0.220000,0.193566,1,3.770577,0.220000,0.220000,0.203280,0.188614,0.600000,0.600000,0.311127,0.330000,0.913949,1
1772480198,819684164,-0.838978,-1.596191,3.134522,-0.858012,-1.241285,-0.613259,1,0.278822,0.579105,0.311127,0.861679,0.311127,0.835516,0.290359,0.841679,0.208134,0.185532,0.243582,0.193566,0.246762,0.189495,0.220000,0.189495,1,3.691273,0.220000,0.220000,0.200900,0.186233,0.600000,0.600000,0.311127,0.330000,0.886198,1
1772480198,844737664,-0.844285,-1.600816,-3.133855,-0.851016,-1.240507,-0.598452,1,0.278309,0.581380,0.311127,0.835516,0.311127,0.821555,0.288544,0.600000,0.209259,0.183484,0.246762,0.189495,0.248882,0.186702,0.220000,0.186702,1,3.636868,0.220000,0.220000,0.196828,0.182162,0.600000,0.600000,0.311127,0.330000,0.871390,1
1772480198,869816795,-0.849626,-1.606444,-3.120059,-0.843420,-1.238925,-0.584655,1,0.279992,0.578186,0.311127,0.821555,0.311127,0.808547,0.286585,0.600000,0.212838,0.181922,0.248882,0.186702,0.251135,0.183660,0.220000,0.183660,1,3.577617,0.220000,0.220000,0.194035,0.179369,0.600000,0.600000,0.311127,0.330000,0.857594,1
1772480198,919883389,-0.860115,-1.615188,-3.090793,-0.833397,-1.234936,-0.556106,1,0.282348,0.589236,0.311127,0.808547,0.311127,0.781631,0.281942,0.788547,0.215256,0.182716,0.251135,0.183660,0.256900,0.175507,0.220000,0.176327,1,3.418788,0.220000,0.220000,0.190994,0.176327,0.600000,0.600000,0.311127,0.330000,0.829045,1
1772480198,944915124,-0.864088,-1.619911,-3.075797,-0.827439,-1.233322,-0.541110,1,0.282617,0.580655,0.311127,0.781631,0.311127,0.767493,0.279057,0.600000,0.217412,0.180567,0.256900,0.175507,0.259475,0.171677,0.220000,0.171677,1,3.344183,0.220000,0.220000,0.182840,0.168173,0.600000,0.600000,0.311127,0.330000,0.814049,1
1772480198,969965376,-0.870876,-1.626264,-3.060642,-0.818241,-1.231975,-0.525955,1,0.279469,0.584246,0.311127,0.767493,0.311127,0.753205,0.277228,0.600000,0.219222,0.173334,0.259475,0.171677,0.261428,0.168687,0.220000,0.168687,1,3.285951,0.220000,0.220000,0.179010,0.164344,0.600000,0.600000,0.311127,0.330000,0.798894,1
1772480199,20150219,-0.880440,-1.634703,-3.030093,-0.805282,-1.230474,-0.495352,1,0.279762,0.596044,0.311127,0.753205,0.311127,0.724352,0.273389,0.733205,0.220981,0.171564,0.261428,0.168687,0.265440,0.162301,0.220000,0.162301,1,3.161548,0.220000,0.220000,0.176021,0.161354,0.600000,0.600000,0.311127,0.330000,0.768291,1
1772480199,45040730,-0.884873,-1.640293,-3.014999,-0.794850,-1.228103,-0.479579,1,0.276998,0.615617,0.311127,0.724352,0.311127,0.709481,0.271170,0.600000,0.219962,0.168358,0.265440,0.162301,0.267707,0.158534,0.220000,0.158534,1,3.088167,0.220000,0.220000,0.169634,0.154968,0.600000,0.600000,0.311127,0.330000,0.752518,1
1772480199,70152883,-0.889756,-1.645800,-2.999366,-0.787700,-1.226359,-0.463947,1,0.272755,0.598511,0.311127,0.709481,0.311127,0.694742,0.268853,0.600000,0.219805,0.161495,0.267707,0.158534,0.270033,0.154538,0.220000,0.154538,1,3.010325,0.220000,0.220000,0.165867,0.151201,0.600000,0.600000,0.311127,0.330000,0.736885,1
1772480199,120193659,-0.898318,-1.656153,-2.966963,-0.774764,-1.222728,-0.431543,1,0.271196,0.604359,0.311127,0.694742,0.311127,0.664192,0.264706,0.674742,0.220239,0.158247,0.270033,0.154538,0.274903,0.145700,0.220000,0.147205,1,2.838173,0.220000,0.220000,0.161871,0.147205,0.600000,0.600000,0.311127,0.330000,0.704482,1
1772480199,145233328,-0.903500,-1.659461,-2.951120,-0.768432,-1.223284,-0.415749,1,0.268914,0.611371,0.311127,0.664192,0.311127,0.649301,0.262535,0.600000,0.220503,0.153927,0.274903,0.145700,0.276180,0.143264,0.220000,0.143264,1,2.790721,0.220000,0.220000,0.153034,0.138367,0.600000,0.600000,0.311127,0.330000,0.688688,1
1772480199,170304295,-0.907654,-1.664825,-2.936529,-0.759391,-1.225645,-0.401812,1,0.264584,0.598223,0.311127,0.649301,0.311127,0.636161,0.262631,0.600000,0.220481,0.146262,0.276180,0.143264,0.276089,0.143440,0.220000,0.143440,1,2.794137,0.220000,0.220000,0.150598,0.135931,0.600000,0.600000,0.311127,0.330000,0.674751,1
1772480199,220420539,-0.917410,-1.674706,-2.906051,-0.745742,-1.223092,-0.371334,1,0.262699,0.602356,0.311127,0.636161,0.311127,0.607426,0.258699,0.616161,0.220219,0.143227,0.276089,0.143440,0.279821,0.136016,0.220000,0.136106,1,2.649520,0.220000,0.220000,0.150773,0.136106,0.600000,0.600000,0.311127,0.330000,0.644273,1
1772480199,245407872,-0.921758,-1.678793,-2.890760,-0.739840,-1.222214,-0.356043,1,0.262796,0.595713,0.311127,0.607426,0.311127,0.593010,0.256752,0.593010,0.220610,0.142804,0.279821,0.136016,0.281564,0.132370,0.220000,0.132370,1,2.578497,0.220000,0.220000,0.143349,0.128682,0.600000,0.587426,0.311127,0.330000,0.628982,1
1772480199,270492232,-0.925302,-1.684874,-2.876120,-0.733121,-1.219060,-0.341219,1,0.259013,0.611001,0.311127,0.593010,0.311127,0.579034,0.254079,0.579034,0.220403,0.136051,0.281564,0.132370,0.283979,0.127107,0.220000,0.127107,1,2.475983,0.220000,0.220000,0.139703,0.125036,0.600000,0.573010,0.311127,0.330000,0.614158,1
1772480199,320588414,-0.934818,-1.694637,-2.844829,-0.715125,-1.213972,-0.307426,1,0.257133,0.598435,0.311127,0.579034,0.311127,0.547173,0.250491,0.559034,0.220653,0.132022,0.283979,0.127107,0.288128,0.117397,0.220000,0.119774,1,2.286839,0.220000,0.220000,0.134440,0.119774,0.599034,0.559034,0.311127,0.330000,0.580365,1
1772480199,345566782,-0.938263,-1.698905,-2.829527,-0.709865,-1.212418,-0.292124,1,0.254036,0.583369,0.311127,0.547173,0.311127,0.532746,0.247280,0.532746,0.220080,0.126882,0.288128,0.117397,0.289919,0.112904,0.220000,0.112904,1,2.199309,0.220000,0.220000,0.124730,0.110064,0.567173,0.527173,0.311127,0.330000,0.565063,1
1772480199,370633035,-0.942369,-1.704958,-2.815047,-0.702992,-1.209608,-0.277851,1,0.250507,0.552324,0.311127,0.532746,0.311127,0.519290,0.245073,0.519290,0.220579,0.118736,0.289919,0.112904,0.291786,0.107986,0.220000,0.107986,1,2.103511,0.220000,0.220000,0.120237,0.105570,0.552746,0.512746,0.311127,0.330000,0.550790,1
1772480199,420715800,-0.951499,-1.713881,-2.785501,-0.689645,-1.205276,-0.251177,1,0.246865,0.548262,0.311127,0.519290,0.311127,0.494141,0.241932,0.499290,0.219936,0.112117,0.291786,0.107986,0.294739,0.099643,0.220000,0.100652,1,1.941002,0.220000,0.220000,0.115319,0.100652,0.539290,0.499290,0.311127,0.330000,0.524115,1
1772480199,445742811,-0.954789,-1.716484,-2.770953,-0.685458,-1.205016,-0.236628,1,0.245490,0.533239,0.311127,0.494141,0.311127,0.480424,0.240093,0.480424,0.220717,0.107467,0.294739,0.099643,0.295898,0.096148,0.220000,0.096148,1,1.872917,0.220000,0.220000,0.106976,0.092310,0.514141,0.474141,0.311127,0.330000,0.509567,1
1772480199,470827871,-0.959567,-1.721947,-2.757388,-0.678417,-1.203256,-0.223064,1,0.241984,0.506963,0.311127,0.480424,0.311127,0.467636,0.238582,0.467636,0.220394,0.099914,0.295898,0.096148,0.297117,0.092312,0.220000,0.092312,1,1.798195,0.220000,0.220000,0.103481,0.088815,0.500424,0.460424,0.311127,0.330000,0.496003,1
1772480199,520857745,-0.967487,-1.732598,-2.731947,-0.669664,-1.199473,-0.200840,1,0.239675,0.485410,0.311127,0.467636,0.311127,0.446683,0.235842,0.447636,0.219905,0.095319,0.297117,0.092312,0.299432,0.084500,0.220000,0.084979,1,1.646019,0.220000,0.220000,0.099645,0.084979,0.487636,0.447636,0.311127,0.330000,0.473779,1
1772480199,545818762,-0.971443,-1.735651,-2.718849,-0.664672,-1.199240,-0.187742,1,0.238666,0.468126,0.311127,0.446683,0.311127,0.434334,0.234650,0.434334,0.220421,0.091520,0.299432,0.084500,0.300233,0.081611,0.220000,0.081611,1,1.589753,0.220000,0.220000,0.091833,0.077167,0.466683,0.426683,0.311127,0.330000,0.460681,1
1772480199,570875252,-0.976159,-1.740167,-2.706633,-0.658219,-1.198243,-0.175526,1,0.235876,0.444296,0.311127,0.434334,0.311127,0.422816,0.233640,0.422816,0.220315,0.084254,0.300233,0.081611,0.301019,0.078663,0.220000,0.078663,1,1.532311,0.220000,0.220000,0.088945,0.074278,0.454334,0.414334,0.311127,0.330000,0.448464,1
1772480199,621035347,-0.983749,-1.749016,-2.683075,-0.651086,-1.191300,-0.151195,1,0.235106,0.433618,0.311127,0.422816,0.311127,0.399877,0.231274,0.402816,0.220650,0.081171,0.301019,0.078663,0.303861,0.066848,0.220000,0.071329,1,1.302168,0.220000,0.220000,0.085996,0.071329,0.442816,0.402816,0.311127,0.330000,0.424134,1
1772480199,645921713,-0.988476,-1.752545,-2.672188,-0.645189,-1.191114,-0.140307,1,0.230918,0.381658,0.311127,0.399877,0.311127,0.389612,0.229363,0.389612,0.220320,0.069154,0.303861,0.066848,0.304290,0.064865,0.220000,0.064865,1,1.263535,0.220000,0.220000,0.074181,0.059515,0.419877,0.379877,0.311127,0.330000,0.413246,1
1772480199,671062893,-0.992050,-1.758005,-2.660967,-0.639133,-1.188684,-0.129087,1,0.230760,0.403594,0.311127,0.389612,0.311127,0.379033,0.228241,0.379033,0.219637,0.070779,0.304290,0.064865,0.305133,0.060779,0.220000,0.060779,1,1.183941,0.220000,0.220000,0.072198,0.057531,0.409612,0.369612,0.311127,0.330000,0.402025,1
1772480199,721032223,-0.999668,-1.766555,-2.639234,-0.626539,-1.186044,-0.101535,1,0.229129,0.390672,0.311127,0.379033,0.311127,0.353057,0.226399,0.359033,0.220054,0.063847,0.305133,0.060779,0.306552,0.053158,0.220000,0.053445,1,1.035496,0.220000,0.220000,0.068112,0.053445,0.399033,0.359033,0.311127,0.330000,0.374474,1
1772480199,746004431,-1.004603,-1.770493,-2.629395,-0.620240,-1.185604,-0.091695,1,0.226248,0.338404,0.311127,0.353057,0.311127,0.343780,0.225913,0.343780,0.220331,0.051405,0.306552,0.053158,0.306860,0.051350,0.220000,0.051350,1,1.000265,0.220000,0.220000,0.060492,0.045825,0.373057,0.333057,0.311127,0.330000,0.364634,1
1772480199,771094536,-1.008404,-1.774625,-2.619776,-0.614765,-1.184362,-0.082076,1,0.226262,0.352977,0.311127,0.343780,0.311127,0.334711,0.225317,0.334711,0.220031,0.052737,0.306860,0.051350,0.307298,0.048661,0.220000,0.048661,1,0.947886,0.220000,0.220000,0.058683,0.044016,0.363780,0.323780,0.311127,0.330000,0.355015,1
1772480199,821075169,-1.016864,-1.781727,-2.601439,-0.604417,-1.182393,-0.068365,1,0.225756,0.336196,0.311127,0.334711,0.311127,0.321785,0.224614,0.321785,0.220000,0.050657,0.307298,0.048661,0.307813,0.045293,0.220000,0.045293,1,0.882281,0.220000,0.220000,0.055994,0.041327,0.354711,0.314711,0.311127,0.330000,0.341304,1
1772480199,846054844,-1.019696,-1.786558,-2.592803,-0.599331,-1.180048,-0.059730,1,0.224441,0.308927,0.311127,0.321785,0.311127,0.313643,0.223934,0.313643,0.220168,0.043587,0.307813,0.045293,0.308308,0.041788,0.220000,0.041788,1,0.814020,0.220000,0.220000,0.052626,0.037959,0.341785,0.301785,0.311127,0.330000,0.332669,1
1772480199,871197402,-1.023458,-1.788956,-2.584187,-0.594874,-1.180232,-0.051114,1,0.224471,0.313583,0.311127,0.313643,0.311127,0.305520,0.223687,0.305520,0.219991,0.044622,0.308308,0.041788,0.308487,0.040444,0.220000,0.040444,1,0.787836,0.220000,0.220000,0.049122,0.034455,0.333643,0.293643,0.311127,0.330000,0.324053,1
1772480199,921189603,-1.031917,-1.797853,-2.567591,-0.582208,-1.181837,-0.034124,1,0.223706,0.335317,0.311127,0.305520,0.311127,0.289502,0.223593,0.289502,0.219828,0.041477,0.308487,0.040444,0.308555,0.039922,0.220000,0.039922,1,0.777654,0.220000,0.220000,0.047778,0.033111,0.325520,0.285520,0.311127,0.330000,0.307063,1
1772480199,946148359,-1.035877,-1.803036,-2.559667,-0.575996,-1.179846,-0.026201,1,0.223883,0.288116,0.311127,0.289502,0.311127,0.282032,0.223130,0.282032,0.220390,0.039394,0.308555,0.039922,0.308890,0.037245,0.220000,0.037245,1,0.725509,0.220000,0.220000,0.047255,0.032588,0.309502,0.269502,0.311127,0.330000,0.299140,1
1772480199,996119693,-1.043790,-1.810938,-2.544985,-0.564905,-1.177771,-0.011675,1,0.224448,0.288113,0.311127,0.282032,0.311127,0.268337,0.222566,0.268337,0.220981,0.039295,0.308890,0.037245,0.309297,0.033698,0.220000,0.033698,1,0.656427,0.220000,0.220000,0.044578,0.029911,0.302032,0.262032,0.311127,0.330000,0.284614,1
1772480200,21158816,-1.047667,-1.814690,-2.537511,-0.557695,-1.174397,-0.007809,1,0.222491,0.287366,0.311127,0.268337,0.311127,0.264692,0.222209,0.264692,0.219496,0.036384,0.309297,0.033698,0.309553,0.031258,0.220000,0.031258,1,0.608887,0.220000,0.220000,0.041032,0.026365,0.288337,0.248337,0.311127,0.330000,0.280748,1
1772480200,46135437,-1.052497,-1.818492,-2.530718,-0.551558,-1.174059,-0.001016,1,0.222265,0.267655,0.311127,0.264692,0.311127,0.258287,0.222093,0.258287,0.220202,0.030214,0.309553,0.031258,0.309636,0.030421,0.220000,0.030421,1,0.592594,0.220000,0.220000,0.038591,0.023924,0.284692,0.244692,0.311127,0.330000,0.273955,1
1772480200,71116794,-1.056790,-1.822746,-2.523593,-0.545600,-1.173043,0.006109,1,0.221897,0.254705,0.311127,0.258287,0.311127,0.251570,0.221879,0.251570,0.219853,0.030049,0.309636,0.030421,0.309790,0.028813,0.220000,0.028813,1,0.561263,0.220000,0.220000,0.037755,0.023088,0.278287,0.238287,0.311127,0.330000,0.266830,1
1772480200,121168245,-1.064579,-1.830027,-2.510005,-0.531309,-1.172533,0.016603,1,0.221982,0.254504,0.311127,0.251570,0.311127,0.241675,0.221872,0.241675,0.219945,0.030005,0.309790,0.028813,0.309795,0.028763,0.220000,0.028763,1,0.560295,0.220000,0.220000,0.036146,0.021480,0.271570,0.231570,0.311127,0.330000,0.256335,1
1772480200,146143221,-1.068687,-1.833875,-2.503742,-0.525733,-1.171760,0.022866,1,0.221944,0.252594,0.311127,0.241675,0.311127,0.235771,0.221718,0.235771,0.220188,0.027861,0.309795,0.028763,0.309905,0.027545,0.220000,0.027545,1,0.536561,0.220000,0.220000,0.036097,0.021430,0.261675,0.221675,0.311127,0.330000,0.250073,1
1772480200,196120190,-1.076411,-1.841117,-2.491941,-0.515329,-1.170135,0.034631,1,0.222079,0.248824,0.311127,0.235771,0.311127,0.224679,0.221425,0.224679,0.220201,0.028825,0.309905,0.027545,0.310115,0.025077,0.220000,0.025077,1,0.488495,0.220000,0.220000,0.034878,0.020212,0.255771,0.215771,0.311127,0.330000,0.238308,1
1772480200,221192315,-1.080381,-1.845374,-2.486035,-0.512158,-1.163890,0.039435,1,0.221514,0.231413,0.311127,0.224679,0.311127,1.701110,0.220790,0.244679,0.219889,0.026775,0.310115,0.025077,0.310567,0.018666,0.220000,0.018666,1,0.363610,0.220000,0.220000,0.032411,0.017744,0.244679,0.204679,0.311127,0.330000,1.804300,1
1772480200,246156003,-1.083203,-1.850073,-2.480539,-0.507139,-1.161686,0.044931,1,0.220917,0.175002,0.311127,1.701110,0.311127,1.695929,0.220597,0.600000,0.220217,0.017571,0.310567,0.018666,0.310704,0.016224,0.220000,0.016224,1,0.316039,0.220000,0.220000,0.026000,0.011333,0.600000,0.600000,0.311127,0.330000,1.798804,1
1772480200,296129730,-1.091512,-1.857710,-2.469970,-0.495879,-1.160279,0.055519,1,0.220585,0.239754,0.311127,1.695929,0.311127,1.727469,0.220397,0.600000,0.219827,0.018275,0.310704,0.016224,0.310846,0.013220,0.220000,0.013220,1,0.263866,0.220000,0.220000,0.023557,0.008891,0.600000,0.600000,0.311127,0.330000,1.788216,1
1772480200,321189101,-1.096109,-1.859582,-2.463310,-0.488344,-1.162383,0.062935,1,0.220902,0.262453,0.311127,1.727469,0.311127,1.760094,0.220427,0.600000,0.220586,0.011826,0.310846,0.013220,0.310825,0.013711,0.220000,0.013711,1,0.279984,0.220000,0.220000,0.020554,0.005887,0.600000,0.600000,0.311127,0.330000,1.780800,1
1772480200,346172318,-1.099999,-1.863809,-2.456113,-0.482727,-1.161177,0.070132,1,0.220349,0.278993,0.311127,1.760094,0.311127,1.785381,0.220268,0.600000,0.220008,0.012250,0.310825,0.013711,0.310937,0.010871,0.220000,0.010871,1,0.226099,0.220000,0.220000,0.021044,0.006377,0.600000,0.600000,0.311127,0.330000,1.773603,1
1772480200,371186428,-1.104157,-1.869128,-2.448351,-0.476261,-1.159233,0.077894,1,0.220294,0.315038,0.311127,1.785381,0.311127,1.816543,0.220117,0.600000,0.219872,0.013635,0.310937,0.010871,0.311044,0.007167,0.220000,0.007167,1,0.152325,0.220000,0.220000,0.018204,0.003538,0.600000,0.600000,0.311127,0.330000,1.765841,1
1772480200,421264701,-1.111840,-1.876411,-2.432459,-0.468317,-1.151982,0.090634,1,0.220505,0.318356,0.311127,1.816543,0.311127,1.855996,0.220000,0.600000,0.220432,0.005659,0.311044,0.007167,0.311106,-0.003588,0.220000,-0.000167,1,-0.078472,0.220000,0.220000,0.014500,-0.000167,0.600000,0.600000,0.311127,0.330000,1.753101,1
1772480200,446234050,-1.114512,-1.879794,-2.425402,-0.464178,-1.150774,0.097691,1,0.220014,0.301185,0.311127,1.855996,0.311127,1.875454,0.220103,0.600000,0.219999,-0.002561,0.311106,-0.003588,0.311054,-0.006724,0.220000,-0.006724,1,-0.149228,0.220000,0.220000,0.003746,-0.010921,0.600000,0.600000,0.311127,0.330000,1.746044,1
1772480200,471267207,-1.120209,-1.884540,-2.416343,-0.456785,-1.150211,0.106750,1,0.220319,0.369653,0.311127,1.875454,0.311127,1.914737,0.220207,0.600000,0.220319,0.000000,0.311054,-0.006724,0.310981,-0.009542,0.220000,-0.009542,1,-0.217322,0.220000,0.220000,0.000609,-0.014058,0.600000,0.600000,0.311127,0.330000,1.736985,1
1772480200,521271026,-1.126705,-1.889451,-2.396694,-0.448061,-1.143856,0.130504,1,0.220406,0.430126,0.311127,1.914737,0.311127,1.951632,0.220646,0.600000,0.220130,-0.011036,0.310981,-0.009542,0.310248,-0.023375,0.220000,-0.016875,1,-0.550158,0.220000,0.220000,-0.002209,-0.016875,0.600000,0.600000,0.311127,0.330000,1.713231,1
1772480200,546316645,-1.131926,-1.894376,-2.386220,-0.440956,-1.142842,0.140978,1,0.221472,0.392287,0.311127,1.951632,0.311127,1.991844,0.221693,0.600000,0.220520,-0.020515,0.310248,-0.023375,0.309923,-0.027346,0.220000,-0.027346,1,-0.660920,0.220000,0.220000,-0.016042,-0.030708,0.600000,0.600000,0.311127,0.330000,1.702757,1
1772480200,596376727,-1.139752,-1.900899,-2.364823,-0.430801,-1.142023,0.162375,1,0.220406,0.428270,0.311127,1.991844,0.311127,2.045122,0.222659,0.600000,0.219683,-0.017838,0.309923,-0.027346,0.309229,-0.034309,0.220000,-0.034309,1,-0.862235,0.220000,0.220000,-0.020013,-0.034679,0.600000,0.600000,0.311127,0.330000,1.681360,1
1772480200,621405742,-1.144324,-1.905953,-2.353966,-0.424176,-1.140549,0.173245,1,0.222356,0.408501,0.311127,2.045122,0.311127,2.086468,0.223442,0.600000,0.219708,-0.034217,0.309229,-0.034309,0.308664,-0.039067,0.220000,-0.039067,1,-1.008166,0.220000,0.220000,-0.026976,-0.041643,0.600000,0.600000,0.311127,0.330000,1.670490,1
1772480200,646418705,-1.148860,-1.907858,-2.341904,-0.420960,-1.142947,0.186147,1,0.223734,0.477977,0.311127,2.086468,0.311127,2.096318,0.223581,0.600000,0.220044,-0.040467,0.308664,-0.039067,0.308564,-0.039853,0.220000,-0.039853,1,-1.041357,0.220000,0.220000,-0.031734,-0.046400,0.600000,0.600000,0.311127,0.330000,1.657588,1
1772480200,671450644,-1.153596,-1.911909,-2.329556,-0.414755,-1.142361,0.198495,1,0.223850,0.480995,0.311127,2.096318,0.311127,2.134749,0.224347,0.600000,0.220213,-0.040186,0.308564,-0.039853,0.308007,-0.043951,0.220000,-0.043951,1,-1.178261,0.220000,0.220000,-0.032520,-0.047187,0.600000,0.600000,0.311127,0.330000,1.645240,1
1772480200,721541630,-1.162553,-1.918684,-2.304320,-0.403531,-1.141979,0.223731,1,0.224546,0.484836,0.311127,2.134749,0.311127,2.205259,0.225898,0.600000,0.219712,-0.046343,0.308007,-0.043951,0.306857,-0.051367,0.220000,-0.051284,1,-1.444703,0.220000,0.220000,-0.036618,-0.051284,0.600000,0.600000,0.311127,0.330000,1.620004,1
1772480200,746558088,-1.165716,-1.921332,-2.290832,-0.399270,-1.141521,0.237263,1,0.225721,0.549625,0.311127,2.205259,0.311127,2.228583,0.226967,0.600000,0.219447,-0.052851,0.306857,-0.051367,0.306082,-0.055802,0.220000,-0.055802,1,-1.599404,0.220000,0.220000,-0.044033,-0.058700,0.600000,0.600000,0.311127,0.330000,1.606473,1
1772480200,796664023,-1.173984,-1.927878,-2.264116,-0.382068,-1.135851,0.265911,1,0.225909,0.539337,0.311127,2.228583,0.311127,2.373436,0.228880,0.600000,0.219806,-0.052157,0.306082,-0.055802,0.302819,-0.071420,0.220000,-0.063135,1,-2.219700,0.220000,0.220000,-0.048468,-0.063135,0.600000,0.600000,0.311127,0.330000,1.577824,1
1772480200,821727186,-1.179541,-1.931432,-2.250233,-0.375478,-1.136131,0.279794,1,0.230583,0.535602,0.311127,2.373436,0.311127,2.429808,0.232386,0.600000,0.220726,-0.066695,0.302819,-0.071420,0.301988,-0.074854,0.220000,-0.074854,1,-2.402809,0.220000,0.220000,-0.064087,-0.078753,0.600000,0.600000,0.311127,0.330000,1.563941,1
1772480200,846701547,-1.184227,-1.935206,-2.235367,-0.369475,-1.135731,0.294660,1,0.231244,0.604938,0.311127,2.429808,0.311127,2.481222,0.233962,0.600000,0.219838,-0.071728,0.301988,-0.074854,0.300769,-0.079611,0.220000,-0.079611,1,-2.634652,0.220000,0.220000,-0.067520,-0.082187,0.600000,0.600000,0.311127,0.330000,1.549075,1
1772480200,871786708,-1.187865,-1.937505,-2.220382,-0.365176,-1.135939,0.309645,1,0.231115,0.596171,0.311127,2.481222,0.311127,2.512693,0.235327,0.600000,0.219489,-0.072379,0.300769,-0.079611,0.299702,-0.083539,0.220000,-0.083539,1,-2.827057,0.220000,0.220000,-0.072278,-0.086945,0.600000,0.600000,0.311127,0.330000,1.534090,1
1772480200,921928281,-1.196888,-1.944719,-2.188875,-0.360089,-1.139066,0.340862,1,0.236234,0.576683,0.311127,2.512693,0.311127,2.527226,0.236767,0.600000,0.219729,-0.086751,0.299702,-0.083539,0.298565,-0.087514,0.220000,-0.087514,1,-3.040552,0.220000,0.220000,-0.076206,-0.090873,0.600000,0.600000,0.311127,0.330000,1.502873,0
1772480200,946938509,-1.200079,-1.948732,-2.173919,-0.355171,-1.137614,0.355819,1,0.236630,0.612263,0.311127,2.527226,0.311127,2.571387,0.239204,0.600000,0.219385,-0.088679,0.298565,-0.087514,0.296616,-0.093908,0.220000,-0.093908,1,-3.353099,0.220000,0.220000,-0.080180,-0.094847,0.600000,0.600000,0.311127,0.330000,1.487917,1
1772480200,971967877,-1.205566,-1.951019,-2.158644,-0.349366,-1.138894,0.371093,1,0.236787,0.601952,0.311127,2.571387,0.311127,2.628625,0.239944,0.600000,0.219349,-0.089186,0.296616,-0.093908,0.296019,-0.095776,0.220000,-0.095776,1,-3.532179,0.220000,0.220000,-0.086575,-0.101241,0.600000,0.600000,0.311127,0.330000,1.472642,0
1772480201,22095213,-1.215477,-1.960816,-2.127343,-0.335626,-1.136567,0.402394,1,0.240014,0.594451,0.311127,2.628625,0.311127,2.794741,0.242964,0.600000,0.219343,-0.097443,0.296019,-0.095776,0.291866,-0.107771,0.220000,-0.103109,1,-4.317479,0.220000,0.220000,-0.088443,-0.103109,0.600000,0.600000,0.311127,0.330000,1.441341,0
1772480201,47118647,-1.220774,-1.962799,-2.112398,-0.330151,-1.137986,0.417340,1,0.243103,0.611320,0.311127,2.794741,0.311127,2.861907,0.245505,0.600000,0.219398,-0.104709,0.291866,-0.107771,0.291423,-0.108963,0.220000,-0.108963,1,-4.516973,0.220000,0.220000,-0.100437,-0.115104,0.600000,0.600000,0.311127,0.330000,1.426396,0
1772480201,97204994,-1.231029,-1.970654,-2.082823,-0.321685,-1.137877,0.446042,1,0.247489,0.594051,0.311127,2.861907,0.311127,2.966064,0.248847,0.600000,0.220437,-0.112510,0.291423,-0.108963,0.288490,-0.116504,0.220000,-0.116296,1,-5.108170,0.220000,0.220000,-0.101629,-0.116296,0.600000,0.600000,0.311127,0.330000,1.397693,0
1772480201,122295084,-1.235389,-1.974460,-2.067592,-0.315929,-1.137271,0.461273,1,0.251365,0.560111,0.311127,2.966064,0.311127,3.054203,0.251266,0.600000,0.220009,-0.121575,0.288490,-0.116504,0.286470,-0.121387,0.220000,-0.121387,1,-5.540770,0.220000,0.220000,-0.109171,-0.123838,0.600000,0.600000,0.311127,0.330000,1.382462,0
1772480201,147322423,-1.240626,-1.977305,-2.052187,-0.310009,-1.137955,0.476678,1,0.251035,0.599752,0.311127,3.054203,0.311127,3.151388,0.252336,0.600000,0.219105,-0.122522,0.286470,-0.121387,0.285528,-0.123587,0.220000,-0.123587,1,-5.886289,0.220000,0.220000,-0.114053,-0.128720,0.600000,0.600000,0.311127,0.330000,1.367057,0
1772480201,172420021,-1.244979,-1.980581,-2.037068,-0.304564,-1.137779,0.491797,1,0.252590,0.597661,0.311127,3.151388,0.311127,3.247545,0.254257,0.600000,0.219509,-0.124970,0.285528,-0.123587,0.283819,-0.127463,0.220000,-0.127463,1,-6.326109,0.220000,0.220000,-0.116253,-0.130920,0.600000,0.600000,0.311127,0.330000,1.351938,0
1772480201,222512074,-1.254842,-1.987165,-2.008691,-0.292709,-1.138064,0.520174,1,0.255379,0.591057,0.311127,3.247545,0.311127,3.498104,0.256983,0.600000,0.219973,-0.129732,0.283819,-0.127463,0.281354,-0.132816,0.220000,-0.132816,1,-7.252600,0.220000,0.220000,-0.120130,-0.134796,0.600000,0.600000,0.311127,0.330000,1.323561,0
1772480201,247537909,-1.261056,-1.991239,-1.993645,-0.285282,-1.138306,0.535220,1,0.257047,0.611243,0.311127,3.498104,0.311127,3.689696,0.258084,0.600000,0.219322,-0.134056,0.281354,-0.132816,0.280344,-0.134934,0.220000,-0.134934,1,-7.861197,0.220000,0.220000,-0.125483,-0.140149,0.600000,0.600000,0.311127,0.330000,1.308515,0
1772480201,272596309,-1.266597,-1.994797,-1.978171,-0.278703,-1.138581,0.550693,1,0.258960,0.589950,0.311127,3.689696,0.311127,3.875299,0.259165,0.600000,0.219777,-0.136962,0.280344,-0.134934,0.279345,-0.136991,0.220000,-0.136991,1,-8.482801,0.220000,0.220000,-0.127601,-0.142268,0.600000,0.600000,0.311127,0.330000,1.293042,0
1772480201,322657606,-1.278035,-2.004877,-1.947417,-0.266840,-1.140332,0.579210,1,0.258553,0.595451,0.311127,3.875299,0.311127,4.266581,0.258788,0.600000,0.218562,-0.138131,0.279345,-0.136991,0.279694,-0.136276,0.220000,-0.136276,1,-9.500061,0.220000,0.220000,-0.129658,-0.144324,0.600000,0.600000,0.311127,0.330000,1.264525,0
1772480201,347712667,-1.282500,-2.007776,-1.934098,-0.261520,-1.140540,0.592528,1,0.259444,0.612255,0.311127,4.266581,0.311127,4.476375,0.259270,0.600000,0.219862,-0.137738,0.279694,-0.136276,0.279248,-0.137189,0.220000,-0.137189,1,-10.140756,0.220000,0.220000,-0.128943,-0.143609,0.600000,0.600000,0.311127,0.330000,1.251207,0
1772480201,372829265,-1.288396,-2.011729,-1.918586,-0.254423,-1.140712,0.608040,1,0.258860,0.607895,0.311127,4.476375,0.311127,4.807855,0.259470,0.600000,0.219522,-0.137181,0.279248,-0.137189,0.279062,-0.137566,0.220000,-0.137566,1,-11.058756,0.220000,0.220000,-0.129855,-0.144522,0.600000,0.600000,0.311127,0.330000,1.235695,0
1772480201,422906736,-1.298289,-2.020336,-1.891093,-0.241377,-1.139390,0.635534,1,0.259652,0.591980,0.311127,4.807855,0.311127,5.621430,0.262137,0.600000,0.219761,-0.138290,0.279062,-0.137566,0.276557,-0.142534,0.220000,-0.142534,1,-13.701926,0.220000,0.220000,-0.130233,-0.144899,0.600000,0.600000,0.311127,0.330000,1.208201,0
1772480201,447970006,-1.302660,-2.023952,-1.876494,-0.235721,-1.138958,0.650132,1,0.259820,0.588456,0.311127,5.621430,0.311127,5.968014,0.263174,0.600000,0.220104,-0.138061,0.276557,-0.142534,0.275571,-0.144432,0.220000,-0.144432,1,-15.165842,0.220000,0.220000,-0.135201,-0.149868,0.600000,0.600000,0.311127,0.330000,1.193603,0
1772480201,472970882,-1.308698,-2.028881,-1.861382,-0.227747,-1.138178,0.665539,1,0.263084,0.566787,0.311127,5.968014,0.311127,5.890981,0.263916,5.948014,0.219640,-0.144815,0.275571,-0.144432,0.274861,-0.145780,0.220000,-0.145780,1,-17.604895,0.220000,0.220000,-0.137099,-0.151766,0.600000,0.600000,0.311127,0.330000,1.178196,0
1772480201,523090240,-1.318864,-2.037709,-1.829922,-0.211658,-1.133523,0.701028,1,0.263035,0.614091,0.311127,5.890981,0.311127,5.713534,0.308244,5.870981,0.219478,-0.144971,0.274861,-0.145780,0.261844,-0.168040,0.267527,-0.153113,1,-29.504065,0.220000,0.220000,-0.138446,-0.153113,0.600000,0.600000,0.311127,0.330000,1.142707,0
1772480201,548092349,-1.324574,-2.044656,-1.815447,-0.202997,-1.131106,0.715504,1,0.263565,0.603551,0.311127,5.713534,0.311127,5.641157,0.309082,5.693534,0.219352,-0.146119,0.261844,-0.168040,0.251251,-0.183502,0.254511,-0.175374,1,-42.525196,0.220000,0.220000,-0.160707,-0.175374,0.600000,0.600000,0.311127,0.330000,1.128231,0
1772480201,573196341,-1.329526,-2.048533,-1.801400,-0.196717,-1.130768,0.729550,1,0.270562,0.557995,0.311127,5.641157,0.311127,5.570923,0.287282,5.621157,0.220351,-0.157000,0.251251,-0.183502,0.250338,-0.184746,0.220000,-0.184746,1,-55.356154,0.220000,0.220000,-0.176168,-0.190835,0.600000,0.600000,0.311127,0.330000,1.114185,0
1772480201,623309062,-1.339302,-2.057511,-1.772354,-0.184814,-1.126990,0.763806,1,0.272311,0.622912,0.311127,5.570923,0.311127,5.399645,0.309751,5.550923,0.219570,-0.161066,0.250338,-0.184746,0.181295,-0.252848,0.243004,-0.192079,1,-168.951348,0.220000,0.220000,-0.177413,-0.192079,0.600000,0.600000,0.311127,0.330000,1.079929,0
1772480201,648342038,-1.343971,-2.062305,-1.757438,-0.178247,-1.125706,0.778722,1,0.276573,0.591983,0.311127,5.399645,0.311127,5.325065,0.280469,5.379645,0.219150,-0.168718,0.181295,-0.252848,-0.006534,-0.311058,0.173962,-0.220000,1,-475.640488,0.188628,0.173962,-0.220000,-0.220000,0.600000,0.600000,0.311127,0.330000,1.065013,0
1772480201,673375963,-1.350007,-2.067635,-1.742300,-0.170250,-1.124758,0.793861,1,0.278500,0.514110,0.311127,5.325065,0.311127,5.249373,0.304041,5.305065,0.211954,-0.180660,-0.006534,-0.311058,-0.308529,0.040125,-0.013867,-0.303725,1,39.758037,0.000800,-0.013867,-0.220000,-0.220000,0.600000,0.600000,0.311127,0.330000,1.049875,0
1772480201,723503757,-1.359903,-2.077892,-1.711251,-0.155913,-1.122100,0.824619,1,0.275041,0.609746,0.311127,5.249373,0.311127,5.095583,0.225061,5.229373,0.205094,-0.183260,-0.308529,0.040125,-0.273833,0.147701,-0.220000,0.047459,1,46.195730,-0.220000,-0.220000,0.047459,0.032792,0.600000,0.600000,0.311127,0.330000,1.019117,0
1772480201,748517780,-1.365426,-2.083140,-1.696039,-0.144137,-1.122652,0.836416,1,0.264900,0.620199,0.311127,5.095583,0.311127,5.036594,0.269139,5.075583,0.197796,-0.176207,-0.273833,0.147701,-0.248949,0.186612,-0.220000,0.155035,1,37.709060,-0.220000,-0.220000,0.155035,0.140368,0.600000,0.600000,0.311127,0.330000,1.007319,0
1772480201,773542147,-1.370516,-2.087776,-1.680439,-0.137311,-1.121762,0.852017,1,0.252379,0.602170,0.311127,5.036594,0.311127,4.958593,0.292816,5.016594,0.188666,-0.167631,-0.248949,0.186612,-0.243842,0.193238,-0.220000,0.193238,1,32.110678,-0.220000,-0.220000,0.193946,0.179279,0.600000,0.600000,0.311127,0.330000,0.991719,0
1772480201,823638261,-1.380081,-2.094746,-1.649942,-0.125759,-1.122118,0.882351,1,0.243704,0.608678,0.311127,4.958593,0.311127,4.806922,0.297706,4.938593,0.183205,-0.160710,-0.243842,0.193238,-0.227809,0.211904,-0.220000,0.200572,1,27.221301,-0.220000,-0.220000,0.200572,0.185905,0.600000,0.600000,0.311127,0.330000,0.961384,0
1772480201,848719486,-1.384971,-2.100545,-1.635207,-0.121827,-1.127413,0.895127,1,0.233439,0.605989,0.311127,4.806922,0.311127,4.743039,0.310925,4.786922,0.175514,-0.153911,-0.227809,0.211904,-0.200629,0.237798,-0.220476,0.219237,1,28.547350,-0.220000,-0.220000,0.219237,0.204570,0.600000,0.600000,0.311127,0.330000,0.948608,0
1772480201,873719999,-1.389170,-2.104292,-1.622136,-0.116239,-1.126753,0.908199,1,0.220419,0.603151,0.311127,4.743039,0.311127,4.677682,0.297055,4.723039,0.166108,-0.144888,-0.200629,0.237798,-0.199604,0.238660,-0.199604,0.220000,1,25.935619,-0.193296,-0.207963,0.220000,0.220000,0.600000,0.600000,0.311127,0.330000,0.935536,0
1772480201,923812970,-1.395651,-2.109852,-1.594646,-0.107607,-1.126091,0.935638,1,0.212253,0.587399,0.311127,4.677682,0.311127,4.166976,0.293521,4.657682,0.160455,-0.138945,-0.199604,0.238660,-0.194306,0.242992,-0.194306,0.220000,1,23.037520,-0.192270,-0.206937,0.220000,0.220000,0.600000,0.600000,0.311127,0.330000,0.908097,0
1772480201,948886207,-1.399941,-2.115506,-1.579753,-0.099220,-1.126038,0.949906,1,0.201909,0.594742,0.311127,4.166976,0.311127,3.650204,0.290640,4.146976,0.153148,-0.131580,-0.194306,0.242992,-0.189925,0.246431,-0.189925,0.220000,1,20.792816,-0.186973,-0.201639,0.220000,0.220000,0.600000,0.600000,0.311127,0.330000,0.893829,0
1772480201,973929920,-1.402028,-2.118496,-1.566050,-0.095794,-1.124789,0.963610,1,0.192211,0.583079,0.311127,3.650204,0.311127,3.437387,0.290709,3.630204,0.146261,-0.124711,-0.189925,0.246431,-0.190031,0.246350,-0.190031,0.220000,1,19.878805,-0.182592,-0.197259,0.220000,0.220000,0.600000,0.600000,0.311127,0.330000,0.880126,0
1772480202,24011592,-1.408891,-2.125911,-1.536587,-0.086111,-1.122339,0.992962,1,0.181204,0.598712,0.311127,3.437387,0.311127,2.958296,0.289517,3.417387,0.138795,-0.116494,-0.190031,0.246350,-0.188203,0.247749,-0.188203,0.220000,1,17.798970,-0.182698,-0.197365,0.220000,0.220000,0.600000,0.600000,0.311127,0.330000,0.850773,0
1772480202,49069957,-1.412449,-2.130377,-1.521634,-0.082975,-1.116835,1.006586,1,0.171572,0.604674,0.311127,2.958296,0.311127,2.796177,0.309894,2.938296,0.131724,-0.109936,-0.188203,0.247749,-0.198660,0.239445,-0.195536,0.240416,1,16.524281,-0.180870,-0.195536,0.220000,0.220000,0.600000,0.600000,0.311127,0.330000,0.837150,0
1772480202,74075582,-1.414504,-2.131961,-1.507597,-0.080383,-1.116723,1.020622,1,0.160696,0.614715,0.311127,2.796177,0.311127,2.675042,0.293797,2.776177,0.124293,-0.101856,-0.198660,0.239445,-0.194723,0.242658,-0.194723,0.220000,1,16.293748,-0.191327,-0.205994,0.220000,0.220000,0.600000,0.600000,0.311127,0.330000,0.823113,0
1772480202,124197318,-1.418459,-2.138235,-1.478464,-0.072956,-1.113773,1.049560,1,0.150617,0.602928,0.311127,2.675042,0.311127,2.387512,0.292240,2.655042,0.117563,-0.094151,-0.194723,0.242658,-0.192364,0.244532,-0.192364,0.220000,1,15.188677,-0.187389,-0.202056,0.220000,0.220000,0.600000,0.600000,0.311127,0.330000,0.794175,0
1772480202,149239741,-1.421372,-2.141824,-1.463693,-0.061439,-1.111355,1.061968,1,0.139592,0.597787,0.311127,2.387512,0.311127,2.110634,0.291254,2.367512,0.109255,-0.086887,-0.192364,0.244532,-0.190863,0.245706,-0.190863,0.220000,1,13.705832,-0.185031,-0.199698,0.220000,0.220000,0.600000,0.600000,0.311127,0.330000,0.781767,0
1772480202,174246528,-1.422323,-2.143779,-1.449432,-0.059534,-1.110309,1.076230,1,0.129606,0.612016,0.311127,2.110634,0.311127,2.036023,0.289983,2.090634,0.101990,-0.079974,-0.190863,0.245706,-0.188918,0.247204,-0.188918,0.220000,1,13.549136,-0.183530,-0.198197,0.220000,0.220000,0.600000,0.600000,0.311127,0.330000,0.767505,0
1772480202,224382976,-1.426336,-2.150471,-1.419780,-0.052353,-1.107074,1.105628,1,0.119823,0.610894,0.311127,2.036023,0.311127,1.838621,0.287910,2.016023,0.095178,-0.072792,-0.188918,0.247204,-0.185721,0.249615,-0.185721,0.220000,1,12.846896,-0.181585,-0.196252,0.220000,0.220000,0.600000,0.600000,0.311127,0.330000,0.738107,0
1772480202,249408307,-1.428735,-2.154537,-1.404539,-0.047566,-1.104046,1.117730,1,0.109590,0.606594,0.311127,1.838621,0.311127,1.735416,0.288624,1.818621,0.087967,-0.065359,-0.185721,0.249615,-0.186825,0.248790,-0.186825,0.220000,1,12.287152,-0.178388,-0.193054,0.220000,0.220000,0.600000,0.600000,0.311127,0.330000,0.726005,0
1772480202,274434877,-1.429986,-2.155983,-1.390047,-0.045709,-1.103595,1.132222,1,0.099035,0.611228,0.311127,1.735416,0.311127,1.676186,0.286400,1.715416,0.080672,-0.057445,-0.186825,0.248790,-0.183372,0.251346,-0.183372,0.220000,1,12.233928,-0.179492,-0.194158,0.220000,0.220000,0.600000,0.600000,0.311127,0.330000,0.711513,0
1772480202,324529513,-1.432723,-2.159947,-1.360770,-0.041111,-1.102032,1.161240,1,0.088952,0.601656,0.311127,1.676186,0.311127,1.551296,0.282510,1.656186,0.073189,-0.050556,-0.183372,0.251346,-0.177234,0.255711,-0.177234,0.220000,1,12.008809,-0.176038,-0.190705,0.220000,0.220000,0.600000,0.600000,0.311127,0.330000,0.682495,0
1772480202,349617849,-1.432858,-2.162334,-1.346078,-0.038786,-1.101126,1.172729,1,0.078388,0.601265,0.311127,1.551296,0.311127,1.498275,0.281168,1.531296,0.065561,-0.042969,-0.177234,0.255711,-0.175086,0.257186,-0.175086,0.220000,1,11.864993,-0.169900,-0.184567,0.220000,0.220000,0.600000,0.600000,0.311127,0.330000,0.671006,0
1772480202,374611809,-1.434300,-2.164434,-1.330799,-0.036389,-1.100262,1.188008,1,0.068621,0.616247,0.311127,1.498275,0.311127,1.438136,0.279144,1.478275,0.058537,-0.035810,-0.175086,0.257186,-0.171817,0.259382,-0.171817,0.220000,1,11.753590,-0.167753,-0.182420,0.220000,0.220000,0.600000,0.600000,0.311127,0.330000,0.655728,0
1772480202,424726754,-1.434527,-2.167784,-1.301083,-0.034395,-1.097518,1.217312,1,0.058193,0.598073,0.311127,1.438136,0.311127,1.349860,0.276998,1.418136,0.051070,-0.027898,-0.171817,0.259382,-0.168309,0.261671,-0.168309,0.220000,1,11.650161,-0.164484,-0.179150,0.220000,0.220000,0.600000,0.600000,0.311127,0.330000,0.626423,0
1772480202,449744142,-1.436234,-2.168705,-1.286348,-0.034344,-1.095818,1.226795,1,0.048658,0.598470,0.311127,1.349860,0.311127,1.325505,0.277302,1.329860,0.043816,-0.021160,-0.168309,0.261671,-0.168808,0.261350,-0.168808,0.220000,1,11.601530,-0.160976,-0.175643,0.220000,0.220000,0.600000,0.600000,0.311127,0.330000,0.616941,0
1772480202,474768884,-1.436038,-2.170018,-1.271453,-0.033730,-1.094640,1.241689,1,0.038829,0.607913,0.311127,1.325505,0.311127,1.285792,0.276033,1.305505,0.036409,-0.013494,-0.168808,0.261350,-0.166716,0.262690,-0.166716,0.220000,1,11.591469,-0.161475,-0.176141,0.220000,0.220000,0.600000,0.600000,0.311127,0.330000,0.602046,0
1772480202,524899424,-1.435797,-2.172127,-1.241508,-0.032508,-1.092411,1.271845,1,0.029870,0.603034,0.311127,1.285792,0.311127,1.207116,0.273283,1.265792,0.029080,-0.006821,-0.166716,0.262690,-0.162122,0.265549,-0.162122,0.220000,1,11.580739,-0.159383,-0.174049,0.220000,0.220000,0.600000,0.600000,0.311127,0.330000,0.571890,0
1772480202,549954007,-1.436689,-2.172399,-1.226508,-0.029356,-1.087831,1.289547,1,0.021762,0.612439,0.311127,1.207116,0.311127,1.137134,0.274300,1.187116,0.021739,0.001004,-0.162122,0.265549,-0.163830,0.264499,-0.163830,0.220000,1,11.213292,-0.154789,-0.169455,0.220000,0.220000,0.600000,0.600000,0.311127,0.330000,0.554188,0
1772480202,574949886,-1.436057,-2.171903,-1.211995,-0.030159,-1.087863,1.304061,1,0.016514,0.587900,0.311127,1.137134,0.311127,1.113088,0.272208,1.117134,0.014564,0.007785,-0.163830,0.264499,-0.160303,0.266651,-0.160303,0.220000,1,11.363084,-0.156497,-0.171163,0.220000,0.220000,0.600000,0.600000,0.311127,0.330000,0.539674,0
1772480202,625121159,-1.436277,-2.174356,-1.181924,-0.028850,-1.086161,1.333955,1,0.017210,0.597531,0.311127,1.113088,0.311127,1.039535,0.268853,1.093088,0.007124,0.015666,-0.160303,0.266651,-0.154538,0.270033,-0.154538,0.220000,1,11.377004,-0.152970,-0.167636,0.220000,0.220000,0.600000,0.600000,0.311127,0.330000,0.509780,0
1772480202,650043549,-1.435852,-2.174654,-1.166863,-0.032938,-1.087690,1.346743,1,0.023118,0.597319,0.311127,1.039535,0.311127,1.043215,0.266537,0.600000,0.000000,0.023118,-0.154538,0.270033,-0.150473,0.272320,-0.150473,0.220000,1,11.810208,-0.147205,-0.161871,0.220000,0.220000,0.600000,0.600000,0.311127,0.330000,0.496992,0
1772480202,675118247,-1.434854,-2.175490,-1.151846,-0.033255,-1.086427,1.361760,1,0.031075,0.585636,0.311127,1.043215,0.311127,1.011346,0.265580,1.023215,-0.007173,0.030236,-0.150473,0.272320,-0.148771,0.273253,-0.148771,0.220000,1,11.846623,-0.143139,-0.157806,0.220000,0.220000,0.600000,0.600000,0.311127,0.330000,0.481975,0
1772480202,725164226,-1.435719,-2.173915,-1.120051,-0.033415,-1.088341,1.393609,1,0.039813,0.615762,0.311127,1.011346,0.311127,0.948923,0.261543,0.991346,-0.014308,0.037153,-0.148771,0.273253,-0.136615,0.279529,-0.141438,0.220000,1,12.175252,-0.141438,-0.156104,0.220000,0.220000,0.600000,0.600000,0.311127,0.330000,0.450126,0
1772480202,750253549,-1.434103,-2.171953,-1.104904,-0.034963,-1.090833,1.409525,1,0.049741,0.609974,0.311127,0.948923,0.311127,0.928949,0.255174,0.600000,-0.021798,0.044710,-0.136615,0.279529,-0.128317,0.283434,-0.129282,0.220000,1,12.528483,-0.129282,-0.143949,0.220000,0.220000,0.600000,0.600000,0.311127,0.330000,0.434210,0
1772480202,775252839,-1.431896,-2.170748,-1.089868,-0.037457,-1.090513,1.424561,1,0.059908,0.603703,0.311127,0.928949,0.311127,0.911329,0.253502,0.600000,-0.028813,0.052524,-0.128317,0.283434,-0.125950,0.284494,-0.125950,0.220000,1,12.779309,-0.120984,-0.135651,0.220000,0.220000,0.600000,0.600000,0.311127,0.330000,0.419175,0
1772480202,825360032,-1.430863,-2.167660,-1.060246,-0.040346,-1.092052,1.454125,1,0.069825,0.586881,0.311127,0.911329,0.311127,0.866386,0.249940,0.891329,-0.036572,0.059481,-0.125950,0.284494,-0.116020,0.288686,-0.118617,0.220000,1,13.263574,-0.118617,-0.133283,0.220000,0.220000,0.600000,0.600000,0.311127,0.330000,0.389610,0
1772480202,850379773,-1.429686,-2.167380,-1.044649,-0.044725,-1.086781,1.468927,1,0.080204,0.604169,0.311127,0.866386,0.311127,0.849880,0.252222,0.600000,-0.043627,0.067300,-0.116020,0.288686,-0.124816,0.284993,-0.123353,0.220000,1,13.351716,-0.108687,-0.123353,0.220000,0.220000,0.600000,0.600000,0.311127,0.330000,0.374808,0
1772480202,875384497,-1.429953,-2.165170,-1.029866,-0.045807,-1.088726,1.483710,1,0.090412,0.601817,0.311127,0.849880,0.311127,0.826093,0.249404,0.829880,-0.050990,0.074662,-0.124816,0.284993,-0.117365,0.288141,-0.117482,0.220000,1,13.660158,-0.117482,-0.132149,0.220000,0.220000,0.600000,0.600000,0.311127,0.330000,0.360025,0
1772480202,925473282,-1.428117,-2.162840,-0.998978,-0.048859,-1.089642,1.514815,1,0.100721,0.593451,0.311127,0.826093,0.311127,0.772879,0.245982,0.806093,-0.057921,0.082401,-0.117365,0.288141,-0.108403,0.291631,-0.110032,0.220000,1,14.158254,-0.110032,-0.124699,0.220000,0.220000,0.600000,0.600000,0.311127,0.330000,0.328920,0
1772480202,950478280,-1.427574,-2.159183,-0.983665,-0.054220,-1.093840,1.533194,1,0.125170,0.550582,0.311127,0.772879,0.311127,0.766382,0.242106,0.600000,-0.076299,0.099227,-0.108403,0.291631,-0.097355,0.295503,-0.101070,0.220000,1,15.067546,-0.101070,-0.115737,0.220000,0.220000,0.600000,0.600000,0.311127,0.330000,0.310541,0
1772480202,975502059,-1.426684,-2.158382,-0.967488,-0.055410,-1.093969,1.549371,1,0.121566,0.593690,0.311127,0.766382,0.311127,0.733318,0.238870,0.746382,-0.072717,0.097420,-0.097355,0.295503,-0.093052,0.296886,-0.093052,0.220000,1,15.280973,-0.090022,-0.104688,0.220000,0.220000,0.600000,0.600000,0.311127,0.330000,0.294365,0
1772480203,25582496,-1.425761,-2.152256,-0.935798,-0.059789,-1.097839,1.581437,1,0.131029,0.602760,0.311127,0.733318,0.311127,0.682152,0.236109,0.713318,-0.079662,0.104031,-0.093052,0.296886,-0.077212,0.301394,-0.085719,0.220000,1,16.194783,-0.085719,-0.100385,0.220000,0.220000,0.600000,0.600000,0.311127,0.330000,0.262298,0
1772480203,50668782,-1.424577,-2.148458,-0.919365,-0.063705,-1.091897,1.603499,1,0.143256,0.647120,0.311127,0.682152,0.311127,0.635685,0.235686,0.662152,-0.078609,0.119762,-0.077212,0.301394,-0.087828,0.298473,-0.084545,0.220000,1,16.317881,-0.069878,-0.084545,0.220000,0.220000,0.600000,0.600000,0.311127,0.330000,0.240236,0
1772480203,75673036,-1.422611,-2.144501,-0.904355,-0.067602,-1.093979,1.618509,1,0.143743,0.591992,0.311127,0.635685,0.311127,0.618868,0.234554,0.600000,-0.079394,0.119827,-0.087828,0.298473,-0.081336,0.300307,-0.081336,0.220000,1,17.049042,-0.080495,-0.095162,0.220000,0.220000,0.600000,0.600000,0.311127,0.330000,0.225226,0
1772480203,125725370,-1.421243,-2.139167,-0.872670,-0.071749,-1.097419,1.650067,1,0.153011,0.581237,0.311127,0.618868,0.311127,0.556659,0.232113,0.598868,-0.087027,0.125852,-0.081336,0.300307,-0.066217,0.303999,-0.074003,0.220000,1,18.053367,-0.074003,-0.088670,0.220000,0.220000,0.600000,0.598868,0.311127,0.330000,0.193668,0
1772480203,150777778,-1.420648,-2.134975,-0.857859,-0.073741,-1.098745,1.662932,1,0.159889,0.599756,0.311127,0.556659,0.311127,0.530906,0.228116,0.536659,-0.071497,0.143013,-0.066217,0.303999,-0.060306,0.305226,-0.060306,0.220000,1,18.517778,-0.058884,-0.073550,0.220000,0.220000,0.576659,0.536659,0.311127,0.330000,0.180803,0
1772480203,175768479,-1.419739,-2.131793,-0.843305,-0.076332,-1.100805,1.677486,1,0.159305,0.574938,0.311127,0.530906,0.311127,0.502688,0.226288,0.510906,-0.072285,0.141962,-0.060306,0.305226,-0.052161,0.306723,-0.052973,0.220000,1,19.162026,-0.052973,-0.067639,0.220000,0.220000,0.550906,0.510906,0.311127,0.330000,0.166249,0
1772480203,225822620,-1.416998,-2.125895,-0.812349,-0.081950,-1.104235,1.708687,1,0.161394,0.528906,0.311127,0.502688,0.311127,0.435082,0.224521,0.482688,-0.065346,0.147574,-0.052161,0.306723,-0.036897,0.308931,-0.044828,0.220000,1,20.563599,-0.044828,-0.059495,0.220000,0.220000,0.522688,0.482688,0.311127,0.330000,0.135048,0
