sec,nsec,x,y,yaw,map_x,map_y,map_yaw,map_pose_valid,v_real,w_real,v_now,w_now,v_cmd,w_cmd,v_nav,w_nav,velocity_violation,curvature,dw_v_max,dw_v_min,dw_w_max,dw_w_min,v_reg
1772479634,344549625,0.135464,-1.859102,2.500980,-1.411768,-0.405202,-1.312076,1,0.000000,0.002677,0.000000,0.044561,0.007333,0.024561,0.007333,0.024561,0,0.359567,0.007333,0.000000,0.064561,0.024561,0.220000
1772479634,369607299,0.134262,-1.859024,2.500599,-1.410876,-0.406010,-1.312458,1,0.000000,-0.001528,0.007333,0.024561,0.014667,0.004561,0.014667,0.004561,0,0.257909,0.014667,0.000000,0.044561,0.004561,0.220000
1772479634,419648623,0.134964,-1.859541,2.500820,-1.411104,-0.405169,-1.312236,1,0.006450,0.011657,0.014667,0.004561,0.022000,0.005609,0.022000,0.005609,0,0.254957,0.022000,0.007333,0.024561,-0.015439,0.220000
1772479634,444718471,0.134516,-1.858546,2.500738,-1.411372,-0.406227,-1.312319,1,0.014793,0.001197,0.022000,0.005609,0.029333,0.010088,0.029333,0.010088,0,0.343925,0.029333,0.014667,0.025609,-0.014391,0.220000
1772479634,469706235,0.133241,-1.859359,2.500244,-1.409867,-0.406383,-1.312812,1,0.021857,0.010132,0.029333,0.010088,0.036667,0.004361,0.036667,0.004361,0,0.118925,0.036667,0.022000,0.030088,-0.009912,0.220000
1772479634,519822739,0.131972,-1.858576,2.500621,-1.409361,-0.407786,-1.312435,1,0.029019,0.003448,0.036667,0.004361,0.044000,0.003972,0.044000,0.003972,0,0.090272,0.044000,0.029333,0.024361,-0.015639,0.220000
1772479634,544900688,0.132684,-1.858557,2.500308,-1.409931,-0.407359,-1.312749,1,0.037208,0.016164,0.044000,0.003972,0.051333,0.008672,0.051333,0.008672,0,0.168933,0.051333,0.036667,0.023972,-0.016028,0.220000
1772479634,569903509,0.130913,-1.857884,2.501088,-1.408963,-0.408987,-1.311968,1,0.044638,0.019629,0.051333,0.008672,0.058667,0.004027,0.058667,0.004027,0,0.068636,0.058667,0.044000,0.028672,-0.011328,0.220000
1772479634,619998756,0.130806,-1.857648,2.500693,-1.409026,-0.409238,-1.312363,1,0.051647,0.002861,0.058667,0.004027,0.066000,0.006370,0.066000,0.006370,0,0.096517,0.066000,0.051333,0.024027,-0.015973,0.220000
1772479634,645051734,0.128957,-1.855412,2.500800,-1.408970,-0.412139,-1.312257,1,0.058818,0.002948,0.066000,0.006370,0.073333,0.015239,0.073333,0.015239,0,0.207810,0.073333,0.058667,0.026370,-0.013630,0.220000
1772479634,670093071,0.128540,-1.855139,2.500522,-1.408812,-0.412612,-1.312535,1,0.066855,0.012828,0.073333,0.015239,0.080667,0.016745,0.080667,0.016745,0,0.207586,0.080667,0.066000,0.035239,-0.004761,0.220000
1772479634,720154467,0.123952,-1.853308,2.500683,-1.406359,-0.416900,-1.312374,1,0.073457,0.012108,0.080667,0.016745,0.088000,-0.000601,0.088000,-0.000601,0,-0.006824,0.088000,0.073333,0.036745,-0.003255,0.220000
1772479634,745326145,0.122343,-1.850825,2.500929,-1.406645,-0.419845,-1.312128,1,0.080473,-0.018944,0.088000,-0.000601,0.095333,0.012400,0.095333,0.012400,0,0.130065,0.095333,0.080667,0.019399,-0.020601,0.220000
1772479634,770347849,0.121171,-1.849541,2.501488,-1.406526,-0.421579,-1.311568,1,0.088541,0.001539,0.095333,0.012400,0.102667,0.013826,0.102667,0.013826,0,0.134670,0.102667,0.088000,0.032400,-0.007600,0.220000
1772479634,820439982,0.116711,-1.848627,2.500813,-1.403603,-0.425070,-1.312243,1,0.094921,0.009773,0.102667,0.013826,0.110000,-0.006174,0.110000,-0.006174,0,-0.065976,0.110000,0.095333,0.033826,-0.006174,0.220000
1772479634,845454193,0.115509,-1.847149,2.500632,-1.403582,-0.426975,-1.312425,1,0.102465,0.021836,0.110000,-0.006174,0.117333,-0.001853,0.117333,-0.001853,0,-0.015796,0.117333,0.102667,0.013826,-0.026174,0.220000
1772479634,870496048,0.112616,-1.845786,2.500474,-1.402164,-0.429841,-1.312582,1,0.109762,-0.007589,0.117333,-0.001853,0.124667,-0.007439,0.124667,-0.007439,0,-0.059675,0.124667,0.110000,0.018147,-0.021853,0.220000
1772479634,920607743,0.109207,-1.842855,2.500611,-1.401319,-0.434257,-1.312445,1,0.126796,0.033750,0.124667,-0.007439,0.132000,-0.003952,0.132000,-0.003952,0,-0.029940,0.132000,0.117333,0.012561,-0.027439,0.220000
1772479634,945625216,0.106107,-1.839268,2.501229,-1.401124,-0.438994,-1.311828,1,0.125064,-0.010126,0.132000,-0.003952,0.139333,0.002870,0.139333,0.002870,0,0.020601,0.139333,0.124667,0.016048,-0.023952,0.220000
1772479634,970699097,0.103645,-1.839578,2.499727,-1.399003,-0.440283,-1.313330,1,0.132221,0.002907,0.139333,0.002870,0.146667,-0.008027,0.146667,-0.008027,0,-0.054730,0.146667,0.132000,0.022870,-0.017130,0.220000
1772479635,20761587,0.098651,-1.834316,2.498509,-1.398367,-0.447510,-1.314548,1,0.149820,-0.019077,0.146667,-0.008027,0.154000,0.002613,0.154000,0.002613,0,0.016968,0.154000,0.139333,0.011973,-0.028027,0.220000
1772479635,45805237,0.095338,-1.833556,2.497974,-1.396247,-0.450166,-1.315083,1,0.146507,-0.012099,0.154000,0.002613,0.161333,-0.005576,0.161333,-0.005576,0,-0.034561,0.161333,0.146667,0.022613,-0.017387,0.220000
1772479635,70873848,0.092098,-1.831356,2.498220,-1.395078,-0.453904,-1.314836,1,0.154371,0.010641,0.161333,-0.005576,0.168667,-0.006582,0.168667,-0.006582,0,-0.039022,0.168667,0.154000,0.014424,-0.025576,0.220000
1772479635,120977221,0.085775,-1.825747,2.497693,-1.393617,-0.462229,-1.315364,1,0.170352,0.016671,0.168667,-0.006582,0.176000,-0.000877,0.176000,-0.000877,0,-0.004983,0.176000,0.161333,0.013418,-0.026582,0.220000
1772479635,146007254,0.082709,-1.824952,2.497181,-1.391712,-0.464759,-1.315875,1,0.168512,-0.019427,0.176000,-0.000877,0.183333,-0.007101,0.183333,-0.007101,0,-0.038734,0.183333,0.168667,0.019123,-0.020877,0.220000
1772479635,171054973,0.079663,-1.821364,2.497411,-1.391559,-0.469463,-1.315646,1,0.176264,0.000000,0.183333,-0.007101,0.190667,-0.001175,0.190667,-0.001175,0,-0.006161,0.190667,0.176000,0.012899,-0.027101,0.220000
1772479635,221131886,0.072195,-1.817113,2.495707,-1.388357,-0.477437,-1.317349,1,0.194606,-0.053632,0.190667,-0.001175,0.198000,-0.003320,0.198000,-0.003320,0,-0.016770,0.198000,0.183333,0.018825,-0.021175,0.220000
1772479635,246124022,0.068473,-1.814859,2.494965,-1.386845,-0.481518,-1.318092,1,0.191091,-0.005442,0.198000,-0.003320,0.205333,-0.004727,0.205333,-0.004727,0,-0.023020,0.205333,0.190667,0.016680,-0.023320,0.220000
1772479635,271270318,0.064450,-1.812373,2.494657,-1.385242,-0.485967,-1.318399,1,0.198090,-0.013378,0.205333,-0.004727,0.212667,-0.005873,0.212667,-0.005873,0,-0.027614,0.212667,0.198000,0.015273,-0.024727,0.220000
1772479635,321323780,0.056457,-1.803457,2.494711,-1.384531,-0.497920,-1.318346,1,0.199640,-0.007715,0.212667,-0.005873,0.220000,0.005571,0.220000,0.005571,0,0.025323,0.220000,0.205333,0.014127,-0.025873,0.220000
1772479635,346461272,0.052455,-1.802421,2.493100,-1.382043,-0.501221,-1.319957,1,0.200400,0.003270,0.220000,0.005571,0.220000,0.000295,0.220000,0.000295,0,0.001342,0.220000,0.212667,0.025571,-0.014429,0.220000
1772479635,371401632,0.048812,-1.798571,2.493007,-1.381586,-0.506501,-1.320050,1,0.205704,0.017388,0.220000,0.000295,0.220000,0.004837,0.220000,0.004837,0,0.021985,0.220000,0.212667,0.020295,-0.019705,0.220000
1772479635,421474764,0.041292,-1.793707,2.492331,-1.378724,-0.514988,-1.320726,1,0.209015,-0.096545,0.220000,0.004837,0.220000,0.003081,0.220000,0.003081,0,0.014005,0.220000,0.212667,0.024837,-0.015163,0.220000
1772479635,446547997,0.037194,-1.791441,2.492022,-1.376925,-0.519312,-1.321035,1,0.211796,0.000000,0.220000,0.003081,0.220000,0.000784,0.220000,0.000784,0,0.003565,0.220000,0.212667,0.023081,-0.016919,0.220000
1772479635,471618557,0.032961,-1.788444,2.491367,-1.375476,-0.524292,-1.321689,1,0.215046,-0.025792,0.220000,0.000784,0.220000,0.001256,0.220000,0.001256,0,0.005708,0.220000,0.212667,0.020784,-0.019216,0.220000
1772479635,521668219,0.023755,-1.782124,2.489466,-1.372200,-0.534967,-1.323591,1,0.214628,-0.121276,0.220000,0.001256,0.220000,0.001938,0.220000,0.001938,0,0.008811,0.220000,0.212667,0.021256,-0.018744,0.220000
1772479635,546713599,0.019461,-1.776802,2.488259,-1.372150,-0.541805,-1.324798,1,0.212239,-0.044167,0.220000,0.001938,0.220000,0.010839,0.220000,0.010839,0,0.049267,0.220000,0.212667,0.021938,-0.018062,0.220000
1772479635,571795256,0.015667,-1.775707,2.486126,-1.369860,-0.545023,-1.326931,1,0.209945,-0.132792,0.220000,0.010839,0.220000,0.007694,0.220000,0.007694,0,0.034971,0.220000,0.212667,0.030839,-0.009161,0.220000
1772479635,621892500,0.006662,-1.769748,2.483575,-1.366517,-0.555290,-1.329481,1,0.211806,-0.024864,0.220000,0.007694,0.220000,0.008572,0.220000,0.008572,0,0.038964,0.220000,0.212667,0.027694,-0.012306,0.220000
1772479635,646898353,0.002440,-1.766900,2.482906,-1.364984,-0.560147,-1.330151,1,0.212355,-0.039449,0.220000,0.008572,0.220000,0.008450,0.220000,0.008450,0,0.038409,0.220000,0.212667,0.028572,-0.011428,0.220000
1772479635,671965884,-0.002526,-1.763015,2.482323,-1.363513,-0.566278,-1.330734,1,0.213498,-0.024120,0.220000,0.008450,0.220000,0.009882,0.220000,0.009882,0,0.044917,0.220000,0.212667,0.028450,-0.011550,0.220000
1772479635,722063691,-0.010879,-1.757796,2.480779,-1.360220,-0.575561,-1.332278,1,0.214083,-0.026725,0.220000,0.009882,0.220000,0.008516,0.220000,0.008516,0,0.038710,0.220000,0.212667,0.029882,-0.010118,0.220000
1772479635,747066405,-0.015527,-1.753926,2.480410,-1.358989,-0.581481,-1.332647,1,0.214580,-0.078996,0.220000,0.008516,0.220000,0.010393,0.220000,0.010393,0,0.047243,0.220000,0.212667,0.028516,-0.011484,0.220000
1772479635,772154130,-0.020307,-1.752235,2.479071,-1.356299,-0.585779,-1.333986,1,0.218447,0.006668,0.220000,0.010393,0.220000,0.006118,0.220000,0.006118,0,0.027807,0.220000,0.212667,0.030393,-0.009607,0.220000
1772479635,822227779,-0.028158,-1.745685,2.477768,-1.354227,-0.595792,-1.335289,1,0.219660,-0.066946,0.220000,0.006118,0.220000,0.010162,0.220000,0.010162,0,0.046190,0.220000,0.212667,0.026118,-0.013882,0.220000
1772479635,847307525,-0.031601,-1.742723,2.478138,-1.353374,-0.600253,-1.334919,1,0.221571,-0.045696,0.220000,0.010162,0.220000,0.010943,0.220000,0.010943,0,0.049741,0.220000,0.212667,0.030162,-0.009838,0.220000
1772479635,872397666,-0.036796,-1.738727,2.478479,-1.351794,-0.606614,-1.334578,1,0.218110,-0.010785,0.220000,0.010943,0.220000,0.010802,0.220000,0.010802,0,0.049102,0.220000,0.212667,0.030943,-0.009057,0.220000
1772479635,922468231,-0.046003,-1.732423,2.476753,-1.348506,-0.617277,-1.336304,1,0.219969,0.017478,0.220000,0.010802,0.220000,0.011296,0.220000,0.011296,0,0.051346,0.220000,0.212667,0.030802,-0.009198,0.220000
1772479635,947521100,-0.050289,-1.727831,2.476486,-1.348008,-0.623538,-1.336570,1,0.220086,0.013137,0.220000,0.011296,0.220000,0.016152,0.220000,0.016152,0,0.073417,0.220000,0.212667,0.031296,-0.008704,0.220000
1772479635,972534629,-0.053251,-1.724412,2.476550,-1.347816,-0.628058,-1.336506,1,0.220393,0.005699,0.220000,0.016152,0.220000,0.019971,0.220000,0.019971,0,0.090779,0.220000,0.212667,0.036152,-0.003848,0.220000
1772479636,22655074,-0.062274,-1.718720,2.476550,-1.344292,-0.638128,-1.336507,1,0.219724,0.017539,0.220000,0.019971,0.220000,0.016574,0.220000,0.016574,0,0.075336,0.220000,0.212667,0.039971,-0.000029,0.220000
1772479636,47672526,-0.067474,-1.715052,2.477337,-1.342503,-0.644234,-1.335719,1,0.219783,0.009909,0.220000,0.016574,0.220000,0.014818,0.220000,0.014818,0,0.067356,0.220000,0.212667,0.036574,-0.003426,0.220000
1772479636,72738682,-0.071426,-1.711929,2.477200,-1.341352,-0.649139,-1.335857,1,0.220218,0.023815,0.220000,0.014818,0.220000,0.015554,0.220000,0.015554,0,0.070699,0.220000,0.212667,0.034818,-0.005182,0.220000
1772479636,122829063,-0.080540,-1.706101,2.476343,-1.340709,-0.662012,-1.340678,1,0.219721,0.004955,0.220000,0.015554,0.220000,0.032755,0.220000,0.032755,0,0.148886,0.220000,0.212667,0.035554,-0.004446,0.220000
1772479636,147894465,-0.085163,-1.701749,2.476461,-1.339822,-0.668299,-1.340560,1,0.220138,0.009861,0.220000,0.032755,0.220000,0.035568,0.220000,0.035568,0,0.161674,0.220000,0.212667,0.052755,0.012755,0.220000
1772479636,172887943,-0.088787,-1.697409,2.477229,-1.339708,-0.673952,-1.339792,1,0.219939,0.042002,0.220000,0.035568,0.220000,0.039927,0.220000,0.039927,0,0.181486,0.220000,0.212667,0.055568,0.015568,0.220000
1772479636,223026075,-0.097807,-1.691930,2.478043,-1.336093,-0.683868,-1.338978,1,0.219614,0.016510,0.220000,0.039927,0.220000,0.034980,0.220000,0.034980,0,0.159002,0.220000,0.212667,0.059927,0.019927,0.220000
1772479636,248132668,-0.101925,-1.688445,2.479415,-1.335058,-0.689162,-1.337606,1,0.220363,0.033016,0.220000,0.034980,0.220000,0.034495,0.220000,0.034495,0,0.156795,0.220000,0.212667,0.054980,0.014980,0.220000
1772479636,273165857,-0.107220,-1.685656,2.480839,-1.332670,-0.694650,-1.336182,1,0.220634,0.021593,0.220000,0.034495,0.220000,0.028918,0.220000,0.028918,0,0.131447,0.220000,0.212667,0.054495,0.014495,0.220000
1772479636,323390249,-0.116250,-1.678856,2.481909,-1.329874,-0.705602,-1.335113,1,0.220739,0.028575,0.220000,0.028918,0.220000,0.027843,0.220000,0.027843,0,0.126559,0.220000,0.212667,0.048918,0.008918,0.220000
1772479636,348334425,-0.121322,-1.676171,2.482760,-1.327594,-0.710869,-1.334261,1,0.219970,0.021527,0.220000,0.027843,0.220000,0.023227,0.220000,0.023227,0,0.105576,0.220000,0.212667,0.047843,0.007843,0.220000
1772479636,373450857,-0.125428,-1.672869,2.483271,-1.326455,-0.716013,-1.333751,1,0.219780,0.021220,0.220000,0.023227,0.220000,0.023405,0.220000,0.023405,0,0.106388,0.220000,0.212667,0.043227,0.003227,0.220000
1772479636,423522049,-0.135051,-1.666831,2.484056,-1.322720,-0.726742,-1.332966,1,0.219527,0.023010,0.220000,0.023405,0.220000,0.018818,0.220000,0.018818,0,0.085535,0.220000,0.212667,0.043405,0.003405,0.220000
1772479636,448550537,-0.140121,-1.662375,2.485092,-1.321327,-0.733123,-1.331754,1,0.220022,0.026524,0.220000,0.018818,0.220000,0.018306,0.220000,0.018306,0,0.083208,0.220000,0.212667,0.038818,-0.001182,0.220000
1772479636,473589108,-0.144894,-1.659247,2.485872,-1.316995,-0.735474,-1.328963,1,0.219668,0.030020,0.220000,0.018306,0.220000,0.000000,0.220000,0.000000,0,0.000205,0.220000,0.212667,0.038306,-0.001694,0.220000
1772479636,523672446,-0.153636,-1.653057,2.486718,-1.314020,-0.745764,-1.328117,1,0.220385,0.015392,0.220000,0.000000,0.220000,-0.002080,0.220000,-0.002080,0,-0.009453,0.220000,0.212667,0.020000,-0.020000,0.220000
1772479636,548859484,-0.157746,-1.651081,2.487358,-1.312039,-0.749871,-1.327477,1,0.220957,0.007112,0.220000,-0.002080,0.220000,-0.006444,0.220000,-0.006444,0,-0.029292,0.220000,0.212667,0.017920,-0.022080,0.220000
1772479636,573755009,-0.162709,-1.645939,2.488302,-1.311365,-0.756985,-1.326533,1,0.219559,0.008394,0.220000,-0.006444,0.220000,-0.003060,0.220000,-0.003060,0,-0.013911,0.220000,0.212667,0.013556,-0.026444,0.220000
1772479636,623995356,-0.171860,-1.640272,2.488252,-1.307744,-0.767123,-1.326583,1,0.219800,-0.008247,0.220000,-0.003060,0.220000,-0.006686,0.220000,-0.006686,0,-0.030391,0.220000,0.212667,0.016940,-0.023060,0.220000
1772479636,648962126,-0.177210,-1.636290,2.488357,-1.306044,-0.773571,-1.326478,1,0.220555,-0.016055,0.220000,-0.006686,0.220000,-0.006800,0.220000,-0.006800,0,-0.030911,0.220000,0.212667,0.013314,-0.026686,0.220000
1772479636,674032353,-0.180365,-1.632724,2.488464,-1.305801,-0.778327,-1.326371,1,0.220309,-0.004060,0.220000,-0.006800,0.220000,-0.002994,0.220000,-0.002994,0,-0.013611,0.220000,0.212667,0.013200,-0.026800,0.220000
1772479636,724138397,-0.190366,-1.626530,2.489419,-1.301845,-0.789405,-1.325416,1,0.219753,-0.017606,0.220000,-0.002994,0.220000,-0.008359,0.220000,-0.008359,0,-0.037997,0.220000,0.212667,0.017006,-0.022994,0.220000
1772479636,749169144,-0.194888,-1.623042,2.489697,-1.300525,-0.794658,-1.324938,1,0.220183,-0.005086,0.220000,-0.008359,0.220000,-0.008706,0.220000,-0.008706,0,-0.039575,0.220000,0.212667,0.011641,-0.028359,0.220000
1772479636,774219894,-0.199670,-1.619038,2.489683,-1.299723,-0.797553,-1.322771,1,0.220054,-0.008005,0.220000,-0.008706,0.220000,-0.011750,0.220000,-0.011750,0,-0.053411,0.220000,0.212667,0.011294,-0.028706,0.220000
1772479636,824303596,-0.207596,-1.613538,2.489602,-1.296933,-0.806789,-1.322852,1,0.219893,-0.006442,0.220000,-0.011750,0.220000,-0.013054,0.220000,-0.013054,0,-0.059335,0.220000,0.212667,0.008250,-0.031750,0.220000
1772479636,849396621,-0.213093,-1.610715,2.489777,-1.294382,-0.812417,-1.322677,1,0.219721,-0.002231,0.220000,-0.013054,0.220000,-0.017501,0.220000,-0.017501,0,-0.079551,0.220000,0.212667,0.006946,-0.033054,0.220000
1772479636,874429321,-0.217351,-1.606784,2.490550,-1.293491,-0.818143,-1.321905,1,0.219852,-0.006998,0.220000,-0.017501,0.220000,-0.016086,0.220000,-0.016086,0,-0.073118,0.220000,0.212667,0.002499,-0.037501,0.220000
1772479636,899510138,-0.222553,-1.604057,2.490535,-1.291111,-0.823513,-1.321920,1,0.220001,-0.025710,0.220000,-0.016086,0.220000,-0.019806,0.220000,-0.019806,0,-0.090026,0.220000,0.212667,0.003914,-0.036086,0.220000
1772479636,949583102,-0.231382,-1.597697,2.489454,-1.288150,-0.833984,-1.323001,1,0.220497,-0.005892,0.220000,-0.019806,0.220000,-0.019156,0.220000,-0.019156,0,-0.087074,0.220000,0.212667,0.000194,-0.039806,0.220000
1772479636,974685344,-0.236432,-1.595182,2.489038,-1.285757,-0.839093,-1.323416,1,0.220380,-0.043058,0.220000,-0.019156,0.220000,-0.022692,0.220000,-0.022692,0,-0.103145,0.220000,0.212667,0.000844,-0.039156,0.220000
1772479636,999725004,-0.240177,-1.591493,2.488740,-1.285118,-0.844310,-1.323714,1,0.220113,-0.029522,0.220000,-0.022692,0.220000,-0.019422,0.220000,-0.019422,0,-0.088281,0.220000,0.212667,-0.002692,-0.042692,0.220000
1772479637,49851462,-0.250319,-1.584803,2.488391,-1.281100,-0.855891,-1.324239,1,0.219528,-0.027604,0.220000,-0.019422,0.220000,-0.022626,0.220000,-0.022626,0,-0.102845,0.220000,0.212667,0.000578,-0.039422,0.220000
1772479637,74884435,-0.254708,-1.580890,2.488216,-1.277662,-0.862054,-1.326261,1,0.219879,-0.020329,0.220000,-0.022626,0.220000,-0.026932,0.220000,-0.026932,0,-0.122418,0.220000,0.212667,-0.002626,-0.042626,0.220000
1772479637,99921922,-0.259030,-1.578248,2.487806,-1.275929,-0.866813,-1.326672,1,0.220070,-0.026531,0.220000,-0.026932,0.220000,-0.028217,0.220000,-0.028217,0,-0.128259,0.220000,0.212667,-0.006932,-0.046932,0.220000
1772479637,150032443,-0.267191,-1.571342,2.488099,-1.273851,-0.877301,-1.326378,1,0.220149,-0.020006,0.220000,-0.028217,0.220000,-0.025928,0.220000,-0.025928,0,-0.117856,0.220000,0.212667,-0.008217,-0.048217,0.220000
1772479637,175043962,-0.273026,-1.567800,2.487850,-1.271495,-0.883707,-1.326627,1,0.219406,-0.033435,0.220000,-0.025928,0.220000,-0.028408,0.220000,-0.028408,0,-0.129125,0.220000,0.212667,-0.005928,-0.045928,0.220000
1772479637,200193565,-0.276779,-1.565339,2.487366,-1.270094,-0.887971,-1.327111,1,0.219712,-0.028109,0.220000,-0.028408,0.220000,-0.028746,0.220000,-0.028746,0,-0.130663,0.220000,0.212667,-0.008408,-0.048408,0.220000
1772479637,250250586,-0.286026,-1.558215,2.485882,-1.267302,-0.899305,-1.328596,1,0.220541,-0.011033,0.220000,-0.028746,0.220000,-0.025904,0.220000,-0.025904,0,-0.117746,0.220000,0.212667,-0.008746,-0.048746,0.220000
1772479637,275274397,-0.290784,-1.554912,2.485108,-1.265640,-0.904854,-1.329369,1,0.219385,-0.031905,0.220000,-0.025904,0.220000,-0.025861,0.220000,-0.025861,0,-0.117550,0.220000,0.212667,-0.005904,-0.045904,0.220000
1772479637,300385425,-0.295327,-1.550470,2.485561,-1.264855,-0.911159,-1.328916,1,0.220212,-0.018907,0.220000,-0.025861,0.220000,-0.022835,0.220000,-0.022835,0,-0.103796,0.220000,0.212667,-0.005861,-0.045861,0.220000
1772479637,350448565,-0.304418,-1.544581,2.485144,-1.261365,-0.921674,-1.329040,1,0.219754,-0.016537,0.220000,-0.022835,0.220000,-0.025563,0.220000,-0.025563,0,-0.116196,0.220000,0.212667,-0.002835,-0.042835,0.220000
1772479637,375495687,-0.308009,-1.540928,2.485361,-1.260263,-0.929426,-1.325634,1,0.219634,-0.032231,0.220000,-0.025563,0.220000,-0.026462,0.220000,-0.026462,0,-0.120281,0.220000,0.212667,-0.005563,-0.045563,0.220000
1772479637,400617262,-0.313194,-1.538514,2.484827,-1.257695,-0.934535,-1.326169,1,0.220716,-0.030896,0.220000,-0.026462,0.220000,-0.030408,0.220000,-0.030408,0,-0.138217,0.220000,0.212667,-0.006462,-0.046462,0.220000
1772479637,450693729,-0.321663,-1.531284,2.483833,-1.255540,-0.945460,-1.327162,1,0.220173,-0.028786,0.220000,-0.030408,0.220000,-0.026254,0.220000,-0.026254,0,-0.119338,0.220000,0.212667,-0.010408,-0.050408,0.220000
1772479637,475730462,-0.326594,-1.527876,2.483469,-1.253788,-0.951193,-1.327527,1,0.219974,-0.028081,0.220000,-0.026254,0.220000,-0.026722,0.220000,-0.026722,0,-0.121462,0.220000,0.212667,-0.006254,-0.046254,0.220000
1772479637,500814004,-0.331727,-1.524858,2.482907,-1.251635,-0.956744,-1.328089,1,0.220079,-0.024132,0.220000,-0.026722,0.220000,-0.028661,0.220000,-0.028661,0,-0.130276,0.220000,0.212667,-0.006722,-0.046722,0.220000
1772479637,550904473,-0.340248,-1.517019,2.483449,-1.249817,-0.968179,-1.327547,1,0.220219,-0.037113,0.220000,-0.028661,0.220000,-0.024711,0.220000,-0.024711,0,-0.112324,0.220000,0.212667,-0.008661,-0.048661,0.220000
1772479637,575920872,-0.345398,-1.513778,2.482668,-1.247790,-0.973916,-1.328328,1,0.219852,-0.024160,0.220000,-0.024711,0.220000,-0.025733,0.220000,-0.025733,0,-0.116970,0.220000,0.212667,-0.004711,-0.044711,0.220000
1772479637,601044390,-0.350177,-1.509276,2.482034,-1.246836,-0.980413,-1.328961,1,0.219714,-0.025514,0.220000,-0.025733,0.220000,-0.021964,0.220000,-0.021964,0,-0.099836,0.220000,0.212667,-0.005733,-0.045733,0.220000
1772479637,651131859,-0.358198,-1.504265,2.481923,-1.249113,-0.991033,-1.334344,1,0.219602,-0.024912,0.220000,-0.021964,0.220000,-0.001964,0.220000,-0.001964,0,0.023188,0.220000,0.212667,-0.001964,-0.041964,0.220000
1772479637,676166564,-0.364398,-1.499552,2.482004,-1.247215,-0.998587,-1.334262,1,0.220604,-0.020133,0.220000,-0.001964,0.220000,0.005387,0.220000,0.005387,0,0.024486,0.220000,0.212667,0.018036,-0.021964,0.220000
1772479637,701313578,-0.369102,-1.497557,2.481041,-1.244787,-1.003083,-1.335225,1,0.219884,-0.002260,0.220000,0.005387,0.220000,0.001799,0.220000,0.001799,0,0.008177,0.220000,0.212667,0.025387,-0.014613,0.220000
1772479637,751389420,-0.377659,-1.489859,2.481842,-1.242914,-1.014439,-1.334425,1,0.220679,-0.001420,0.220000,0.001799,0.220000,0.005119,0.220000,0.005119,0,0.023269,0.220000,0.212667,0.021799,-0.018201,0.220000
1772479637,776485906,-0.381573,-1.484704,2.483484,-1.243078,-1.020910,-1.332782,1,0.219583,0.006683,0.220000,0.005119,0.220000,0.010220,0.220000,0.010220,0,0.046453,0.220000,0.212667,0.025119,-0.014881,0.220000
1772479637,801457667,-0.386300,-1.482898,2.484017,-1.240514,-1.025273,-1.332249,1,0.220278,0.008904,0.220000,0.010220,0.220000,0.003996,0.220000,0.003996,0,0.018163,0.220000,0.212667,0.030220,-0.009780,0.220000
1772479637,851626322,-0.395009,-1.476191,2.484552,-1.237903,-1.035951,-1.331714,1,0.219680,0.009462,0.220000,0.003996,0.220000,0.004049,0.220000,0.004049,0,0.018403,0.220000,0.212667,0.023996,-0.016004,0.220000
1772479637,876716786,-0.398938,-1.472324,2.485037,-1.237250,-1.041424,-1.331230,1,0.220255,0.002714,0.220000,0.004049,0.220000,0.006510,0.220000,0.006510,0,0.029593,0.220000,0.212667,0.024049,-0.015951,0.220000
1772479637,901880994,-0.403534,-1.467512,2.486195,-1.236667,-1.048054,-1.330071,1,0.219730,0.004893,0.220000,0.006510,0.220000,0.009508,0.220000,0.009508,0,0.043220,0.220000,0.212667,0.026510,-0.013490,0.220000
1772479637,951914550,-0.411306,-1.462198,2.486380,-1.230910,-1.062856,-1.334003,1,0.220434,-0.003423,0.220000,0.009508,0.212667,0.029508,0.212667,0.029508,0,1.698695,0.220000,0.212667,0.029508,-0.010492,0.220000
1772479637,976940974,-0.416301,-1.459014,2.487102,-1.229021,-1.068469,-1.333282,1,0.219451,0.010705,0.212667,0.029508,0.205333,0.049508,0.205333,0.049508,0,2.012671,0.220000,0.205333,0.049508,0.009508,0.220000
1772479638,2135557,-0.420765,-1.455069,2.487889,-1.228023,-1.074343,-1.332494,1,0.212510,0.035375,0.205333,0.049508,0.198000,0.069508,0.198000,0.069508,0,1.820132,0.212667,0.198000,0.069508,0.029508,0.220000
1772479638,52147143,-0.429248,-1.450118,2.489070,-1.224529,-1.083523,-1.331313,1,0.205559,0.055343,0.198000,0.069508,0.190667,0.089508,0.190667,0.089508,0,1.854419,0.205333,0.190667,0.089508,0.049508,0.220000
1772479638,77318820,-0.434831,-1.447593,2.490744,-1.221769,-1.088993,-1.329639,1,0.198041,0.063583,0.190667,0.089508,0.183333,0.109508,0.183333,0.109508,0,1.458491,0.198000,0.183333,0.109508,0.069508,0.220000
1772479638,102311278,-0.438956,-1.443011,2.492995,-1.221435,-1.095149,-1.327388,1,0.190068,0.095936,0.183333,0.109508,0.190667,0.089508,0.190667,0.089508,0,0.296483,0.190667,0.176000,0.129508,0.089508,0.220000
1772479638,152469999,-0.445812,-1.437493,2.498555,-1.219564,-1.103749,-1.321828,1,0.183324,0.115989,0.190667,0.089508,0.183333,0.069508,0.183333,0.069508,0,-0.084385,0.198000,0.183333,0.109508,0.069508,0.220000
1772479638,177644696,-0.449453,-1.433495,2.501875,-1.219240,-1.109146,-1.318508,1,0.190065,0.087919,0.183333,0.069508,0.176000,0.089508,0.176000,0.089508,0,2.222155,0.190667,0.176000,0.089508,0.049508,0.220000
1772479638,202740470,-0.453288,-1.431715,2.503987,-1.218059,-1.113202,-1.316648,1,0.183675,0.069151,0.176000,0.089508,0.168667,0.109508,0.168667,0.109508,0,1.848559,0.183333,0.168667,0.109508,0.069508,0.220000
1772479638,252885886,-0.460882,-1.424909,2.507119,-1.222495,-1.125582,-1.315729,1,0.176339,0.084105,0.168667,0.109508,0.161333,0.129508,0.161333,0.129508,0,1.939621,0.176000,0.161333,0.129508,0.089508,0.220000
1772479638,277881019,-0.464667,-1.422631,2.509497,-1.220989,-1.129735,-1.313352,1,0.168523,0.104647,0.161333,0.129508,0.168667,0.138097,0.168667,0.138097,0,0.818756,0.168667,0.154000,0.149508,0.109508,0.220000
1772479638,303046186,-0.468417,-1.420995,2.511508,-1.219106,-1.133368,-1.311340,1,0.170419,0.131226,0.168667,0.138097,0.161333,0.158097,0.161333,0.158097,0,1.950716,0.176000,0.161333,0.158097,0.118097,0.220000
1772479638,353291115,-0.474707,-1.414709,2.519643,-1.218180,-1.142211,-1.303206,1,0.168803,0.133390,0.161333,0.158097,0.154000,0.178097,0.154000,0.178097,0,2.564995,0.168667,0.154000,0.178097,0.138097,0.220000
1772479638,378252561,-0.477733,-1.412764,2.523580,-1.217054,-1.145628,-1.299268,1,0.162215,0.155202,0.154000,0.178097,0.146667,0.198097,0.146667,0.198097,0,2.013187,0.161333,0.146667,0.198097,0.158097,0.220000
1772479638,403390023,-0.482051,-1.410776,2.527298,-1.214952,-1.149891,-1.295550,1,0.145302,0.201883,0.146667,0.198097,0.139333,0.178097,0.139333,0.178097,0,-0.089039,0.154000,0.139333,0.218097,0.178097,0.220000
1772479638,453559174,-0.487278,-1.406160,2.536059,-1.213798,-1.156769,-1.286790,1,0.146535,0.193017,0.139333,0.178097,0.132000,0.158097,0.132000,0.158097,0,-0.142237,0.146667,0.132000,0.198097,0.158097,0.220000
1772479638,478616545,-0.491211,-1.403793,2.540573,-1.212089,-1.161162,-1.281764,1,0.139496,0.171573,0.132000,0.158097,0.124667,0.138097,0.124667,0.138097,0,-0.216633,0.139333,0.124667,0.178097,0.138097,0.220000
1772479638,503763370,-0.494824,-1.401935,2.544640,-1.209333,-1.165476,-1.273765,1,0.123079,0.135488,0.124667,0.138097,0.117333,0.118097,0.117333,0.118097,0,-0.411369,0.132000,0.117333,0.158097,0.118097,0.220000
1772479638,553916466,-0.499623,-1.397928,2.552311,-1.208102,-1.171605,-1.266093,1,0.124273,0.130769,0.117333,0.118097,0.110000,0.098097,0.110000,0.098097,0,-0.468462,0.124667,0.110000,0.138097,0.098097,0.220000
1772479638,578910475,-0.502344,-1.396583,2.554727,-1.206823,-1.174358,-1.263677,1,0.117404,0.117277,0.110000,0.098097,0.102667,0.078097,0.102667,0.078097,0,-0.555541,0.117333,0.102667,0.118097,0.078097,0.220000
1772479638,604134117,-0.503618,-1.395427,2.557674,-1.206554,-1.176057,-1.260731,1,0.100943,0.083152,0.102667,0.078097,0.095333,0.058097,0.095333,0.058097,0,-0.668786,0.110000,0.095333,0.098097,0.058097,0.220000
1772479638,654099515,-0.510938,-1.394084,2.561873,-1.201688,-1.181688,-1.256531,1,0.102636,0.074960,0.095333,0.058097,0.088000,0.038097,0.088000,0.038097,0,-0.987984,0.102667,0.088000,0.078097,0.038097,0.220000
1772479638,679311261,-0.511964,-1.393474,2.562676,-1.201271,-1.182806,-1.255729,1,0.095107,0.058898,0.088000,0.038097,0.080667,0.018097,0.080667,0.018097,0,-1.110602,0.095333,0.080667,0.058097,0.018097,0.220000
1772479638,704330420,-0.513113,-1.391436,2.563033,-1.201652,-1.185114,-1.255372,1,0.078960,0.022465,0.080667,0.018097,0.073333,-0.001903,0.073333,-0.001903,0,-1.283084,0.088000,0.073333,0.038097,-0.001903,0.220000
1772479638,754491313,-0.517659,-1.388073,2.564855,-1.200213,-1.190584,-1.253550,1,0.080187,0.027124,0.073333,-0.001903,0.066000,-0.021903,0.066000,-0.021903,0,-1.288643,0.080667,0.066000,0.018097,-0.021903,0.220000
1772479638,779491634,-0.519354,-1.386517,2.566054,-1.200246,-1.192894,-1.252729,1,0.072723,0.001844,0.066000,-0.021903,0.058667,-0.041903,0.058667,-0.041903,0,-1.352227,0.073333,0.058667,-0.001903,-0.041903,0.220000
1772479638,804560637,-0.521073,-1.385520,2.566264,-1.202310,-1.195020,-1.255282,1,0.057224,-0.035681,0.058667,-0.041903,0.066000,-0.058554,0.066000,-0.058554,0,-0.887188,0.066000,0.051333,-0.021903,-0.061903,0.220000
1772479638,854724374,-0.522059,-1.383169,2.563088,-1.203022,-1.197468,-1.258458,1,0.058947,-0.042322,0.066000,-0.058554,0.073333,-0.044937,0.073333,-0.044937,0,-0.612783,0.073333,0.058667,-0.038554,-0.078554,0.220000
1772479638,879735578,-0.524599,-1.384586,2.560912,-1.200156,-1.197963,-1.260634,1,0.066204,-0.062426,0.073333,-0.044937,0.066000,-0.064937,0.066000,-0.064937,0,-1.010124,0.080667,0.066000,-0.024937,-0.064937,0.220000
1772479638,904935200,-0.525674,-1.383820,2.560605,-1.199802,-1.199235,-1.260941,1,0.065016,-0.054438,0.066000,-0.064937,0.073333,-0.073890,0.073333,-0.073890,0,-1.007589,0.073333,0.058667,-0.044937,-0.084937,0.220000
1772479638,954986549,-0.529000,-1.380437,2.558147,-1.199342,-1.203957,-1.263399,1,0.066070,-0.074164,0.073333,-0.073890,0.080667,-0.067576,0.080667,-0.067576,0,-0.837725,0.080667,0.066000,-0.053890,-0.093890,0.220000
1772479638,980059520,-0.530574,-1.380700,2.556077,-1.197953,-1.204742,-1.265468,1,0.081603,-0.075378,0.080667,-0.067576,0.088000,-0.077220,0.088000,-0.077220,0,-0.877504,0.088000,0.073333,-0.047576,-0.087576,0.220000
1772479639,5076723,-0.532526,-1.378580,2.554763,-1.197768,-1.207618,-1.266783,1,0.088916,-0.063755,0.088000,-0.077220,0.095333,-0.068260,0.095333,-0.068260,0,-0.716010,0.095333,0.080667,-0.057220,-0.097220,0.220000
1772479639,55227310,-0.535173,-1.376986,2.551185,-1.196712,-1.210522,-1.270361,1,0.087406,-0.076536,0.095333,-0.068260,0.102667,-0.072577,0.102667,-0.072577,0,-0.706923,0.102667,0.088000,-0.048260,-0.088260,0.220000
1772479639,80299950,-0.538049,-1.374673,2.548927,-1.195738,-1.213691,-1.272719,1,0.104143,-0.081032,0.102667,-0.072577,0.110000,-0.062350,0.110000,-0.062350,0,-0.566819,0.110000,0.095333,-0.052577,-0.092577,0.220000
1772479639,105322206,-0.540391,-1.373896,2.547218,-1.192993,-1.212544,-1.275167,1,0.112062,-0.069207,0.110000,-0.062350,0.102667,-0.042350,0.102667,-0.042350,0,2.094961,0.117333,0.102667,-0.042350,-0.082350,0.220000
1772479639,155462576,-0.544590,-1.370158,2.544005,-1.192083,-1.218092,-1.278380,1,0.109560,-0.069924,0.102667,-0.042350,0.095333,-0.022350,0.095333,-0.022350,0,2.770873,0.110000,0.095333,-0.022350,-0.062350,0.220000
1772479639,180533298,-0.547172,-1.369355,2.541914,-1.190582,-1.220341,-1.280470,1,0.094002,-0.028453,0.095333,-0.022350,0.088000,-0.042350,0.088000,-0.042350,0,-0.854769,0.102667,0.088000,-0.002350,-0.042350,0.220000
1772479639,205763581,-0.549530,-1.368065,2.541688,-1.189561,-1.222827,-1.280697,1,0.086700,-0.044157,0.088000,-0.042350,0.080667,-0.062350,0.080667,-0.062350,0,-1.000760,0.095333,0.080667,-0.022350,-0.062350,0.220000
1772479639,255745979,-0.553529,-1.365218,2.541506,-1.188245,-1.227557,-1.280879,1,0.087680,-0.042642,0.080667,-0.062350,0.083267,-0.082350,0.083267,-0.082350,0,-0.988992,0.088000,0.073333,-0.042350,-0.082350,0.220000
1772479639,280923782,-0.555961,-1.363726,2.541493,-1.187295,-1.230246,-1.280892,1,0.083655,-0.089116,0.083267,-0.082350,0.090600,-0.098859,0.090600,-0.098859,0,-1.091159,0.090600,0.075933,-0.062350,-0.102350,0.220000
1772479639,305990518,-0.557351,-1.362793,2.539407,-1.186801,-1.231847,-1.282977,1,0.090304,-0.104985,0.090600,-0.098859,0.097933,-0.092870,0.097933,-0.092870,0,-0.948303,0.097933,0.083267,-0.078859,-0.118859,0.220000
1772479639,356001049,-0.561548,-1.359564,2.533452,-1.185573,-1.236997,-1.288933,1,0.090000,-0.099425,0.097933,-0.092870,0.105267,-0.089634,0.105267,-0.089634,0,-0.851491,0.105267,0.090600,-0.072870,-0.112870,0.220000
1772479639,381216423,-0.563057,-1.358827,2.530215,-1.184864,-1.238520,-1.292170,1,0.107825,-0.085040,0.105267,-0.089634,0.097933,-0.069634,0.097933,-0.069634,0,6.347248,0.112600,0.097933,-0.069634,-0.109634,0.220000
1772479639,406196521,-0.564877,-1.356996,2.528269,-1.184602,-1.241088,-1.294115,1,0.097521,-0.064325,0.097933,-0.069634,0.090600,-0.049634,0.090600,-0.049634,0,5.139248,0.105267,0.090600,-0.049634,-0.089634,0.220000
1772479639,456397040,-0.569857,-1.353932,2.524925,-1.182623,-1.246871,-1.297714,1,0.098088,-0.069910,0.090600,-0.049634,0.083267,-0.029634,0.083267,-0.029634,0,6.455710,0.097933,0.083267,-0.029634,-0.069634,0.220000
1772479639,481457698,-0.571780,-1.352292,2.524530,-1.181869,-1.251449,-1.300096,1,0.081607,-0.035249,0.083267,-0.029634,0.075933,-0.049634,0.075933,-0.049634,0,-0.799394,0.090600,0.075933,-0.009634,-0.049634,0.220000
1772479639,506457309,-0.573639,-1.351746,2.523056,-1.180772,-1.253046,-1.301571,1,0.075735,-0.052640,0.075933,-0.049634,0.070644,-0.069634,0.070644,-0.069634,0,-0.985699,0.083267,0.068600,-0.029634,-0.069634,0.220000
1772479639,556685870,-0.577226,-1.348983,2.523155,-1.179732,-1.257453,-1.301472,1,0.075565,-0.043199,0.070644,-0.069634,0.077977,-0.075876,0.077977,-0.075876,0,-0.973050,0.077977,0.063310,-0.049634,-0.089634,0.220000
1772479639,581653206,-0.578009,-1.348733,2.521449,-1.179283,-1.258141,-1.303177,1,0.079168,-0.071576,0.077977,-0.075876,0.070644,-0.055876,0.070644,-0.055876,0,2.999222,0.085310,0.070644,-0.055876,-0.095876,0.220000
1772479639,606704471,-0.579181,-1.347356,2.519897,-1.179243,-1.259950,-1.304730,1,0.070175,-0.056685,0.070644,-0.055876,0.077977,-0.073347,0.077977,-0.073347,0,-0.940628,0.077977,0.063310,-0.035876,-0.075876,0.220000
1772479639,656850809,-0.582889,-1.345547,2.514015,-1.177509,-1.263693,-1.310612,1,0.079347,-0.078972,0.077977,-0.073347,0.070644,-0.053347,0.070644,-0.053347,0,6.090741,0.085310,0.070644,-0.053347,-0.093347,0.220000
1772479639,681940906,-0.583244,-1.344902,2.512572,-1.177641,-1.264417,-1.312055,1,0.069147,-0.052399,0.070644,-0.053347,0.077977,-0.068278,0.077977,-0.068278,0,-0.875616,0.077977,0.063310,-0.033347,-0.073347,0.220000
1772479639,707111907,-0.584733,-1.343232,2.511405,-1.177540,-1.266652,-1.313221,1,0.070881,-0.062361,0.077977,-0.068278,0.070644,-0.048278,0.070644,-0.048278,0,3.483867,0.085310,0.070644,-0.048278,-0.088278,0.220000
1772479639,757270217,-0.588822,-1.341116,2.510906,-1.175704,-1.270874,-1.313721,1,0.079172,-0.056735,0.070644,-0.048278,0.063310,-0.028278,0.063310,-0.028278,0,8.288472,0.077977,0.063310,-0.028278,-0.068278,0.220000
1772479639,782269475,-0.591102,-1.339149,2.509075,-1.175176,-1.273839,-1.315552,1,0.069874,-0.051480,0.063310,-0.028278,0.055977,-0.008278,0.055977,-0.008278,0,7.464117,0.070644,0.055977,-0.008278,-0.048278,0.220000
1772479639,807320959,-0.592180,-1.339010,2.506753,-1.174429,-1.274627,-1.317873,1,0.063231,-0.022823,0.055977,-0.008278,0.048644,0.011722,0.048644,0.011722,0,7.844331,0.063310,0.048644,0.011722,-0.028278,0.220000
1772479639,857494295,-0.593834,-1.335899,2.506057,-1.175109,-1.278084,-1.318570,1,0.053887,-0.012647,0.048644,0.011722,0.041310,0.031722,0.041310,0.031722,0,8.876621,0.055977,0.041310,0.031722,-0.008278,0.220000
1772479639,882671429,-0.594819,-1.337340,2.505042,-1.173435,-1.277588,-1.319584,1,0.048052,0.002043,0.041310,0.031722,0.033977,0.051722,0.033977,0.051722,0,8.876715,0.048644,0.033977,0.051722,0.011722,0.220000
1772479639,907658331,-0.596005,-1.336060,2.505148,-1.173323,-1.279330,-1.319479,1,0.040916,0.044770,0.033977,0.051722,0.026644,0.071722,0.026644,0.071722,0,9.368490,0.041310,0.026644,0.071722,0.031722,0.220000
1772479639,932774024,-0.598465,-1.334973,2.506836,-1.172101,-1.281725,-1.317790,1,0.031730,0.059745,0.026644,0.071722,0.019310,0.091722,0.019310,0.091722,0,10.036623,0.033977,0.019310,0.091722,0.051722,0.220000
1772479639,982979927,-0.599318,-1.334893,2.508847,-1.171490,-1.282326,-1.315780,1,0.027155,0.069913,0.019310,0.091722,0.011977,0.111722,0.011977,0.111722,0,10.189291,0.026644,0.011977,0.111722,0.071722,0.220000
1772479640,8094994,-0.599079,-1.335014,2.509907,-1.171599,-1.282081,-1.314720,1,0.019600,0.089656,0.011977,0.111722,0.013031,0.131722,0.013031,0.131722,0,10.108100,0.019310,0.004644,0.131722,0.091722,0.220000
1772479640,33159551,-0.599655,-1.334364,2.512032,-1.171562,-1.282949,-1.312595,1,0.010592,0.102338,0.013031,0.131722,0.014754,0.151722,0.014754,0.151722,0,10.283279,0.020365,0.005698,0.151722,0.111722,0.220000
1772479640,83331107,-0.600117,-1.334623,2.516896,-1.171040,-1.283040,-1.307730,1,0.012425,0.140642,0.014754,0.151722,0.016732,0.171722,0.016732,0.171722,0,10.263391,0.022088,0.007421,0.171722,0.131722,0.220000
1772479640,108515339,-0.600005,-1.332337,2.521078,-1.172515,-1.284618,-1.304059,1,0.014864,0.150925,0.016732,0.171722,0.018295,0.191722,0.018295,0.191722,0,10.479603,0.024065,0.009398,0.191722,0.151722,0.220000
1772479640,133536766,-0.599469,-1.333249,2.524650,-1.171986,-1.282726,-1.303999,1,0.017129,0.162365,0.018295,0.191722,0.021014,0.211722,0.021014,0.211722,0,10.075351,0.025628,0.010961,0.211722,0.171722,0.220000
1772479640,183747776,-0.600085,-1.333083,2.532782,-1.171615,-1.283246,-1.295868,1,0.018413,0.198693,0.021014,0.211722,0.022949,0.231722,0.022949,0.231722,0,10.097399,0.028347,0.013681,0.231722,0.191722,0.220000
1772479640,208818048,-0.600321,-1.334042,2.536775,-1.170824,-1.282654,-1.291875,1,0.021113,0.201172,0.022949,0.231722,0.025307,0.251722,0.025307,0.251722,0,9.946757,0.030282,0.015615,0.251722,0.211722,0.220000
1772479640,233919197,-0.601383,-1.332548,2.542112,-1.170950,-1.284483,-1.286537,1,0.023533,0.224086,0.025307,0.251722,0.026432,0.271722,0.026432,0.271722,0,10.280041,0.032640,0.017974,0.271722,0.231722,0.220000
1772479640,284094040,-0.601969,-1.331620,2.553539,-1.171086,-1.285572,-1.275110,1,0.025338,0.244062,0.026432,0.271722,0.028206,0.291722,0.028206,0.291722,0,10.342587,0.033765,0.019099,0.291722,0.251722,0.220000
1772479640,309220038,-0.602248,-1.331662,2.559983,-1.170844,-1.285716,-1.268667,1,0.026848,0.282033,0.028206,0.291722,0.030289,0.311722,0.030289,0.311722,0,10.291756,0.035539,0.020873,0.311722,0.271722,0.220000
1772479640,334226216,-0.602732,-1.331505,2.566787,-1.170569,-1.286145,-1.261862,1,0.028270,0.277465,0.030289,0.311722,0.032210,0.331722,0.032210,0.331722,0,10.298849,0.037622,0.022955,0.331722,0.291722,0.220000
1772479640,384302324,-0.604023,-1.331437,2.580240,-1.169615,-1.287016,-1.248409,1,0.030779,0.320745,0.032210,0.331722,0.034022,0.351722,0.034022,0.351722,0,10.337960,0.039543,0.024876,0.351722,0.311722,0.220000
1772479640,409517240,-0.604934,-1.329852,2.588100,-1.169915,-1.288819,-1.240549,1,0.032357,0.333869,0.034022,0.351722,0.035138,0.371722,0.035138,0.371722,0,10.578850,0.041356,0.026689,0.371722,0.331722,0.220000
1772479640,434480084,-0.605489,-1.330060,2.596113,-1.169354,-1.289011,-1.232537,1,0.034572,0.341640,0.035138,0.371722,0.037204,0.391722,0.037204,0.391722,0,10.529082,0.042472,0.027805,0.391722,0.351722,0.220000
1772479640,484724637,-0.606641,-1.329729,2.612704,-1.168674,-1.289997,-1.215945,1,0.035061,0.371846,0.037204,0.391722,0.039147,0.411722,0.039147,0.411722,0,10.517217,0.044537,0.029870,0.411722,0.371722,0.220000
1772479640,509718012,-0.606429,-1.329443,2.621549,-1.169019,-1.290084,-1.207101,1,0.037396,0.386110,0.039147,0.411722,0.041572,0.431722,0.041572,0.431722,0,10.384806,0.046481,0.031814,0.431722,0.391722,0.220000
1772479640,534737911,-0.607012,-1.330757,2.630511,-1.167735,-1.289438,-1.198139,1,0.039103,0.389268,0.041572,0.431722,0.044337,0.451722,0.044337,0.451722,0,10.188451,0.048906,0.034239,0.451722,0.411722,0.220000
1772479640,584918685,-0.610377,-1.325572,2.651685,-1.168422,-1.295580,-1.176964,1,0.041978,0.436384,0.044337,0.451722,0.042832,0.471722,0.042832,0.471722,0,11.013317,0.051670,0.037003,0.471722,0.431722,0.220000
1772479640,609972715,-0.610320,-1.327895,2.662443,-1.166993,-1.293748,-1.166207,1,0.044365,0.477511,0.042832,0.471722,0.046436,0.491722,0.046436,0.491722,0,10.589327,0.050165,0.035499,0.491722,0.451722,0.220000
1772479640,635135791,-0.612153,-1.325578,2.673496,-1.167046,-1.296703,-1.155154,1,0.042524,0.484141,0.046436,0.491722,0.046681,0.511722,0.046681,0.511722,0,10.962003,0.053769,0.039102,0.511722,0.471722,0.220000
1772479640,685299391,-0.613527,-1.324886,2.696851,-1.166421,-1.298109,-1.131799,1,0.046658,0.494369,0.046681,0.511722,0.048789,0.531722,0.048789,0.531722,0,10.898452,0.054015,0.039348,0.531722,0.491722,0.220000
1772479640,710301045,-0.613797,-1.325217,2.708907,-1.166003,-1.298024,-1.119742,1,0.046742,0.496302,0.048789,0.531722,0.051434,0.551722,0.051434,0.551722,0,10.726757,0.056122,0.041455,0.551722,0.511722,0.220000
1772479640,735391691,-0.614982,-1.324372,2.722222,-1.165623,-1.299429,-1.106428,1,0.048827,0.524926,0.051434,0.551722,0.052969,0.571722,0.052969,0.571722,0,10.793547,0.058768,0.044101,0.571722,0.531722,0.220000
1772479640,785572195,-0.616514,-1.326105,2.747720,-1.163339,-1.299061,-1.080929,1,0.051208,0.564988,0.052969,0.571722,0.056581,0.591722,0.056581,0.591722,0,10.457967,0.060302,0.045636,0.591722,0.551722,0.220000
1772479640,810660979,-0.617669,-1.325037,2.761415,-1.162964,-1.300540,-1.067028,1,0.053077,0.563858,0.056581,0.591722,0.057009,0.600000,0.057009,0.600000,0,10.524584,0.063914,0.049248,0.600000,0.571722,0.220000
1772479640,835775184,-0.618765,-1.324544,2.775826,-1.161385,-1.301093,-1.051264,1,0.056470,0.589057,0.057009,0.600000,0.057382,0.600000,0.057382,0.600000,0,10.456179,0.064343,0.049676,0.600000,0.580000,0.220000
1772479640,885952944,-0.621417,-1.322382,2.804922,-1.160701,-1.304445,-1.022167,1,0.057084,0.599700,0.057382,0.600000,0.056523,0.600000,0.056523,0.600000,0,10.615132,0.064716,0.050049,0.600000,0.580000,0.220000
1772479640,911048085,-0.623723,-1.322201,2.819460,-1.159029,-1.306046,-1.007630,1,0.057732,0.602618,0.056523,0.600000,0.055910,0.600000,0.055910,0.600000,0,10.731613,0.063856,0.049190,0.600000,0.580000,0.220000
1772479640,936179804,-0.624733,-1.322132,2.834970,-1.158291,-1.306738,-0.992119,1,0.056614,0.604628,0.055910,0.600000,0.056363,0.600000,0.056363,0.600000,0,10.645263,0.063243,0.048576,0.600000,0.580000,0.220000
1772479640,986257318,-0.627732,-1.321035,2.865015,-1.156664,-1.309486,-0.962075,1,0.055432,0.622689,0.056363,0.600000,0.056055,0.600000,0.056055,0.600000,0,10.703681,0.063696,0.049030,0.600000,0.580000,0.220000
1772479641,11387671,-0.628634,-1.321209,2.879483,-1.155856,-1.309922,-0.947607,1,0.056692,0.609693,0.056055,0.600000,0.056650,0.600000,0.056650,0.600000,0,10.591368,0.063389,0.048722,0.600000,0.580000,0.220000
1772479641,36369893,-0.630078,-1.319834,2.895065,-1.155609,-1.311901,-0.932025,1,0.056081,0.607306,0.056650,0.600000,0.056196,0.600000,0.056196,0.600000,0,10.676865,0.063983,0.049317,0.600000,0.580000,0.220000
1772479641,86592532,-0.631951,-1.319222,2.924378,-1.154546,-1.313560,-0.902712,1,0.056807,0.611677,0.056196,0.600000,0.056928,0.600000,0.056928,0.600000,0,10.539664,0.063530,0.048863,0.600000,0.580000,0.220000
1772479641,111597939,-0.633464,-1.318569,2.939614,-1.153788,-1.315024,-0.887475,1,0.056318,0.589778,0.056928,0.600000,0.056788,0.600000,0.056788,0.600000,0,10.565561,0.064261,0.049594,0.600000,0.580000,0.220000
1772479641,136831310,-0.635089,-1.319014,2.954289,-1.152248,-1.315708,-0.872801,1,0.056998,0.588954,0.056788,0.600000,0.057080,0.600000,0.057080,0.600000,0,10.511627,0.064122,0.049455,0.600000,0.580000,0.220000
1772479641,186791483,-0.637945,-1.317890,2.984052,-1.150749,-1.318385,-0.843038,1,0.056767,0.610771,0.057080,0.600000,0.057000,0.600000,0.057000,0.600000,0,10.526390,0.064413,0.049746,0.600000,0.580000,0.220000
1772479641,212018848,-0.638700,-1.318519,2.998564,-1.149767,-1.318377,-0.828526,1,0.056668,0.608284,0.057000,0.600000,0.057986,0.600000,0.057986,0.600000,0,10.347323,0.064333,0.049666,0.600000,0.580000,0.220000
1772479641,237002565,-0.640501,-1.318037,3.014050,-1.148678,-1.319890,-0.813040,1,0.056832,0.602709,0.057986,0.600000,0.057796,0.600000,0.057796,0.600000,0,10.381417,0.065319,0.050653,0.600000,0.580000,0.220000
1772479641,287119660,-0.643581,-1.317468,3.044409,-1.146618,-1.322226,-0.782064,1,0.057925,0.585485,0.057796,0.600000,0.058037,0.600000,0.058037,0.600000,0,10.338222,0.065129,0.050462,0.600000,0.580000,0.220000
1772479641,312207623,-0.645521,-1.316813,3.059323,-1.145280,-1.323560,-0.762648,1,0.057542,0.595710,0.058037,0.600000,0.058301,0.600000,0.058301,0.600000,0,10.291490,0.065370,0.050704,0.600000,0.580000,0.220000
1772479641,337248340,-0.646676,-1.317858,3.073497,-1.143725,-1.323475,-0.748474,1,0.058152,0.594939,0.058301,0.600000,0.059258,0.600000,0.059258,0.600000,0,10.125137,0.065634,0.050967,0.600000,0.580000,0.220000
1772479641,387382756,-0.650082,-1.316936,3.103992,-1.141658,-1.326334,-0.717979,1,0.058228,0.616700,0.059258,0.600000,0.059084,0.600000,0.059084,0.600000,0,10.155028,0.066592,0.051925,0.600000,0.580000,0.220000
1772479641,412564174,-0.651905,-1.317922,3.118450,-1.139620,-1.326714,-0.703521,1,0.059702,0.617960,0.059084,0.600000,0.059596,0.600000,0.059596,0.600000,0,10.067754,0.066417,0.051751,0.600000,0.580000,0.220000
1772479641,437560546,-0.652838,-1.318946,3.133182,-1.138251,-1.326505,-0.688789,1,0.059159,0.604608,0.059596,0.600000,0.060818,0.600000,0.060818,0.600000,0,9.865469,0.066930,0.052263,0.600000,0.580000,0.220000
1772479641,487643174,-0.655484,-1.318556,-3.120056,-1.132898,-1.323070,-0.658421,1,0.059659,0.604809,0.060818,0.600000,0.065957,0.600000,0.065957,0.600000,0,9.096816,0.068152,0.053485,0.600000,0.580000,0.220000
1772479641,512789031,-0.658560,-1.319127,-3.104995,-1.130147,-1.324560,-0.643360,1,0.060662,0.599845,0.065957,0.600000,0.065290,0.600000,0.065290,0.600000,0,9.189809,0.073290,0.058624,0.600000,0.580000,0.220000
1772479641,537791883,-0.659016,-1.319189,-3.090367,-1.129753,-1.324798,-0.628732,1,0.065656,0.604041,0.065290,0.600000,0.066590,0.600000,0.066590,0.600000,0,9.010399,0.072623,0.057956,0.600000,0.580000,0.220000
1772479641,588009177,-0.662172,-1.319333,-3.060175,-1.127209,-1.326670,-0.598540,1,0.065399,0.614613,0.066590,0.600000,0.067340,0.600000,0.067340,0.600000,0,8.910030,0.073923,0.059256,0.600000,0.580000,0.220000
1772479641,613091917,-0.664876,-1.320310,-3.045329,-1.124592,-1.328146,-0.583823,1,0.067344,0.588972,0.067340,0.600000,0.066696,0.600000,0.066696,0.600000,0,8.996015,0.074673,0.060007,0.600000,0.580000,0.220000
1772479641,638092083,-0.665901,-1.320121,-3.030141,-1.124624,-1.332722,-0.569545,1,0.067567,0.600465,0.066696,0.600000,0.063616,0.600000,0.063616,0.600000,0,9.431526,0.074030,0.059363,0.600000,0.580000,0.220000
1772479641,688165085,-0.670563,-1.319722,-3.000653,-1.121254,-1.335967,-0.540056,1,0.066882,0.593749,0.063616,0.600000,0.062776,0.600000,0.062776,0.600000,0,9.557812,0.070950,0.056283,0.600000,0.580000,0.220000
1772479641,713347358,-0.672170,-1.319706,-2.985533,-1.120015,-1.336991,-0.524936,1,0.062224,0.607313,0.062776,0.600000,0.063073,0.600000,0.063073,0.600000,0,9.512781,0.070109,0.055443,0.600000,0.580000,0.220000
1772479641,738307808,-0.674405,-1.319974,-2.970351,-1.117963,-1.338300,-0.510028,1,0.062834,0.608023,0.063073,0.600000,0.062892,0.600000,0.062892,0.600000,0,9.540132,0.070406,0.055740,0.600000,0.580000,0.220000
1772479641,788421646,-0.677792,-1.319715,-2.940231,-1.114386,-1.341480,-0.481995,1,0.062796,0.588225,0.062892,0.600000,0.061997,0.600000,0.061997,0.600000,0,9.677908,0.070226,0.055559,0.600000,0.580000,0.220000
1772479641,813515496,-0.679015,-1.320709,-2.925598,-1.112808,-1.341481,-0.467361,1,0.062351,0.619207,0.061997,0.600000,0.063096,0.600000,0.063096,0.600000,0,9.509368,0.069330,0.054664,0.600000,0.580000,0.220000
1772479641,838530556,-0.680500,-1.320694,-2.910196,-1.111672,-1.342595,-0.451813,1,0.061678,0.594778,0.063096,0.600000,0.063400,0.600000,0.063400,0.600000,0,9.463655,0.070429,0.055762,0.600000,0.580000,0.220000
1772479641,888696698,-0.683407,-1.322837,-2.880772,-1.108110,-1.344094,-0.421208,1,0.063142,0.615785,0.063400,0.600000,0.064345,0.600000,0.064345,0.600000,0,9.324773,0.070734,0.056067,0.600000,0.580000,0.220000
1772479641,913711063,-0.685943,-1.322739,-2.865760,-1.106203,-1.345769,-0.406196,1,0.064506,0.605929,0.064345,0.600000,0.063886,0.600000,0.063886,0.600000,0,9.391672,0.071678,0.057011,0.600000,0.580000,0.220000
1772479641,938761733,-0.687019,-1.323657,-2.850812,-1.104216,-1.345201,-0.391387,1,0.064156,0.601373,0.063886,0.600000,0.065546,0.600000,0.065546,0.600000,0,9.153851,0.071220,0.056553,0.600000,0.580000,0.220000
1772479641,988915597,-0.689169,-1.325361,-2.821901,-1.096494,-1.340583,-0.363687,1,0.063721,0.612504,0.065546,0.600000,0.071878,0.600000,0.071878,0.600000,0,8.347469,0.072880,0.058213,0.600000,0.580000,0.220000
1772479642,14077569,-0.690679,-1.325448,-2.806922,-1.095268,-1.341470,-0.348708,1,0.073282,0.615172,0.071878,0.600000,0.072474,0.600000,0.072474,0.600000,0,8.278842,0.079211,0.064545,0.600000,0.580000,0.220000
1772479642,39002904,-0.692011,-1.326832,-2.792045,-1.093874,-1.341893,-0.333643,1,0.072153,0.602584,0.072474,0.600000,0.073637,0.600000,0.073637,0.600000,0,8.148118,0.079807,0.065141,0.600000,0.580000,0.220000
1772479642,89092896,-0.694996,-1.328091,-2.762106,-1.095142,-1.348396,-0.302096,1,0.072531,0.600036,0.073637,0.600000,0.070429,0.600000,0.070429,0.600000,0,8.519238,0.080970,0.066303,0.600000,0.580000,0.220000
1772479642,114277531,-0.695987,-1.328275,-2.747580,-1.094256,-1.348878,-0.287569,1,0.070133,0.590417,0.070429,0.600000,0.071541,0.600000,0.071541,0.600000,0,8.386778,0.077762,0.063096,0.600000,0.580000,0.220000
1772479642,139228626,-0.700082,-1.328841,-2.732165,-1.090617,-1.350918,-0.271803,1,0.070353,0.597102,0.071541,0.600000,0.070111,0.600000,0.070111,0.600000,0,8.557864,0.078875,0.064208,0.600000,0.580000,0.220000
1772479642,189315468,-0.703001,-1.330205,-2.702349,-1.086539,-1.350745,-0.238676,1,0.071530,0.604850,0.070111,0.600000,0.073610,0.600000,0.073610,0.600000,0,8.151029,0.077444,0.062778,0.600000,0.580000,0.220000
1772479642,214456176,-0.704592,-1.332181,-2.687991,-1.084061,-1.350204,-0.224318,1,0.074650,0.595514,0.073610,0.600000,0.076908,0.600000,0.076908,0.600000,0,7.801572,0.080944,0.066277,0.600000,0.580000,0.220000
1772479642,239394520,-0.706366,-1.332097,-2.672623,-1.082798,-1.351327,-0.209159,1,0.074022,0.599207,0.076908,0.600000,0.076691,0.600000,0.076691,0.600000,0,7.823565,0.084241,0.069574,0.600000,0.580000,0.220000
1772479642,289549106,-0.709695,-1.335117,-2.643260,-1.078934,-1.350550,-0.181786,1,0.076882,0.597713,0.076691,0.600000,0.083981,0.600000,0.083981,0.600000,0,7.144447,0.084025,0.069358,0.600000,0.580000,0.220000
1772479642,314578088,-0.711826,-1.335889,-2.628083,-1.076792,-1.351290,-0.166610,1,0.086068,0.602488,0.083981,0.600000,0.091315,0.580000,0.091315,0.580000,0,6.327857,0.091315,0.076648,0.600000,0.580000,0.220000
1772479642,339651672,-0.713791,-1.335851,-2.612757,-1.074892,-1.352952,-0.151243,1,0.084143,0.602382,0.091315,0.580000,0.092465,0.600000,0.092465,0.600000,0,6.488914,0.098648,0.083981,0.600000,0.560000,0.220000
1772479642,389749600,-0.717028,-1.338526,-2.583721,-1.066968,-1.356652,-0.121828,1,0.093330,0.602822,0.092465,0.600000,0.099799,0.595915,0.099799,0.595915,0,5.971167,0.099799,0.085132,0.600000,0.580000,0.220000
1772479642,414751138,-0.718629,-1.338723,-2.569057,-1.065599,-1.357504,-0.107165,1,0.100562,0.609145,0.099799,0.595915,0.107132,0.579987,0.107132,0.579987,0,5.413756,0.107132,0.092465,0.600000,0.575915,0.220000
1772479642,439801690,-0.721184,-1.341299,-2.554173,-1.061544,-1.356863,-0.092354,1,0.099510,0.591688,0.107132,0.579987,0.112554,0.599987,0.112554,0.599987,0,5.330647,0.114465,0.099799,0.599987,0.559987,0.220000
1772479642,489953224,-0.725619,-1.344261,-2.524590,-1.051668,-1.354876,-0.063519,1,0.113899,0.599467,0.112554,0.599987,0.119888,0.579987,0.119888,0.579987,0,4.302134,0.119888,0.105221,0.600000,0.579987,0.220000
1772479642,514943036,-0.728047,-1.344249,-2.509849,-1.049788,-1.356413,-0.048777,1,0.122914,0.611400,0.119888,0.579987,0.127221,0.559987,0.127221,0.559987,0,3.904622,0.127221,0.112554,0.599987,0.559987,0.220000
1772479642,539984444,-0.730202,-1.346548,-2.495237,-1.046866,-1.355787,-0.034038,1,0.120050,0.559832,0.127221,0.559987,0.134554,0.539987,0.134554,0.539987,0,3.868085,0.134554,0.119888,0.579987,0.539987,0.220000
1772479642,590089443,-0.736595,-1.351227,-2.466855,-1.041040,-1.354127,-0.004321,1,0.137440,0.572721,0.134554,0.539987,0.141888,0.519987,0.141888,0.519987,0,3.026884,0.141888,0.127221,0.559987,0.519987,0.220000
1772479642,615079679,-0.739303,-1.352204,-2.452580,-1.038319,-1.355067,0.009954,1,0.141503,0.517309,0.141888,0.519987,0.149221,0.499987,0.149221,0.499987,0,2.865527,0.149221,0.134554,0.539987,0.499987,0.220000
1772479642,640124604,-0.741246,-1.354834,-2.440203,-1.035288,-1.354446,0.022611,1,0.142495,0.519979,0.149221,0.499987,0.156554,0.479987,0.156554,0.479987,0,2.735915,0.156554,0.141888,0.519987,0.479987,0.220000
1772479642,665157750,-0.744605,-1.356755,-2.428154,-1.032968,-1.357367,0.037819,1,0.159846,0.516206,0.156554,0.479987,0.163888,0.459987,0.163888,0.459987,0,2.377948,0.163888,0.149221,0.499987,0.459987,0.220000
1772479642,715265093,-0.749415,-1.361874,-2.403325,-1.026014,-1.356380,0.062647,1,0.164138,0.458906,0.163888,0.459987,0.171221,0.439987,0.171221,0.439987,0,2.133636,0.171221,0.156554,0.479987,0.439987,0.220000
1772479642,740287602,-0.751380,-1.362151,-2.391088,-1.024279,-1.357742,0.074893,1,0.164357,0.456792,0.171221,0.439987,0.178554,0.419987,0.178554,0.419987,0,2.090168,0.178554,0.163888,0.459987,0.419987,0.220000
1772479642,790366793,-0.756867,-1.367711,-2.368622,-1.016185,-1.360897,0.097450,1,0.184206,0.485381,0.178554,0.419987,0.185888,0.399987,0.185888,0.399987,0,1.778091,0.185888,0.171221,0.439987,0.399987,0.220000
1772479642,815329461,-0.760054,-1.371154,-2.357764,-1.011546,-1.360203,0.108308,1,0.185699,0.398922,0.185888,0.399987,0.193221,0.379987,0.193221,0.379987,0,1.696028,0.193221,0.178554,0.419987,0.379987,0.220000
1772479642,840426456,-0.762766,-1.373572,-2.346952,-1.007963,-1.360311,0.119144,1,0.185815,0.392513,0.193221,0.379987,0.200554,0.359987,0.200554,0.359987,0,1.644538,0.200554,0.185888,0.399987,0.359987,0.220000
1772479642,890474678,-0.768815,-1.381555,-2.328400,-0.998809,-1.361510,0.137994,1,0.202240,0.385010,0.200554,0.359987,0.207888,0.339987,0.207888,0.339987,0,1.415572,0.207888,0.193221,0.379987,0.339987,0.220000
1772479642,915446686,-0.773427,-1.384996,-2.319579,-0.993059,-1.361707,0.146816,1,0.207671,0.342043,0.207888,0.339987,0.215221,0.319987,0.215221,0.319987,0,1.340771,0.215221,0.200554,0.359987,0.319987,0.220000
1772479642,940516826,-0.776911,-1.387799,-2.310731,-0.988614,-1.361787,0.155489,1,0.215656,0.348461,0.215221,0.319987,0.220000,0.299987,0.220000,0.299987,0,1.239002,0.220000,0.207888,0.339987,0.299987,0.220000
1772479642,990541519,-0.782381,-1.397488,-2.294820,-0.978639,-1.358874,0.169067,1,0.221261,0.312314,0.220000,0.299987,0.220000,0.279987,0.220000,0.279987,0,1.117067,0.220000,0.212667,0.319987,0.279987,0.220000
1772479643,15556200,-0.786278,-1.401585,-2.287265,-0.973034,-1.358125,0.176622,1,0.220379,0.282347,0.220000,0.279987,0.220000,0.259987,0.220000,0.259987,0,1.084825,0.220000,0.212667,0.299987,0.259987,0.220000
1772479643,40563638,-0.790403,-1.405465,-2.280527,-0.967268,-1.357348,0.183395,1,0.220539,0.237236,0.220000,0.259987,0.220000,0.239987,0.220000,0.239987,0,1.057457,0.220000,0.212667,0.279987,0.239987,0.220000
1772479643,90588844,-0.796936,-1.413687,-2.268467,-0.955223,-1.349882,0.195990,1,0.219978,0.259468,0.220000,0.239987,0.220000,0.219987,0.220000,0.219987,0,0.906726,0.220000,0.212667,0.259987,0.219987,0.220000
1772479643,115528958,-0.801931,-1.418432,-2.261870,-0.948357,-1.349314,0.202587,1,0.220244,0.235691,0.220000,0.219987,0.220000,0.199987,0.220000,0.199987,0,0.888929,0.220000,0.212667,0.239987,0.199987,0.220000
1772479643,140614288,-0.804391,-1.421976,-2.255242,-0.944371,-1.347914,0.209436,1,0.220304,0.231225,0.220000,0.199987,0.220000,0.185167,0.220000,0.185167,0,0.841666,0.220000,0.212667,0.219987,0.179987,0.220000
1772479643,190624394,-0.811051,-1.429664,-2.243454,-0.936978,-1.342989,0.225007,1,0.219939,0.191015,0.220000,0.185167,0.220000,0.165167,0.220000,0.165167,0,0.695760,0.220000,0.212667,0.205167,0.165167,0.220000
1772479643,215606194,-0.814212,-1.435296,-2.238270,-0.930995,-1.340556,0.230191,1,0.219760,0.153554,0.220000,0.165167,0.220000,0.145167,0.220000,0.145167,0,0.650268,0.220000,0.212667,0.185167,0.145167,0.220000
1772479643,240627848,-0.817500,-1.438638,-2.233616,-0.926244,-1.340043,0.234768,1,0.219578,0.169818,0.220000,0.145167,0.220000,0.140079,0.220000,0.140079,0,0.636721,0.220000,0.212667,0.165167,0.125167,0.220000
1772479643,290631734,-0.823725,-1.447750,-2.225771,-0.913792,-1.337793,0.241129,1,0.220569,0.129150,0.220000,0.140079,0.220000,0.135183,0.220000,0.135183,0,0.614468,0.220000,0.212667,0.160079,0.120079,0.220000
1772479643,315637327,-0.827431,-1.451963,-2.222229,-0.908267,-1.336818,0.244671,1,0.220068,0.128631,0.220000,0.135183,0.220000,0.132364,0.220000,0.132364,0,0.601653,0.220000,0.212667,0.155183,0.115183,0.220000
1772479643,340626188,-0.830611,-1.456079,-2.218702,-0.903241,-1.335509,0.248075,1,0.219922,0.148825,0.220000,0.132364,0.220000,0.127990,0.220000,0.127990,0,0.581773,0.220000,0.212667,0.152364,0.112364,0.220000
1772479643,390655340,-0.837030,-1.466147,-2.212007,-0.892637,-1.329678,0.251746,1,0.220481,0.140827,0.220000,0.127990,0.220000,0.111174,0.220000,0.111174,0,0.505334,0.220000,0.212667,0.147990,0.107990,0.220000
1772479643,415653895,-0.839353,-1.470460,-2.207578,-0.888123,-1.327775,0.256175,1,0.220361,0.127560,0.220000,0.111174,0.220000,0.102501,0.220000,0.102501,0,0.465913,0.220000,0.212667,0.131174,0.091174,0.220000
1772479643,440643546,-0.843227,-1.474744,-2.204468,-0.882466,-1.326972,0.259443,1,0.219880,0.100887,0.220000,0.102501,0.220000,0.100954,0.220000,0.100954,0,0.458882,0.220000,0.212667,0.122501,0.082501,0.220000
1772479643,490665051,-0.849721,-1.482978,-2.198900,-0.873619,-1.327584,0.269562,1,0.219779,0.087950,0.220000,0.100954,0.220000,0.099109,0.220000,0.099109,0,0.450495,0.220000,0.212667,0.120954,0.080954,0.220000
1772479643,515609878,-0.852447,-1.487440,-2.196338,-0.868706,-1.325795,0.272124,1,0.220094,0.099175,0.220000,0.099109,0.220000,0.093553,0.220000,0.093553,0,0.425241,0.220000,0.212667,0.119109,0.079109,0.220000
1772479643,540700036,-0.855562,-1.493626,-2.194149,-0.862384,-1.322928,0.274212,1,0.219692,0.092247,0.220000,0.093553,0.220000,0.086346,0.220000,0.086346,0,0.392483,0.220000,0.212667,0.113553,0.073553,0.220000
1772479643,590653339,-0.861796,-1.501235,-2.187864,-0.851753,-1.321807,0.277080,1,0.220304,0.099365,0.220000,0.086346,0.220000,0.088833,0.220000,0.088833,0,0.403784,0.220000,0.212667,0.106346,0.066346,0.220000
1772479643,615680392,-0.864246,-1.505851,-2.185026,-0.846953,-1.319742,0.279919,1,0.220616,0.092464,0.220000,0.088833,0.220000,0.081926,0.220000,0.081926,0,0.372391,0.220000,0.212667,0.108833,0.068833,0.220000
1772479643,640684461,-0.868713,-1.510680,-2.182166,-0.840522,-1.318773,0.282831,1,0.220245,0.080665,0.220000,0.081926,0.220000,0.080889,0.220000,0.080889,0,0.367676,0.220000,0.212667,0.101926,0.061926,0.220000
1772479643,665677604,-0.871093,-1.515392,-2.179544,-0.839066,-1.316514,0.287792,1,0.219231,0.079315,0.220000,0.080889,0.220000,0.067554,0.220000,0.067554,0,0.307062,0.220000,0.212667,0.100889,0.060889,0.220000
1772479643,715673448,-0.877157,-1.523954,-2.176412,-0.828983,-1.313611,0.290924,1,0.220110,0.086323,0.220000,0.067554,0.220000,0.061808,0.220000,0.061808,0,0.280945,0.220000,0.212667,0.087554,0.047554,0.220000
1772479643,740673208,-0.880129,-1.528418,-2.174210,-0.823875,-1.311979,0.293126,1,0.219870,0.054364,0.220000,0.061808,0.220000,0.057851,0.220000,0.057851,0,0.262960,0.220000,0.212667,0.081808,0.041808,0.220000
1772479643,790708178,-0.885706,-1.536998,-2.170316,-0.815343,-1.309020,0.296931,1,0.220275,0.045206,0.220000,0.057851,0.220000,0.049902,0.220000,0.049902,0,0.226825,0.220000,0.212667,0.077851,0.037851,0.220000
1772479643,815674201,-0.889142,-1.542444,-2.168408,-0.809259,-1.306911,0.298838,1,0.220039,0.055042,0.220000,0.049902,0.220000,0.045383,0.220000,0.045383,0,0.206284,0.220000,0.212667,0.069902,0.029902,0.220000
1772479643,840693153,-0.892446,-1.547124,-2.166640,-0.803756,-1.305318,0.300607,1,0.220430,0.048313,0.220000,0.045383,0.220000,0.042465,0.220000,0.042465,0,0.193023,0.220000,0.212667,0.065383,0.025383,0.220000
1772479643,865705416,-0.895663,-1.551512,-2.164819,-0.798504,-1.303899,0.302428,1,0.219905,0.029685,0.220000,0.042465,0.220000,0.039960,0.220000,0.039960,0,0.181638,0.220000,0.212667,0.062465,0.022465,0.220000
1772479643,915724014,-0.901467,-1.560607,-2.161693,-0.788289,-1.300398,0.305606,1,0.219586,0.033211,0.220000,0.039960,0.220000,0.032739,0.220000,0.032739,0,0.148815,0.220000,0.212667,0.059960,0.019960,0.220000
1772479643,940707221,-0.904249,-1.566947,-2.160658,-0.781974,-1.295260,0.311365,1,0.220452,0.036188,0.220000,0.032739,0.220000,0.012739,0.220000,0.012739,0,0.050978,0.220000,0.212667,0.052739,0.012739,0.220000
1772479643,965769336,-0.906870,-1.569801,-2.159557,-0.778148,-1.294649,0.312466,1,0.220417,0.034164,0.220000,0.012739,0.220000,0.011303,0.220000,0.011303,0,0.051376,0.220000,0.212667,0.032739,-0.007261,0.220000
1772479644,15723499,-0.913254,-1.579752,-2.156679,-0.766966,-1.290809,0.315344,1,0.219891,0.033505,0.220000,0.011303,0.220000,0.004010,0.220000,0.004010,0,0.018227,0.220000,0.212667,0.031303,-0.008697,0.220000
1772479644,40729577,-0.915779,-1.584555,-2.156019,-0.762005,-1.288610,0.316004,1,0.219809,0.000000,0.220000,0.004010,0.220000,-0.000337,0.220000,-0.000337,0,-0.001531,0.220000,0.212667,0.024010,-0.015990,0.220000
1772479644,90748794,-0.921478,-1.594354,-2.154342,-0.751454,-1.284464,0.317681,1,0.219845,-0.004638,0.220000,-0.000337,0.220000,-0.007939,0.220000,-0.007939,0,-0.036087,0.220000,0.212667,0.019663,-0.020337,0.220000
1772479644,115739422,-0.924230,-1.598626,-2.153557,-0.746668,-1.282824,0.318453,1,0.220009,0.005393,0.220000,-0.007939,0.220000,-0.010495,0.220000,-0.010495,0,-0.047704,0.220000,0.212667,0.012061,-0.027939,0.220000
1772479644,140807308,-0.927447,-1.604136,-2.154273,-0.743333,-1.280778,0.316128,1,0.220386,-0.015158,0.220000,-0.010495,0.220000,-0.011963,0.220000,-0.011963,0,-0.054375,0.220000,0.212667,0.009505,-0.030495,0.220000
1772479644,190741229,-0.933742,-1.614332,-2.153071,-0.732062,-1.276710,0.317331,1,0.220274,0.000000,0.220000,-0.011963,0.220000,-0.017863,0.220000,-0.017863,0,-0.081196,0.220000,0.212667,0.008037,-0.031963,0.220000
1772479644,215804503,-0.935962,-1.619393,-2.153060,-0.727176,-1.274127,0.317341,1,0.219908,-0.023200,0.220000,-0.017863,0.220000,-0.022929,0.220000,-0.022929,0,-0.104220,0.220000,0.212667,0.002137,-0.037863,0.220000
1772479644,240804209,-0.939220,-1.623831,-2.153068,-0.721865,-1.272678,0.317334,1,0.220057,-0.007409,0.220000,-0.022929,0.220000,-0.023127,0.220000,-0.023127,0,-0.105123,0.220000,0.212667,-0.002929,-0.042929,0.220000
1772479644,265743448,-0.943172,-1.627611,-2.153481,-0.716419,-1.272175,0.316921,1,0.219428,-0.034692,0.220000,-0.023127,0.220000,-0.018821,0.220000,-0.018821,0,-0.085549,0.220000,0.212667,-0.003127,-0.043127,0.220000
1772479644,316004428,-0.948251,-1.637072,-2.153654,-0.706557,-1.267925,0.316748,1,0.219939,-0.022421,0.220000,-0.018821,0.220000,-0.025150,0.220000,-0.025150,0,-0.114316,0.220000,0.212667,0.001179,-0.038821,0.220000
1772479644,340811771,-0.952212,-1.641025,-2.153473,-0.700998,-1.267293,0.316929,1,0.219948,-0.008286,0.220000,-0.025150,0.220000,-0.022133,0.220000,-0.022133,0,-0.100603,0.220000,0.212667,-0.005150,-0.045150,0.220000
1772479644,366098226,-0.954542,-1.645803,-2.153402,-0.696201,-1.265000,0.316999,1,0.220482,-0.021078,0.220000,-0.022133,0.220000,-0.026257,0.220000,-0.026257,0,-0.119352,0.220000,0.212667,-0.002133,-0.042133,0.220000
1772479644,415802616,-0.960754,-1.655816,-2.153468,-0.685115,-1.261027,0.316952,1,0.220177,-0.024701,0.220000,-0.026257,0.215763,-0.029723,0.215763,-0.029723,0,-0.137760,0.215763,0.212667,-0.006257,-0.046257,0.215763
1772479644,440820114,-0.965183,-1.661096,-2.154018,-0.679238,-1.260233,0.319400,1,0.219739,-0.020822,0.215763,-0.029723,0.213319,-0.029669,0.213319,-0.029669,0,-0.139082,0.213319,0.208430,-0.009723,-0.049723,0.213319
1772479644,490852978,-0.968967,-1.669659,-2.155313,-0.670963,-1.255855,0.318105,1,0.215918,-0.028527,0.213319,-0.029669,0.209500,-0.035579,0.209500,-0.035579,0,-0.169829,0.209500,0.205985,-0.009669,-0.049669,0.209500
1772479644,516027979,-0.972607,-1.674103,-2.155576,-0.665351,-1.254622,0.317842,1,0.213342,-0.030698,0.209500,-0.035579,0.207111,-0.033781,0.207111,-0.033781,0,-0.163106,0.207111,0.202167,-0.015579,-0.055579,0.207111
1772479644,540811338,-0.975618,-1.679105,-2.156182,-0.659890,-1.252561,0.317236,1,0.209085,-0.041777,0.207111,-0.033781,0.204687,-0.034871,0.204687,-0.034871,0,-0.170365,0.204687,0.199778,-0.013781,-0.053781,0.204687
1772479644,590875598,-0.980016,-1.687978,-2.156704,-0.650940,-1.248321,0.316714,1,0.206529,-0.047432,0.204687,-0.034871,0.200617,-0.041006,0.200617,-0.041006,0,-0.204398,0.200617,0.197354,-0.014871,-0.054871,0.200617
1772479644,615840850,-0.983165,-1.693235,-2.157153,-0.645210,-1.246146,0.316265,1,0.205038,-0.039826,0.200617,-0.041006,0.198073,-0.042641,0.198073,-0.042641,0,-0.215280,0.198073,0.193284,-0.021006,-0.061006,0.198073
1772479644,640899953,-0.985198,-1.697024,-2.158218,-0.641268,-1.244431,0.315200,1,0.200544,-0.030136,0.198073,-0.042641,0.196299,-0.043907,0.196299,-0.043907,0,-0.223674,0.196299,0.190740,-0.022641,-0.062641,0.196299
1772479644,665909491,-0.989129,-1.702247,-2.158110,-0.634946,-1.242767,0.315308,1,0.197732,-0.047481,0.196299,-0.043907,0.193575,-0.043604,0.193575,-0.043604,0,-0.225258,0.193575,0.188965,-0.023907,-0.063907,0.193575
1772479644,715871425,-0.994070,-1.709777,-2.159758,-0.626407,-1.239938,0.313672,1,0.196492,-0.057133,0.193575,-0.043604,0.189831,-0.043170,0.189831,-0.043170,0,-0.227412,0.189831,0.186242,-0.023604,-0.063604,0.189831
1772479644,740845579,-0.996082,-1.713593,-2.161442,-0.622982,-1.240769,0.313564,1,0.193481,-0.041786,0.189831,-0.043170,0.188551,-0.035447,0.188551,-0.035447,0,-0.187995,0.188551,0.182498,-0.023170,-0.063170,0.188551
1772479644,790915656,-1.001311,-1.721731,-2.163260,-0.613840,-1.237607,0.311746,1,0.189990,-0.039549,0.188551,-0.035447,0.184527,-0.035604,0.184527,-0.035604,0,-0.192946,0.184527,0.181218,-0.015447,-0.055447,0.184527
1772479644,815922896,-1.004201,-1.725516,-2.163919,-0.609228,-1.236419,0.311088,1,0.188280,-0.039663,0.184527,-0.035604,0.182543,-0.034257,0.182543,-0.034257,0,-0.187665,0.182543,0.177194,-0.015604,-0.055604,0.182543
1772479644,840949537,-1.007212,-1.729535,-2.165223,-0.604377,-1.235122,0.309783,1,0.184737,-0.034250,0.182543,-0.034257,0.180451,-0.032229,0.180451,-0.032229,0,-0.178604,0.180451,0.175210,-0.014257,-0.054257,0.180451
1772479644,890977928,-1.011645,-1.736179,-2.166405,-0.596784,-1.232641,0.308601,1,0.182718,-0.031635,0.180451,-0.032229,0.177126,-0.032256,0.177126,-0.032256,0,-0.182105,0.177126,0.173118,-0.012229,-0.052229,0.177126
1772479644,915954834,-1.015037,-1.741202,-2.166682,-0.591013,-1.230791,0.308324,1,0.176402,-0.032192,0.177126,-0.032256,0.174602,-0.032930,0.174602,-0.032930,0,-0.188601,0.174602,0.169793,-0.012256,-0.052256,0.174602
1772479644,941006135,-1.017392,-1.744904,-2.167498,-0.586873,-1.229338,0.307508,1,0.177509,-0.033024,0.174602,-0.032930,0.172778,-0.033239,0.172778,-0.033239,0,-0.192382,0.172778,0.167269,-0.012930,-0.052930,0.172778
1772479644,991015367,-1.021550,-1.752333,-2.168824,-0.579047,-1.226102,0.306182,1,0.174451,-0.025194,0.172778,-0.033239,0.169275,-0.036483,0.169275,-0.036483,0,-0.215524,0.169275,0.165445,-0.013239,-0.053239,0.169275
1772479645,16019874,-1.023975,-1.755623,-2.169751,-0.578906,-1.228565,0.305274,1,0.168306,-0.031069,0.169275,-0.036483,0.169496,-0.022785,0.169496,-0.022785,0,-0.134428,0.169496,0.161941,-0.016483,-0.056483,0.169496
1772479645,41050501,-1.027262,-1.759976,-2.169794,-0.573631,-1.227176,0.305231,1,0.168908,-0.038947,0.169496,-0.022785,0.167223,-0.022482,0.167223,-0.022482,0,-0.134446,0.167223,0.162162,-0.002785,-0.042785,0.167223
1772479645,91065373,-1.032129,-1.767735,-2.171535,-0.565008,-1.224088,0.303490,1,0.169432,-0.019759,0.167223,-0.022482,0.163416,-0.023782,0.163416,-0.023782,0,-0.145533,0.163416,0.159890,-0.002482,-0.042482,0.163416
1772479645,116035723,-1.033846,-1.770730,-2.172440,-0.561807,-1.222795,0.302585,1,0.163317,-0.025473,0.163416,-0.023782,0.161986,-0.024250,0.161986,-0.024250,0,-0.149702,0.161986,0.156082,-0.003782,-0.043782,0.161986
1772479645,141088707,-1.036390,-1.773882,-2.173333,-0.557860,-1.221891,0.301693,1,0.163552,-0.021099,0.161986,-0.024250,0.160300,-0.022146,0.160300,-0.022146,0,-0.138153,0.160300,0.154652,-0.004250,-0.044250,0.160300
1772479645,191137481,-1.040834,-1.780980,-2.173028,-0.549978,-1.219060,0.301998,1,0.162272,-0.032416,0.160300,-0.022146,0.156820,-0.025813,0.156820,-0.025813,0,-0.164605,0.156820,0.152967,-0.002146,-0.042146,0.156820
1772479645,216059422,-1.043225,-1.785015,-2.173753,-0.545604,-1.217367,0.301272,1,0.156223,-0.027044,0.156820,-0.025813,0.154875,-0.027228,0.154875,-0.027228,0,-0.175809,0.154875,0.149486,-0.005813,-0.045813,0.154875
1772479645,241188177,-1.045003,-1.786261,-2.174510,-0.543436,-1.217488,0.300516,1,0.156911,-0.025842,0.154875,-0.027228,0.154018,-0.022380,0.154018,-0.022380,0,-0.145310,0.154018,0.147541,-0.007228,-0.047228,0.154018
1772479645,266113985,-1.048090,-1.792278,-2.174880,-0.537261,-1.214641,0.300096,1,0.154659,-0.035764,0.154018,-0.022380,0.151221,-0.027884,0.151221,-0.027884,0,-0.184393,0.151221,0.146685,-0.002380,-0.042380,0.151221
1772479645,316217248,-1.052022,-1.797660,-2.176146,-0.528939,-1.211169,0.295499,1,0.150614,-0.018946,0.151221,-0.027884,0.147493,-0.028335,0.147493,-0.028335,0,-0.192112,0.147493,0.143888,-0.007884,-0.047884,0.147493
1772479645,341225707,-1.053016,-1.800991,-2.176782,-0.526092,-1.209175,0.294863,1,0.151051,-0.022204,0.147493,-0.028335,0.146130,-0.034080,0.146130,-0.034080,0,-0.233219,0.146130,0.140160,-0.008335,-0.048335,0.146130
1772479645,366251025,-1.056636,-1.803475,-2.177303,-0.521712,-1.209475,0.294343,1,0.147409,-0.039590,0.146130,-0.034080,0.144403,-0.025174,0.144403,-0.025174,0,-0.174334,0.144403,0.138797,-0.014080,-0.054080,0.144403
1772479645,416292347,-1.059852,-1.809456,-2.177752,-0.515477,-1.206785,0.293894,1,0.144134,-0.023863,0.144403,-0.025174,0.141601,-0.030276,0.141601,-0.030276,0,-0.213813,0.141601,0.137069,-0.005174,-0.045174,0.141601
1772479645,441299986,-1.062434,-1.811912,-2.179071,-0.511927,-1.206462,0.292574,1,0.144477,-0.028049,0.141601,-0.030276,0.140139,-0.024691,0.140139,-0.024691,0,-0.176187,0.140139,0.134268,-0.010276,-0.050276,0.140139
1772479645,466290332,-1.063573,-1.815687,-2.179426,-0.508690,-1.204211,0.292220,1,0.141523,-0.038787,0.140139,-0.024691,0.138591,-0.032352,0.138591,-0.032352,0,-0.233432,0.138591,0.132806,-0.004691,-0.044691,0.138591
1772479645,516332418,-1.067912,-1.820397,-2.181017,-0.502365,-1.203213,0.290629,1,0.138228,-0.028968,0.138591,-0.032352,0.135939,-0.026009,0.135939,-0.026009,0,-0.191325,0.135939,0.131258,-0.012352,-0.052352,0.135939
1772479645,541346095,-1.070034,-1.824100,-2.181407,-0.498365,-1.201528,0.290145,1,0.138329,-0.033050,0.135939,-0.026009,0.134146,-0.028833,0.134146,-0.028833,0,-0.214936,0.134146,0.128605,-0.006009,-0.046009,0.134146
1772479645,566359315,-1.072205,-1.827153,-2.182619,-0.493068,-1.195930,0.284628,1,0.133717,-0.027616,0.134146,-0.028833,0.131417,-0.048072,0.131417,-0.048072,0,-0.365796,0.131417,0.126813,-0.008833,-0.048833,0.131417
1772479645,616420574,-1.075458,-1.831891,-2.183084,-0.487569,-1.194260,0.284163,1,0.131300,-0.039608,0.131417,-0.048072,0.129025,-0.049110,0.129025,-0.049110,0,-0.380628,0.129025,0.124084,-0.028072,-0.068072,0.129025
1772479645,641417940,-1.077406,-1.835787,-2.183951,-0.483614,-1.192433,0.283297,1,0.131180,-0.047663,0.129025,-0.049110,0.127240,-0.052355,0.127240,-0.052355,0,-0.411469,0.127240,0.121692,-0.029110,-0.069110,0.127240
1772479645,691442148,-1.081490,-1.841147,-2.186132,-0.477077,-1.190796,0.281116,1,0.126830,-0.050267,0.127240,-0.052355,0.124432,-0.050201,0.124432,-0.050201,0,-0.403437,0.124432,0.119907,-0.032355,-0.072355,0.124432
1772479645,716523636,-1.082668,-1.842852,-2.186989,-0.475093,-1.190200,0.280258,1,0.124502,-0.053681,0.124432,-0.050201,0.123570,-0.050524,0.123570,-0.050524,0,-0.408869,0.123570,0.117099,-0.030201,-0.070201,0.123570
1772479645,741511064,-1.084113,-1.845221,-2.188610,-0.472485,-1.189252,0.278637,1,0.124180,-0.049019,0.123570,-0.050524,0.122420,-0.049885,0.122420,-0.049885,0,-0.407487,0.122420,0.116237,-0.030524,-0.070524,0.122420
1772479645,791529728,-1.088475,-1.850574,-2.190901,-0.465735,-1.187794,0.276346,1,0.121852,-0.052536,0.122420,-0.049885,0.119544,-0.044858,0.119544,-0.044858,0,-0.375238,0.119544,0.115086,-0.029885,-0.069885,0.119544
1772479645,816552675,-1.090025,-1.853272,-2.191721,-0.462841,-1.186654,0.275527,1,0.118800,-0.044061,0.119544,-0.044858,0.118259,-0.047670,0.118259,-0.047670,0,-0.403104,0.118259,0.112211,-0.024858,-0.064858,0.118259
1772479645,841576531,-1.091739,-1.856727,-2.192423,-0.459344,-1.185026,0.274824,1,0.118673,-0.038202,0.118259,-0.047670,0.116681,-0.051219,0.116681,-0.051219,0,-0.438971,0.116681,0.110925,-0.027670,-0.067670,0.116681
1772479645,891569924,-1.095895,-1.861725,-2.194796,-0.460391,-1.189457,0.270347,1,0.115888,-0.048596,0.116681,-0.051219,0.117562,-0.031219,0.117562,-0.031219,0,-0.138267,0.117562,0.109347,-0.031219,-0.071219,0.117562
1772479645,916605528,-1.095870,-1.864531,-2.196619,-0.458654,-1.187253,0.268524,1,0.116932,-0.028907,0.117562,-0.031219,0.116630,-0.026367,0.116630,-0.026367,0,-0.226077,0.116630,0.110228,-0.011219,-0.051219,0.116630
1772479645,941610166,-1.099084,-1.866770,-2.197035,-0.454746,-1.187519,0.268108,1,0.117379,-0.029478,0.116630,-0.026367,0.115081,-0.016028,0.115081,-0.016028,0,-0.139275,0.115081,0.109296,-0.006367,-0.046367,0.115081
1772479645,991679470,-1.103124,-1.871224,-2.198172,-0.448807,-1.186575,0.266971,1,0.114928,-0.016475,0.115081,-0.016028,0.112588,-0.010029,0.112588,-0.010029,0,-0.089078,0.112588,0.107748,0.003972,-0.036028,0.112588
1772479646,16667847,-1.103679,-1.873105,-2.198646,-0.447196,-1.185456,0.266497,1,0.112395,-0.016106,0.112588,-0.010029,0.111821,-0.014794,0.111821,-0.014794,0,-0.132304,0.111821,0.105255,0.009971,-0.030029,0.111821
1772479646,41706951,-1.105815,-1.875742,-2.197979,-0.443880,-1.184736,0.267165,1,0.112836,-0.013454,0.111821,-0.014794,0.110408,-0.014259,0.110408,-0.014259,0,-0.129151,0.110408,0.104487,0.005206,-0.034794,0.110408
1772479646,91742400,-1.107915,-1.879914,-2.198954,-0.439631,-1.182797,0.266190,1,0.110001,-0.010908,0.110408,-0.014259,0.108491,-0.019450,0.108491,-0.019450,0,-0.179279,0.108491,0.103075,0.005741,-0.034259,0.108491
1772479646,116786862,-1.110309,-1.883120,-2.199159,-0.435757,-1.181796,0.265984,1,0.108644,-0.013126,0.108491,-0.019450,0.106824,-0.019069,0.106824,-0.019069,0,-0.178511,0.106824,0.101157,0.000550,-0.039450,0.106824
1772479646,141782854,-1.111363,-1.885084,-2.199769,-0.433706,-1.180924,0.265374,1,0.108538,-0.023331,0.106824,-0.019069,0.105905,-0.020702,0.105905,-0.020702,0,-0.195474,0.105905,0.099490,0.000931,-0.039069,0.105905
1772479646,191841305,-1.114611,-1.889281,-2.200301,-0.428545,-1.179685,0.264843,1,0.105711,-0.020055,0.105905,-0.020702,0.103694,-0.019438,0.103694,-0.019438,0,-0.187458,0.103694,0.098572,-0.000702,-0.040702,0.103694
1772479646,216863957,-1.115634,-1.892163,-2.201031,-0.425970,-1.178141,0.264245,1,0.102851,-0.015149,0.103694,-0.019438,0.102495,-0.026443,0.102495,-0.026443,0,-0.257992,0.102495,0.096361,0.000562,-0.039438,0.102495
1772479646,241834807,-1.117463,-1.893993,-2.200852,-0.424195,-1.179766,0.268442,1,0.102093,-0.032189,0.102495,-0.026443,0.101949,-0.014628,0.101949,-0.014628,0,-0.143481,0.101949,0.095162,-0.006443,-0.046443,0.101949
1772479646,291874785,-1.120347,-1.897136,-2.201772,-0.419981,-1.179103,0.267523,1,0.101968,-0.012609,0.101949,-0.014628,0.100181,-0.009484,0.100181,-0.009484,0,-0.094673,0.100181,0.094615,0.005372,-0.034628,0.100181
1772479646,316906795,-1.121584,-1.899745,-2.202481,-0.417388,-1.177832,0.266814,1,0.100306,-0.014023,0.100181,-0.009484,0.099001,-0.013510,0.099001,-0.013510,0,-0.136462,0.099001,0.092847,0.010516,-0.029484,0.099001
1772479646,341975991,-1.123721,-1.900914,-2.202494,-0.414989,-1.178248,0.266800,1,0.099157,-0.011184,0.099001,-0.013510,0.098079,-0.004545,0.098079,-0.004545,0,-0.046337,0.098079,0.091668,0.006490,-0.033510,0.098079
1772479646,366953259,-1.124531,-1.904324,-2.202725,-0.412231,-1.176085,0.266570,1,0.099416,-0.011319,0.098079,-0.004545,0.096738,-0.016276,0.096738,-0.016276,0,-0.168248,0.096738,0.090746,0.015455,-0.024545,0.096738
1772479646,416977191,-1.127473,-1.907531,-2.202804,-0.407932,-1.175408,0.266491,1,0.098311,-0.004870,0.096738,-0.016276,0.094934,-0.012258,0.094934,-0.012258,0,-0.129117,0.094934,0.089405,0.003724,-0.036276,0.094934
1772479646,442032467,-1.129130,-1.909378,-2.202929,-0.405485,-1.174995,0.266366,1,0.095714,-0.007988,0.094934,-0.012258,0.093904,-0.010273,0.093904,-0.010273,0,-0.109403,0.093904,0.087600,0.007742,-0.032258,0.093904
1772479646,467065069,-1.130717,-1.912522,-2.203731,-0.402285,-1.173523,0.265564,1,0.094687,-0.014569,0.093904,-0.010273,0.092459,-0.014736,0.092459,-0.014736,0,-0.159376,0.092459,0.086570,0.009727,-0.030273,0.092459
1772479646,517079564,-1.133326,-1.916302,-2.203129,-0.397890,-1.172191,0.266166,1,0.094201,-0.016847,0.092459,-0.014736,0.090546,-0.016831,0.090546,-0.016831,0,-0.185886,0.090546,0.085125,0.005264,-0.034736,0.090546
1772479646,542159998,-1.134953,-1.916363,-2.203224,-0.396579,-1.173157,0.266071,1,0.091550,-0.013668,0.090546,-0.016831,0.090121,-0.005164,0.090121,-0.005164,0,-0.057296,0.090121,0.083213,0.003169,-0.036831,0.090121
1772479646,592179672,-1.137463,-1.922353,-2.204053,-0.390885,-1.170033,0.265242,1,0.090769,-0.015138,0.090121,-0.005164,0.087495,-0.018760,0.087495,-0.018760,0,-0.214409,0.087495,0.082787,0.014836,-0.025164,0.087495
1772479646,617279325,-1.138681,-1.924591,-2.204630,-0.388538,-1.169041,0.264665,1,0.090256,-0.010666,0.087495,-0.018760,0.086445,-0.021366,0.086445,-0.021366,0,-0.247161,0.086445,0.080162,0.001240,-0.038760,0.086445
1772479646,642225016,-1.140848,-1.925643,-2.204377,-0.386160,-1.169297,0.264793,1,0.087062,-0.022807,0.086445,-0.021366,0.085513,-0.013987,0.085513,-0.013987,0,-0.163566,0.085513,0.079112,-0.001366,-0.041366,0.085513
1772479646,692252954,-1.143272,-1.928881,-2.204934,-0.381423,-1.160190,0.260488,1,0.086394,-0.017695,0.085513,-0.013987,0.078179,-0.033987,0.078179,-0.033987,0,-1.003654,0.082706,0.078179,0.006013,-0.033987,0.082706
1772479646,717282036,-1.144121,-1.931994,-2.206069,-0.378814,-1.158294,0.259353,1,0.085105,-0.004076,0.078179,-0.033987,0.070846,-0.053987,0.070846,-0.053987,0,-1.159353,0.081475,0.070846,-0.013987,-0.053987,0.081475
1772479646,742253075,-1.145613,-1.934283,-2.206298,-0.376217,-1.157442,0.259124,1,0.076109,-0.025485,0.070846,-0.053987,0.063513,-0.073987,0.063513,-0.073987,0,-1.466875,0.078179,0.063513,-0.033987,-0.073987,0.080343
1772479646,767363972,-1.146664,-1.935773,-2.206494,-0.374465,-1.156938,0.258928,1,0.070186,-0.050730,0.063513,-0.073987,0.059401,-0.093987,0.059401,-0.093987,0,-1.582236,0.070846,0.056179,-0.053987,-0.093987,0.079585
1772479646,817359569,-1.148578,-1.937720,-2.208231,-0.371753,-1.156617,0.257190,1,0.063936,-0.070460,0.059401,-0.093987,0.066735,-0.099297,0.066735,-0.099297,0,-1.487941,0.066735,0.052068,-0.073987,-0.113987,0.078452
1772479646,842349875,-1.150084,-1.939706,-2.209581,-0.369335,-1.156011,0.255840,1,0.058359,-0.082002,0.066735,-0.099297,0.074068,-0.108028,0.074068,-0.108028,0,-1.458499,0.074068,0.059401,-0.079297,-0.119297,0.077414
1772479646,892416989,-1.151790,-1.942344,-2.214208,-0.366354,-1.155021,0.251213,1,0.065889,-0.107716,0.074068,-0.108028,0.076114,-0.107115,0.076114,-0.107115,0,-1.407302,0.076114,0.066735,-0.088028,-0.128028,0.076114
1772479646,917439295,-1.154452,-1.944705,-2.216732,-0.362801,-1.154844,0.248689,1,0.074232,-0.111820,0.076114,-0.107115,0.074650,-0.090190,0.074650,-0.090190,0,-1.208172,0.074650,0.068781,-0.087115,-0.127115,0.074650
1772479646,942432619,-1.154268,-1.946387,-2.219820,-0.361892,-1.153418,0.245601,1,0.076671,-0.114344,0.074650,-0.090190,0.074158,-0.092525,0.074158,-0.092525,0,-1.247682,0.074158,0.067317,-0.070190,-0.110190,0.074158
1772479646,967439816,-1.155443,-1.946560,-2.222312,-0.360867,-1.154018,0.243109,1,0.075088,-0.082174,0.074158,-0.092525,0.073791,-0.083270,0.073791,-0.083270,0,-1.128469,0.073791,0.066824,-0.072525,-0.112525,0.073791
1772479647,17513145,-1.158124,-1.951526,-2.227646,-0.355668,-1.151823,0.237775,1,0.074589,-0.099717,0.073791,-0.083270,0.071483,-0.084191,0.071483,-0.084191,0,-1.177772,0.071483,0.066457,-0.063270,-0.103270,0.071483
1772479647,42502747,-1.159374,-1.951936,-2.228516,-0.354436,-1.152285,0.236905,1,0.073903,-0.097244,0.071483,-0.084191,0.071020,-0.075525,0.071020,-0.075525,0,-1.063439,0.071020,0.064150,-0.064191,-0.104191,0.071020
1772479647,92528809,-1.162088,-1.955651,-2.232236,-0.349995,-1.151086,0.233185,1,0.071326,-0.080671,0.071020,-0.075525,0.069106,-0.070497,0.069106,-0.070497,0,-1.020124,0.069106,0.063687,-0.055525,-0.095525,0.069106
1772479647,117559307,-1.163174,-1.958008,-2.234552,-0.347673,-1.149928,0.230869,1,0.070838,-0.069514,0.069106,-0.070497,0.068062,-0.072524,0.068062,-0.072524,0,-1.065571,0.068062,0.061773,-0.050497,-0.090497,0.068062
1772479647,142567065,-1.163336,-1.958837,-2.236943,-0.347028,-1.149382,0.228478,1,0.069048,-0.074312,0.068062,-0.072524,0.067753,-0.073327,0.067753,-0.073327,0,-1.082273,0.067753,0.060728,-0.052524,-0.092524,0.067753
1772479647,167592100,-1.165172,-1.959931,-2.238264,-0.344802,-1.149515,0.227262,1,0.067692,-0.070628,0.067753,-0.073327,0.066855,-0.063184,0.066855,-0.063184,0,-0.945094,0.066855,0.060420,-0.053327,-0.093327,0.066855
1772479647,217643117,-1.166930,-1.962572,-2.241609,-0.338393,-1.143464,0.227207,1,0.068195,-0.075740,0.066855,-0.063184,0.059522,-0.083184,0.059522,-0.083184,0,-1.643109,0.063764,0.059522,-0.043184,-0.083184,0.063764
1772479647,242614658,-1.167920,-1.963346,-2.243327,-0.337136,-1.143476,0.225490,1,0.067249,-0.070853,0.059522,-0.083184,0.063249,-0.098479,0.063249,-0.098479,0,-1.557010,0.063249,0.052188,-0.063184,-0.103184,0.063249
1772479647,267675985,-1.169655,-1.968185,-2.245592,-0.332764,-1.140772,0.223225,1,0.059065,-0.091735,0.063249,-0.098479,0.061266,-0.108131,0.061266,-0.108131,0,-1.764938,0.061266,0.055915,-0.078479,-0.118479,0.061266
1772479647,317725555,-1.172382,-1.970127,-2.247464,-0.329421,-1.140953,0.221352,1,0.062627,-0.099626,0.061266,-0.108131,0.059904,-0.093489,0.059904,-0.093489,0,-1.560656,0.059904,0.053933,-0.088131,-0.128131,0.059904
1772479647,342696230,-1.173945,-1.972226,-2.250305,-0.326890,-1.140285,0.218511,1,0.061635,-0.108922,0.059904,-0.093489,0.058818,-0.088772,0.058818,-0.088772,0,-1.509268,0.058818,0.052570,-0.073489,-0.113489,0.058818
1772479647,367732207,-1.174304,-1.973221,-2.252754,-0.325989,-1.139731,0.216062,1,0.059855,-0.091628,0.058818,-0.088772,0.058410,-0.088541,0.058410,-0.088541,0,-1.515844,0.058410,0.051485,-0.068772,-0.108772,0.058410
1772479647,417796056,-1.176067,-1.974579,-2.258088,-0.323764,-1.139767,0.210728,1,0.058662,-0.080832,0.058410,-0.088541,0.057498,-0.075847,0.057498,-0.075847,0,-1.319130,0.057498,0.051077,-0.068541,-0.108541,0.057498
1772479647,442766387,-1.178185,-1.978110,-2.259867,-0.319907,-1.138325,0.208949,1,0.058917,-0.095371,0.057498,-0.075847,0.055816,-0.075646,0.055816,-0.075646,0,-1.355288,0.055816,0.050164,-0.055847,-0.095847,0.055816
1772479647,467818335,-1.177206,-1.978600,-2.262491,-0.320368,-1.137332,0.206325,1,0.057718,-0.071274,0.055816,-0.075646,0.055942,-0.083168,0.055942,-0.083168,0,-1.486672,0.055942,0.048482,-0.055646,-0.095646,0.055942
1772479647,517832244,-1.180119,-1.981142,-2.265374,-0.316505,-1.137159,0.203443,1,0.056270,-0.074579,0.055942,-0.083168,0.054340,-0.070573,0.054340,-0.070573,0,-1.298728,0.054340,0.048609,-0.063168,-0.103168,0.054340
1772479647,542899908,-1.180405,-1.980602,-2.267435,-0.316618,-1.137759,0.201381,1,0.055994,-0.079347,0.054340,-0.070573,0.054425,-0.063659,0.054425,-0.063659,0,-1.169668,0.054425,0.047007,-0.050573,-0.090573,0.054425
1772479647,592951811,-1.182274,-1.983896,-2.271368,-0.313104,-1.136348,0.197448,1,0.053554,-0.075861,0.054425,-0.063659,0.052888,-0.062215,0.052888,-0.062215,0,-1.176341,0.052888,0.047092,-0.043659,-0.083659,0.052888
1772479647,617997858,-1.182681,-1.985799,-2.273177,-0.311600,-1.135114,0.195639,1,0.054399,-0.071491,0.052888,-0.062215,0.052194,-0.066715,0.052194,-0.066715,0,-1.278217,0.052194,0.045555,-0.042215,-0.082215,0.052194
1772479647,642949919,-1.184201,-1.985775,-2.274445,-0.310425,-1.136079,0.194371,1,0.053160,-0.052411,0.052194,-0.066715,0.051768,-0.054368,0.051768,-0.054368,0,-1.050220,0.051768,0.044860,-0.046715,-0.086715,0.051768
1772479647,667973958,-1.184000,-1.986933,-2.275528,-0.309861,-1.135048,0.193288,1,0.052161,-0.061771,0.051768,-0.054368,0.051473,-0.060347,0.051473,-0.060347,0,-1.172411,0.051473,0.044435,-0.034368,-0.074368,0.051473
1772479647,718066778,-1.186586,-1.989724,-2.278695,-0.306100,-1.134477,0.190121,1,0.051505,-0.050734,0.051473,-0.060347,0.050000,-0.052367,0.050000,-0.052367,0,-1.047346,0.050000,0.044140,-0.040347,-0.080347,0.050000
1772479647,743092090,-1.186883,-1.989688,-2.280657,-0.305890,-1.134690,0.188159,1,0.051691,-0.058470,0.050000,-0.052367,0.050000,-0.048431,0.050000,-0.048431,0,-0.968619,0.050000,0.042667,-0.032367,-0.072367,0.050000
1772479647,793099800,-1.188430,-1.991712,-2.282731,-0.303419,-1.134071,0.186085,1,0.049525,-0.050323,0.050000,-0.048431,0.050000,-0.046289,0.050000,-0.046289,0,-0.925787,0.050000,0.042667,-0.028431,-0.068431,0.050000
1772479647,818197882,-1.189074,-1.993372,-2.284201,-0.301894,-1.133019,0.184612,1,0.050048,-0.055533,0.050000,-0.046289,0.050000,-0.050189,0.050000,-0.050189,0,-1.003778,0.050000,0.042667,-0.026289,-0.066289,0.050000
1772479647,843135575,-1.190541,-1.993381,-2.285142,-0.301146,-1.129440,0.183575,1,0.049699,-0.043654,0.050000,-0.050189,0.045884,-0.070189,0.045884,-0.070189,0,-1.529690,0.050000,0.042667,-0.030189,-0.070189,0.050000
1772479647,868181116,-1.191155,-1.993335,-2.285928,-0.300694,-1.129858,0.182789,1,0.050049,-0.044821,0.045884,-0.070189,0.050000,-0.071441,0.050000,-0.071441,0,-1.428827,0.050000,0.038551,-0.050189,-0.090189,0.050000
1772479647,918264219,-1.191711,-1.996730,-2.289230,-0.298143,-1.127550,0.179487,1,0.045805,-0.064776,0.050000,-0.071441,0.050000,-0.081647,0.050000,-0.081647,0,-1.632931,0.050000,0.042667,-0.051441,-0.091441,0.050000
1772479647,943280504,-1.193364,-1.997140,-2.290619,-0.296595,-1.128260,0.178098,1,0.049848,-0.075745,0.050000,-0.081647,0.050000,-0.072272,0.050000,-0.072272,0,-1.445446,0.050000,0.042667,-0.061647,-0.101647,0.050000
1772479647,968274540,-1.194131,-1.998887,-2.292023,-0.294907,-1.127371,0.176695,1,0.050122,-0.087680,0.050000,-0.072272,0.050000,-0.078316,0.050000,-0.078316,0,-1.566327,0.050000,0.042667,-0.052272,-0.092272,0.050000
1772479648,18395997,-1.196812,-2.002170,-2.296094,-0.290764,-1.126474,0.172623,1,0.049369,-0.064626,0.050000,-0.078316,0.050000,-0.082332,0.050000,-0.082332,0,-1.646635,0.050000,0.042667,-0.058316,-0.098316,0.050000
1772479648,43343318,-1.197140,-2.003161,-2.297800,-0.289890,-1.125904,0.170917,1,0.050494,-0.082022,0.050000,-0.082332,0.050000,-0.086066,0.050000,-0.086066,0,-1.721318,0.050000,0.042667,-0.062332,-0.102332,0.050000
1772479648,68387740,-1.197069,-2.003069,-2.299997,-0.290003,-1.125932,0.168721,1,0.049841,-0.077715,0.050000,-0.086066,0.050000,-0.083667,0.050000,-0.083667,0,-1.673330,0.050000,0.042667,-0.066066,-0.106066,0.050000
1772479648,143432435,-1.198843,-2.005044,-2.305431,-0.287384,-1.125493,0.163287,1,0.049958,-0.078506,0.000000,-0.067139,0.007333,-0.047139,0.007333,-0.047139,0,-1.653416,0.007333,0.000000,-0.047139,-0.087139,0.050000
1772479648,220367311,-0.852887581398851,-2.258228728404841,-1.2737678465379751,-0.2829232249479361,-1.1253365957921342,0.15774835149017524,1,0.026641703540067,-0.031905571428571436,0.028000000000000008,-0.027138879699248154,0.028000000000000008,-0.027138879699248154,0.028000000000000008,-0.027138879699248154,0,nan,nan,nan,nan,nan,nan
1772479648,240718676,-0.852725035711944,-2.258760818352091,-1.2743068350693783,-0.2829232249479361,-1.1253365957921342,0.15774835149017524,1,0.02766687114758489,-0.030266218045112772,0.020666666666666673,-0.007138879699248153,0.020666666666666673,-0.007138879699248153,0.020666666666666673,-0.007138879699248153,0,nan,nan,nan,nan,nan,nan
1772479648,260554353,-0.8525871746787698,-2.259212710713288,-1.2746726660849497,-0.2833526148821903,-1.1244956187454846,0.1567813784450121,1,0.019039363589666312,-0.0024255488721804525,0.020666666666666673,-0.007138879699248153,0.020666666666666673,-0.007138879699248153,0.020666666666666673,-0.007138879699248153,0,nan,nan,nan,nan,nan,nan
1772479648,280597593,-0.852470363189863,-2.2596049261550015,-1.274855520445225,-0.2829163437070896,-1.124861766083724,0.1563158357320299,1,0.02042960543632292,-0.010138872180451106,0.01333333333333334,0.012861120300751847,0.01333333333333334,0.012861120300751847,0.01333333333333334,0.012861120300751847,0,nan,nan,nan,nan,nan,nan
1772479648,300678371,-0.8524011423054666,-2.259837149163964,-1.2746215813782378,-0.281632841819099,-1.1249249227836529,0.15633686921971526,1,0.012979784293824875,0.017897127819548875,0.01333333333333334,0.012861120300751847,0.01333333333333334,0.012861120300751847,0.01333333333333334,0.012861120300751847,0,nan,nan,nan,nan,nan,nan
1772479648,320552047,-0.8523514592676341,-2.2599990094814473,-1.274197870109841,-0.28072892009673556,-1.124536158612389,0.15633095342608208,1,0.0039008982454791933,0.036405165413533835,0.006000000000000006,0.03286112030075185,0.006000000000000006,0.03286112030075185,0.006000000000000006,0.03286112030075185,0,nan,nan,nan,nan,nan,nan
1772479648,340732162,-0.852321080258284,-2.2601106584958925,-1.273577126352716,-0.28072892009673556,-1.124536158612389,0.15633095342608208,1,0.0059311838067907085,0.031385774436090225,0.0,0.05286112030075185,0.0,0.05286112030075185,0.0,0.05286112030075185,0,nan,nan,nan,nan,nan,nan
1772479648,360169423,-0.8522989704898758,-2.2601539894555933,-1.2726799061886105,-0.2802313925269049,-1.124655812627183,0.15680859603769826,1,-0.001061341962184969,0.05804532330827068,0.0,0.05286112030075185,0.0,0.05286112030075185,0.0,0.05286112030075185,0,nan,nan,nan,nan,nan,nan
1772479648,380711860,-0.8522928553678628,-2.260152402062546,-1.2715549500585688,-0.28010008140580744,-1.124174429026156,0.15803004831864492,1,-8.020722544030309e-05,0.055228360902255635,0.0,0.07286112030075186,0.0,0.07286112030075186,0.0,0.07286112030075186,0,nan,nan,nan,nan,nan,nan
1772479648,400495547,-0.8522903445490042,-2.2601462184059344,-1.270171761371298,-0.2801958052072564,-1.1243559794586182,0.1590791358281651,1,-0.00024606857581071156,0.06658178195488722,0.0,0.07286112030075186,0.0,0.07286112030075186,0.0,0.07286112030075186,0,nan,nan,nan,nan,nan,nan
1772479648,420517873,-0.8522865926823646,-2.260142641613214,-1.268483968752303,-0.2801958052072564,-1.1243559794586182,0.1590791358281651,1,-0.00015320626491934557,0.08977136090225563,0.0,0.09286112030075186,0.0,0.09286112030075186,0.0,0.09286112030075186,0,nan,nan,nan,nan,nan,nan
1772479648,440479790,-0.8522840083533699,-2.260138210540281,-1.2665931150153786,-0.28151827028913967,-1.1240339847174137,0.16072942934822287,1,-0.0001989761666011435,0.09703635338345865,0.0,0.11286112030075186,0.0,0.11286112030075186,0.0,0.11286112030075186,0,nan,nan,nan,nan,nan,nan
1772479648,460638914,-0.8522824517580349,-2.260134744705402,-1.2645262073715848,-0.281800276689657,-1.122305604307461,0.16335621430866057,1,-8.683328904112494e-05,0.10984194736842105,0.0,0.11286112030075186,0.0,0.11286112030075186,0.0,0.11286112030075186,0,nan,nan,nan,nan,nan,nan
1772479648,480461770,-0.8522808478560374,-2.2601283153320932,-1.262239823241682,-0.2824424015316551,-1.122064083529665,0.16574007991235137,1,-0.00033290620586969694,0.11321264661654135,0.0,0.13286112030075187,0.0,0.13286112030075187,0.0,0.13286112030075187,0,nan,nan,nan,nan,nan,nan
1772479648,500716824,-0.852278397303703,-2.260119501545173,-1.2595501902254505,-0.2814889890462817,-1.122539876696988,0.1679715012234989,1,-0.0003649777212436173,0.14028482706766918,0.0,0.13286112030075187,0.0,0.13286112030075187,0.0,0.13286112030075187,0,nan,nan,nan,nan,nan,nan
1772479648,520569423,-0.8522762964654034,-2.2601105359978026,-1.256726986405024,-0.2814889890462817,-1.122539876696988,0.1679715012234989,1,-0.0004011495845241575,0.1464368120300752,0.0,0.15286112030075186,0.0,0.15286112030075186,0.0,0.15286112030075186,0,nan,nan,nan,nan,nan,nan
1772479648,540594806,-0.8522737397587048,-2.2601035871371447,-1.2535817956429405,-0.2818552938603869,-1.121953528283247,0.17113319340345134,1,-0.0002280952025237281,0.1476584887218045,0.0,0.17286112030075185,0.0,0.17286112030075185,0.0,0.17286112030075185,0,nan,nan,nan,nan,nan,nan
1772479648,560520562,-0.8522719224492017,-2.2600989629915946,-1.250199744714674,-0.28367094770905155,-1.1226881524758925,0.17459194201682565,1,-0.00015224923316629283,0.17725784210526316,0.0,0.17286112030075185,0.0,0.17286112030075185,0.0,0.17286112030075185,0,nan,nan,nan,nan,nan,nan
1772479648,580695136,-0.8522704840507288,-2.2600955339559845,-1.2466469530233546,-0.2819712542775523,-1.1220479924321465,0.17898832476986928,1,-0.00015840469940440566,0.17505436090225565,0.0,0.19286112030075184,0.0,0.19286112030075184,0.0,0.19286112030075184,0,nan,nan,nan,nan,nan,nan
1772479648,600852718,-0.8522671886082988,-2.2600923964655557,-1.242765496984969,-0.28323641578554115,-1.1232929174066055,0.1840630113316851,1,-0.0001282717382364846,0.19296926315789473,0.0,0.19286112030075184,0.0,0.19286112030075184,0.0,0.19286112030075184,0,nan,nan,nan,nan,nan,nan
