sec,nsec,x,y,yaw,v_real,w_real,v_now,w_now,v_cmd,w_cmd,v_nav,w_nav,vx_real,vy_real,vx_now,vy_now,vx_cmd,vy_cmd,vx_nav,vy_nav,velocity_violation,curvature,dw_vx_max,dw_vx_min,dw_vy_max,dw_vy_min,dw_w_max,dw_w_min,v_reg,lookahead_dist,lookahead_yaw,is_accel
10,980000000,0.000000,0.000000,0.000000,0.000000,0.000000,0.000000,0.000000,0.025000,-0.000000,0.025000,-0.000000,0.000000,0.000000,0.000000,0.000000,0.025000,-0.000000,0.025000,-0.000000,0,-0.000000,0.025000,-0.025000,0.025000,-0.025000,0.025000,-0.025000,0.311127,0.220000,-0.000000,1
11,20000000,0.000000,0.000000,0.000000,0.000000,0.000000,0.025000,-0.000000,0.050000,-0.000000,0.050000,-0.000000,0.000000,0.000000,0.025000,-0.000000,0.050000,-0.000000,0.050000,-0.000000,0,-0.000000,0.050000,0.000000,0.025000,-0.025000,0.025000,-0.025000,0.311127,0.220000,-0.000000,1
11,60000000,0.000786,-0.000000,-0.000001,0.025000,0.000000,0.050000,-0.000000,0.075000,0.000000,0.075000,0.000000,0.025000,0.000000,0.050000,-0.000000,0.075000,0.000000,0.075000,0.000000,0,0.000008,0.075000,0.025000,0.025000,-0.025000,0.025000,-0.025000,0.311127,0.220000,0.000001,1
11,120000000,0.003558,-0.000000,-0.000002,0.051793,0.000000,0.075000,0.000000,0.100000,0.000001,0.100000,0.000001,0.051793,0.000000,0.075000,0.000000,0.100000,0.000000,0.100000,0.000000,0,0.000024,0.100000,0.050000,0.025000,-0.025000,0.025000,-0.025000,0.311127,0.220000,0.000002,1
11,160000000,0.006558,-0.000000,-0.000002,0.075000,0.000000,0.100000,0.000001,0.125000,0.000001,0.125000,0.000001,0.075000,0.000000,0.100000,0.000000,0.125000,0.000000,0.125000,0.000000,0,0.000024,0.125000,0.075000,0.025000,-0.025000,0.025001,-0.024999,0.311127,0.220000,0.000002,1
11,200000000,0.010543,-0.000000,-0.000002,0.100000,0.000000,0.125000,0.000001,0.150000,0.000001,0.150000,0.000001,0.100000,0.000000,0.125000,0.000000,0.150000,0.000001,0.150000,0.000001,0,0.000027,0.150000,0.100000,0.025000,-0.025000,0.025001,-0.024999,0.311127,0.250000,0.000002,1
11,260000000,0.018215,-0.000000,-0.000004,0.136793,0.000000,0.150000,0.000001,0.175000,0.000002,0.175000,0.000002,0.136793,0.000000,0.150000,0.000001,0.175000,0.000001,0.175000,0.000001,0,0.000033,0.175000,0.125000,0.025001,-0.024999,0.025001,-0.024999,0.311127,0.300000,0.000004,1
11,300000000,0.024401,-0.000000,-0.000004,0.159293,0.000000,0.175000,0.000002,0.200000,0.000002,0.200000,0.000002,0.159293,0.000000,0.175000,0.000001,0.200000,0.000001,0.200000,0.000001,0,0.000032,0.200000,0.150000,0.025001,-0.024999,0.025002,-0.024998,0.311127,0.350000,0.000004,1
11,340000000,0.031401,-0.000000,-0.000004,0.175000,0.000000,0.200000,0.000002,0.220000,0.000002,0.220000,0.000002,0.175000,0.000000,0.200000,0.000001,0.220000,0.000001,0.220000,0.000001,0,0.000027,0.220000,0.175000,0.025001,-0.024999,0.025002,-0.024998,0.311127,0.400000,0.000004,1
11,380000000,0.039387,-0.000001,-0.000005,0.200000,0.000000,0.220000,0.000002,0.220000,0.000002,0.220000,0.000002,0.200000,0.000000,0.220000,0.000001,0.220000,0.000001,0.220000,0.000001,0,0.000028,0.220000,0.195000,0.025001,-0.024999,0.025002,-0.024998,0.311127,0.440000,0.000005,1
11,440000000,0.052541,-0.000001,-0.000006,0.220000,0.000000,0.220000,0.000002,0.220000,0.000003,0.220000,0.000003,0.220000,0.000000,0.220000,0.000001,0.220000,0.000002,0.220000,0.000002,0,0.000033,0.220000,0.195000,0.025001,-0.024999,0.025002,-0.024998,0.311127,0.440000,0.000006,1
11,480000000,0.061341,-0.000001,-0.000006,0.220000,0.000000,0.220000,0.000003,0.220000,0.000003,0.220000,0.000003,0.220000,0.000000,0.220000,0.000002,0.220000,0.000002,0.220000,0.000002,0,0.000032,0.220000,0.195000,0.025002,-0.024998,0.025003,-0.024997,0.311127,0.440000,0.000006,1
11,520000000,0.070141,-0.000001,-0.000005,0.220000,0.000000,0.220000,0.000003,0.220000,0.000003,0.220000,0.000003,0.220000,0.000000,0.220000,0.000002,0.220000,0.000002,0.220000,0.000002,0,0.000031,0.220000,0.195000,0.025002,-0.024998,0.025003,-0.024997,0.311127,0.440000,0.000005,1
11,580000000,0.083341,-0.000001,-0.000005,0.220000,0.000000,0.220000,0.000003,0.220000,0.000003,0.220000,0.000003,0.220000,0.000000,0.220000,0.000002,0.220000,0.000001,0.220000,0.000001,0,0.000030,0.220000,0.195000,0.025002,-0.024998,0.025003,-0.024997,0.311127,0.440000,0.000005,1
11,620000000,0.092141,-0.000001,-0.000005,0.220000,0.000000,0.220000,0.000003,0.220000,0.000003,0.220000,0.000003,0.220000,0.000000,0.220000,0.000001,0.220000,0.000001,0.220000,0.000001,0,0.000030,0.220000,0.195000,0.025001,-0.024999,0.025003,-0.024997,0.311127,0.440000,0.000005,1
11,660000000,0.100941,-0.000001,-0.000005,0.220000,0.000000,0.220000,0.000003,0.220000,0.000003,0.220000,0.000003,0.220000,0.000000,0.220000,0.000001,0.220000,0.000001,0.220000,0.000001,0,0.000029,0.220000,0.195000,0.025001,-0.024999,0.025003,-0.024997,0.311127,0.440000,0.000005,1
11,700000000,0.109741,-0.000001,-0.000005,0.220000,0.000000,0.220000,0.000003,0.220000,0.000002,0.220000,0.000002,0.220000,0.000000,0.220000,0.000001,0.220000,0.000001,0.220000,0.000001,0,0.000029,0.220000,0.195000,0.025001,-0.024999,0.025003,-0.024997,0.311127,0.440000,0.000005,1
11,760000000,0.122941,-0.000001,-0.000005,0.220000,0.000000,0.220000,0.000002,0.220000,0.000002,0.220000,0.000002,0.220000,0.000000,0.220000,0.000001,0.220000,0.000001,0.220000,0.000001,0,0.000028,0.220000,0.195000,0.025001,-0.024999,0.025002,-0.024998,0.311127,0.440000,0.000005,1
11,800000000,0.131741,-0.000001,-0.000005,0.220000,0.000000,0.220000,0.000002,0.220000,0.000002,0.220000,0.000002,0.220000,0.000000,0.220000,0.000001,0.220000,0.000001,0.220000,0.000001,0,0.000027,0.220000,0.195000,0.025001,-0.024999,0.025002,-0.024998,0.311127,0.440000,0.000005,1
11,840000000,0.140541,-0.000001,-0.000005,0.220000,0.000000,0.220000,0.000002,0.220000,0.000002,0.220000,0.000002,0.220000,0.000000,0.220000,0.000001,0.220000,0.000001,0.220000,0.000001,0,0.000027,0.220000,0.195000,0.025001,-0.024999,0.025002,-0.024998,0.311127,0.440000,0.000005,1
11,900000000,0.153741,-0.000001,-0.000004,0.220000,0.000000,0.220000,0.000002,0.220000,0.000002,0.220000,0.000002,0.220000,0.000000,0.220000,0.000001,0.220000,0.000001,0.220000,0.000001,0,0.000026,0.220000,0.195000,0.025001,-0.024999,0.025002,-0.024998,0.311127,0.440000,0.000004,1
11,940000000,0.162541,-0.000001,-0.000004,0.220000,0.000000,0.220000,0.000002,0.220000,0.000002,0.220000,0.000002,0.220000,0.000000,0.220000,0.000001,0.220000,0.000001,0.220000,0.000001,0,0.000025,0.220000,0.195000,0.025001,-0.024999,0.025002,-0.024998,0.311127,0.440000,0.000004,1
11,980000000,0.171341,-0.000001,-0.000004,0.220000,0.000000,0.220000,0.000002,0.220000,0.000002,0.220000,0.000002,0.220000,0.000000,0.220000,0.000001,0.220000,0.000001,0.220000,0.000001,0,0.000025,0.220000,0.195000,0.025001,-0.024999,0.025002,-0.024998,0.311127,0.440000,0.000004,1
12,20000000,0.180141,-0.000000,-0.000004,0.220000,0.000000,0.220000,0.000002,0.220000,0.000002,0.220000,0.000002,0.220000,0.000000,0.220000,0.000001,0.220000,0.000001,0.220000,0.000001,0,0.000024,0.220000,0.195000,0.025001,-0.024999,0.025002,-0.024998,0.311127,0.440000,0.000004,1
12,80000000,0.193341,-0.000000,-0.000004,0.220000,0.000000,0.220000,0.000002,0.220000,0.000002,0.220000,0.000002,0.220000,0.000000,0.220000,0.000001,0.220000,0.000001,0.220000,0.000001,0,0.000023,0.220000,0.195000,0.025001,-0.024999,0.025002,-0.024998,0.311127,0.440000,0.000004,1
12,120000000,0.202141,-0.000000,-0.000004,0.220000,0.000000,0.220000,0.000002,0.220000,0.000002,0.220000,0.000002,0.220000,0.000000,0.220000,0.000001,0.220000,0.000001,0.220000,0.000001,0,0.000023,0.220000,0.195000,0.025001,-0.024999,0.025002,-0.024998,0.311127,0.440000,0.000004,1
12,160000000,0.210941,-0.000000,-0.000004,0.220000,0.000000,0.220000,0.000002,0.220000,0.000002,0.220000,0.000002,0.220000,0.000000,0.220000,0.000001,0.220000,0.000001,0.220000,0.000001,0,0.000023,0.220000,0.195000,0.025001,-0.024999,0.025002,-0.024998,0.311127,0.440000,0.000004,1
12,220000000,0.224141,-0.000000,-0.000004,0.220000,0.000000,0.220000,0.000002,0.220000,0.000002,0.220000,0.000002,0.220000,0.000000,0.220000,0.000001,0.220000,0.000001,0.220000,0.000001,0,0.000022,0.220000,0.195000,0.025001,-0.024999,0.025002,-0.024998,0.311127,0.440000,0.000004,1
12,260000000,0.232941,-0.000000,-0.000004,0.220000,0.000000,0.220000,0.000002,0.220000,0.000002,0.220000,0.000002,0.220000,0.000000,0.220000,0.000001,0.220000,0.000001,0.220000,0.000001,0,0.000021,0.220000,0.195000,0.025001,-0.024999,0.025002,-0.024998,0.311127,0.440000,0.000004,1
12,320000000,0.246141,-0.000000,-0.000004,0.220000,0.000000,0.220000,0.000002,0.220000,0.000002,0.220000,0.000002,0.220000,0.000000,0.220000,0.000001,0.220000,0.000001,0.220000,0.000001,0,0.000021,0.220000,0.195000,0.025001,-0.024999,0.025002,-0.024998,0.311127,0.440000,0.000004,1
12,360000000,0.254941,-0.000000,-0.000004,0.220000,0.000000,0.220000,0.000002,0.220000,0.000002,0.220000,0.000002,0.220000,0.000000,0.220000,0.000001,0.220000,0.000001,0.220000,0.000001,0,0.000020,0.220000,0.195000,0.025001,-0.024999,0.025002,-0.024998,0.311127,0.440000,0.000004,1
12,400000000,0.263741,-0.000000,-0.000003,0.220000,0.000000,0.220000,0.000002,0.220000,0.000002,0.220000,0.000002,0.220000,0.000000,0.220000,0.000001,0.220000,0.000001,0.220000,0.000001,0,0.000020,0.220000,0.195000,0.025001,-0.024999,0.025002,-0.024998,0.311127,0.440000,0.000003,1
12,440000000,0.272541,-0.000000,-0.000003,0.220000,0.000000,0.220000,0.000002,0.220000,0.000002,0.220000,0.000002,0.220000,0.000000,0.220000,0.000001,0.220000,0.000001,0.220000,0.000001,0,0.000019,0.220000,0.195000,0.025001,-0.024999,0.025002,-0.024998,0.311127,0.440000,0.000003,1
12,480000000,0.281341,-0.000000,-0.000003,0.220000,0.000000,0.220000,0.000002,0.220000,0.000002,0.220000,0.000002,0.220000,0.000000,0.220000,0.000001,0.220000,0.000001,0.220000,0.000001,0,0.000019,0.220000,0.195000,0.025001,-0.024999,0.025002,-0.024998,0.311127,0.440000,0.000003,1
12,520000000,0.290141,-0.000000,-0.000003,0.220000,0.000000,0.220000,0.000002,0.220000,0.000002,0.220000,0.000002,0.220000,0.000000,0.220000,0.000001,0.220000,0.000001,0.220000,0.000001,0,0.000019,0.220000,0.195000,0.025001,-0.024999,0.025002,-0.024998,0.311127,0.440000,0.000003,1
12,580000000,0.303341,-0.000000,-0.000003,0.220000,0.000000,0.220000,0.000002,0.220000,0.000002,0.220000,0.000002,0.220000,0.000000,0.220000,0.000001,0.220000,0.000001,0.220000,0.000001,0,0.000018,0.220000,0.195000,0.025001,-0.024999,0.025002,-0.024998,0.311127,0.440000,0.000003,1
12,620000000,0.312141,-0.000000,-0.000003,0.220000,0.000000,0.220000,0.000002,0.220000,0.000002,0.220000,0.000002,0.220000,0.000000,0.220000,0.000001,0.220000,0.000001,0.220000,0.000001,0,0.000018,0.220000,0.195000,0.025001,-0.024999,0.025002,-0.024998,0.311127,0.440000,0.000003,1
12,660000000,0.320941,-0.000000,-0.000003,0.220000,0.000000,0.220000,0.000002,0.220000,0.000002,0.220000,0.000002,0.220000,0.000000,0.220000,0.000001,0.220000,0.000001,0.220000,0.000001,0,0.000017,0.220000,0.195000,0.025001,-0.024999,0.025002,-0.024998,0.311127,0.440000,0.000003,1
12,700000000,0.329741,-0.000000,-0.000003,0.220000,0.000000,0.220000,0.000002,0.220000,0.000001,0.220000,0.000001,0.220000,0.000000,0.220000,0.000001,0.220000,0.000001,0.220000,0.000001,0,0.000017,0.220000,0.195000,0.025001,-0.024999,0.025002,-0.024998,0.311127,0.440000,0.000003,1
12,760000000,0.342941,-0.000000,-0.000003,0.220000,0.000000,0.220000,0.000001,0.220000,0.000001,0.220000,0.000001,0.220000,0.000000,0.220000,0.000001,0.220000,0.000001,0.220000,0.000001,0,0.000016,0.220000,0.195000,0.025001,-0.024999,0.025001,-0.024999,0.311127,0.440000,0.000003,1
12,800000000,0.351741,-0.000000,-0.000003,0.220000,0.000000,0.220000,0.000001,0.220000,0.000001,0.220000,0.000001,0.220000,0.000000,0.220000,0.000001,0.220000,0.000001,0.220000,0.000001,0,0.000016,0.220000,0.195000,0.025001,-0.024999,0.025001,-0.024999,0.311127,0.440000,0.000003,1
12,840000000,0.360541,-0.000000,-0.000003,0.220000,0.000000,0.220000,0.000001,0.220000,0.000001,0.220000,0.000001,0.220000,0.000000,0.220000,0.000001,0.220000,0.000001,0.220000,0.000001,0,0.000016,0.220000,0.195000,0.025001,-0.024999,0.025001,-0.024999,0.311127,0.440000,0.000003,1
12,880000000,0.369341,-0.000000,-0.000003,0.220000,0.000000,0.220000,0.000001,0.220000,0.000001,0.220000,0.000001,0.220000,0.000000,0.220000,0.000001,0.220000,0.000001,0.220000,0.000001,0,0.000015,0.220000,0.195000,0.025001,-0.024999,0.025001,-0.024999,0.311127,0.440000,0.000003,1
12,940000000,0.382541,-0.000000,-0.000003,0.220000,0.000000,0.220000,0.000001,0.220000,0.000001,0.220000,0.000001,0.220000,0.000000,0.220000,0.000001,0.220000,0.000001,0.220000,0.000001,0,0.000015,0.220000,0.195000,0.025001,-0.024999,0.025001,-0.024999,0.311127,0.440000,0.000003,1
12,980000000,0.391341,-0.000000,-0.000003,0.220000,0.000000,0.220000,0.000001,0.220000,0.000001,0.220000,0.000001,0.220000,0.000000,0.220000,0.000001,0.220000,0.000001,0.220000,0.000001,0,0.000015,0.220000,0.195000,0.025001,-0.024999,0.025001,-0.024999,0.311127,0.440000,0.000003,1
13,20000000,0.400141,-0.000000,-0.000003,0.220000,0.000000,0.220000,0.000001,0.220000,0.000001,0.220000,0.000001,0.220000,0.000000,0.220000,0.000001,0.220000,0.000001,0.220000,0.000001,0,0.000014,0.220000,0.195000,0.025001,-0.024999,0.025001,-0.024999,0.311127,0.440000,0.000003,1
13,60000000,0.408941,-0.000000,-0.000002,0.220000,0.000000,0.220000,0.000001,0.220000,0.000001,0.220000,0.000001,0.220000,0.000000,0.220000,0.000001,0.220000,0.000001,0.220000,0.000001,0,0.000014,0.220000,0.195000,0.025001,-0.024999,0.025001,-0.024999,0.311127,0.440000,0.000002,1
13,120000000,0.422141,-0.000000,-0.000002,0.220000,0.000000,0.220000,0.000001,0.220000,0.000001,0.220000,0.000001,0.220000,0.000000,0.220000,0.000001,0.220000,0.000001,0.220000,0.000001,0,0.000014,0.220000,0.195000,0.025001,-0.024999,0.025001,-0.024999,0.311127,0.440000,0.000002,1
13,160000000,0.430941,-0.000000,-0.000002,0.220000,0.000000,0.220000,0.000001,0.220000,0.000001,0.220000,0.000001,0.220000,0.000000,0.220000,0.000001,0.220000,0.000001,0.220000,0.000001,0,0.000013,0.220000,0.195000,0.025001,-0.024999,0.025001,-0.024999,0.311127,0.440000,0.000002,1
13,200000000,0.439741,-0.000000,-0.000002,0.220000,0.000000,0.220000,0.000001,0.220000,0.000001,0.220000,0.000001,0.220000,0.000000,0.220000,0.000001,0.220000,0.000001,0.220000,0.000001,0,0.000013,0.220000,0.195000,0.025001,-0.024999,0.025001,-0.024999,0.311127,0.440000,0.000002,1
13,260000000,0.452941,-0.000000,-0.000002,0.220000,0.000000,0.220000,0.000001,0.220000,0.000001,0.220000,0.000001,0.220000,0.000000,0.220000,0.000001,0.220000,0.000001,0.220000,0.000001,0,0.000013,0.220000,0.195000,0.025001,-0.024999,0.025001,-0.024999,0.311127,0.440000,0.000002,1
13,300000000,0.461741,-0.000000,-0.000002,0.220000,0.000000,0.220000,0.000001,0.220000,0.000001,0.220000,0.000001,0.220000,0.000000,0.220000,0.000001,0.220000,0.000001,0.220000,0.000001,0,0.000012,0.220000,0.195000,0.025001,-0.024999,0.025001,-0.024999,0.311127,0.440000,0.000002,1
13,340000000,0.470541,-0.000000,-0.000002,0.220000,0.000000,0.220000,0.000001,0.220000,0.000001,0.220000,0.000001,0.220000,0.000000,0.220000,0.000001,0.220000,0.000001,0.220000,0.000001,0,0.000012,0.220000,0.195000,0.025001,-0.024999,0.025001,-0.024999,0.311127,0.440000,0.000002,1
13,380000000,0.479341,-0.000000,-0.000002,0.220000,0.000000,0.220000,0.000001,0.220000,0.000001,0.220000,0.000001,0.220000,0.000000,0.220000,0.000001,0.220000,0.000001,0.220000,0.000001,0,0.000012,0.220000,0.195000,0.025001,-0.024999,0.025001,-0.024999,0.311127,0.440000,0.000002,1
13,440000000,0.492541,-0.000000,-0.000002,0.220000,0.000000,0.220000,0.000001,0.220000,0.000001,0.220000,0.000001,0.220000,0.000000,0.220000,0.000001,0.220000,0.000001,0.220000,0.000001,0,0.000011,0.220000,0.195000,0.025001,-0.024999,0.025001,-0.024999,0.311127,0.440000,0.000002,1
13,480000000,0.501341,-0.000000,-0.000002,0.220000,0.000000,0.220000,0.000001,0.220000,0.000001,0.220000,0.000001,0.220000,0.000000,0.220000,0.000001,0.220000,0.000001,0.220000,0.000001,0,0.000011,0.220000,0.195000,0.025001,-0.024999,0.025001,-0.024999,0.311127,0.440000,0.000002,1
13,520000000,0.510141,-0.000000,-0.000002,0.220000,0.000000,0.220000,0.000001,0.220000,0.000001,0.220000,0.000001,0.220000,0.000000,0.220000,0.000001,0.220000,0.000001,0.220000,0.000001,0,0.000011,0.220000,0.195000,0.025001,-0.024999,0.025001,-0.024999,0.311127,0.440000,0.000002,1
13,580000000,0.523341,-0.000000,-0.000002,0.220000,0.000000,0.220000,0.000001,0.220000,0.000001,0.220000,0.000001,0.220000,0.000000,0.220000,0.000001,0.220000,0.000001,0.220000,0.000001,0,0.000011,0.220000,0.195000,0.025001,-0.024999,0.025001,-0.024999,0.311127,0.440000,0.000002,1
13,620000000,0.532141,-0.000000,-0.000002,0.220000,0.000000,0.220000,0.000001,0.220000,0.000001,0.220000,0.000001,0.220000,0.000000,0.220000,0.000001,0.220000,0.000001,0.220000,0.000001,0,0.000010,0.220000,0.195000,0.025001,-0.024999,0.025001,-0.024999,0.311127,0.440000,0.000002,1
13,660000000,0.540941,-0.000000,-0.000002,0.220000,0.000000,0.220000,0.000001,0.220000,0.000001,0.220000,0.000001,0.220000,0.000000,0.220000,0.000001,0.220000,0.000000,0.220000,0.000000,0,0.000010,0.220000,0.195000,0.025001,-0.024999,0.025001,-0.024999,0.311127,0.440000,0.000002,1
13,720000000,0.554141,-0.000000,-0.000002,0.220000,0.000000,0.220000,0.000001,0.195000,0.025001,0.195000,0.025001,0.220000,0.000000,0.220000,0.000000,0.195000,0.000000,0.195000,0.000000,0,0.000010,0.220000,0.195000,0.025000,-0.025000,0.025001,-0.024999,0.311127,0.440000,1.570798,1
13,760000000,0.562476,-0.000000,0.000491,0.196740,0.024622,0.195000,0.025001,0.170000,0.000001,0.170000,0.000001,0.196740,0.000000,0.195000,0.000000,0.170000,-0.000083,0.170000,-0.000083,0,-0.002512,0.220000,0.170000,0.025000,-0.025000,0.050001,0.000001,0.311127,0.390000,-0.000491,1
13,800000000,0.570012,0.000006,0.001201,0.181758,0.010540,0.170000,0.000001,0.195000,-0.000689,0.195000,-0.000689,0.181758,0.000000,0.170000,-0.000083,0.195000,-0.000238,0.195000,-0.000238,0,-0.007178,0.195000,0.145000,0.024917,-0.025083,0.025001,-0.024999,0.311127,0.340000,-0.001201,1
13,860000000,0.580798,0.000011,0.001186,0.194998,0.000000,0.195000,-0.000689,0.220000,-0.000669,0.220000,-0.000669,0.194998,0.000000,0.195000,-0.000238,0.220000,-0.000267,0.220000,-0.000267,0,-0.006226,0.220000,0.170000,0.024762,-0.025238,0.024311,-0.025689,0.311127,0.390000,-0.001186,1
13,900000000,0.589134,0.000010,0.001159,0.219997,0.000000,0.220000,-0.000669,0.195128,0.024331,0.195128,0.024331,0.219997,0.000000,0.220000,-0.000267,0.195000,0.007056,0.195000,0.007056,0,1.621581,0.220000,0.195000,0.024733,-0.025267,0.024331,-0.025669,0.311127,0.440000,1.569638,1
13,940000000,0.597628,0.000078,0.001176,0.204742,0.001527,0.195128,0.024331,0.220000,-0.000663,0.220000,-0.000663,0.204717,0.003182,0.195000,0.007056,0.220000,-0.000303,0.220000,-0.000303,0,-0.007055,0.220000,0.170000,0.032056,-0.017944,0.049331,-0.000669,0.311127,0.390255,-0.001176,1
13,980000000,0.605863,0.000235,0.001649,0.216781,0.005844,0.220000,-0.000663,0.195188,0.024337,0.195188,0.024337,0.216781,0.000000,0.220000,-0.000303,0.195000,0.008572,0.195000,0.008572,0,2.013867,0.220000,0.195000,0.024697,-0.025303,0.024337,-0.025663,0.311127,0.440000,1.569148,1
14,40000000,0.618360,0.000451,0.001874,0.195154,0.016647,0.195188,0.024337,0.170058,0.049337,0.170058,0.049337,0.195000,0.007741,0.195000,0.008572,0.170000,0.004444,0.170000,0.004444,0,1.068452,0.220000,0.170000,0.033572,-0.016428,0.049337,-0.000663,0.311127,0.390377,1.568923,1
14,80000000,0.625657,0.000717,0.003361,0.170957,0.051702,0.170058,0.049337,0.145002,0.024337,0.145002,0.024337,0.170892,0.004683,0.170000,0.004444,0.145000,-0.000792,0.145000,-0.000792,0,-0.032156,0.195000,0.145000,0.029444,-0.020556,0.074337,0.024337,0.311127,0.340116,-0.003361,1
14,120000000,0.632009,0.000837,0.005023,0.147090,0.033748,0.145002,0.024337,0.120004,-0.000663,0.120004,-0.000663,0.147090,0.000000,0.145000,-0.000792,0.120000,-0.000949,0.120000,-0.000949,0,-0.054544,0.170000,0.120000,0.024208,-0.025792,0.049337,-0.000663,0.311127,0.290004,-0.005023,1
14,180000000,0.639951,0.000830,0.005704,0.120136,0.000000,0.120004,-0.000663,0.145006,-0.003446,0.145006,-0.003446,0.120136,0.000000,0.120000,-0.000949,0.145000,-0.001329,0.145000,-0.001329,0,-0.076345,0.145000,0.095000,0.024051,-0.025949,0.024337,-0.025663,0.311127,0.240008,-0.005704,1
14,220000000,0.645493,0.000815,0.005622,0.145033,-0.002257,0.145006,-0.003446,0.170006,-0.003295,0.170006,-0.003295,0.145028,-0.001200,0.145000,-0.001329,0.170000,-0.001433,0.170000,-0.001433,0,-0.058149,0.170000,0.120000,0.023671,-0.026329,0.021554,-0.028446,0.311127,0.290012,-0.005622,1
14,260000000,0.651826,0.000798,0.005514,0.169878,-0.003143,0.170006,-0.003295,0.145000,0.021705,0.145000,0.021705,0.169872,-0.001418,0.170000,-0.001433,0.145000,-0.000087,0.145000,-0.000087,0,-0.046236,0.195000,0.145000,0.023567,-0.026433,0.021705,-0.028295,0.311127,0.340012,1.565282,1
14,320000000,0.661054,0.000812,0.006266,0.145007,0.021676,0.145000,0.021705,0.152511,-0.003295,0.152511,-0.003295,0.145007,0.000000,0.145000,-0.000087,0.152505,-0.001383,0.152505,-0.001383,0,-0.062531,0.170000,0.120000,0.024913,-0.025087,0.046705,-0.003295,0.311127,0.290000,-0.006266,1
14,360000000,0.666854,0.000847,0.007128,0.145000,0.021522,0.152511,-0.003295,0.177513,-0.004148,0.177513,-0.004148,0.145000,0.000000,0.152505,-0.001383,0.177505,-0.001758,0.177505,-0.001758,0,-0.064937,0.177505,0.127505,0.023617,-0.026383,0.021705,-0.028295,0.311127,0.305022,-0.007128,1
14,400000000,0.672879,0.000851,0.007269,0.152505,-0.002413,0.177513,-0.004148,0.152568,0.020852,0.152568,0.020852,0.152500,-0.001287,0.177505,-0.001758,0.152505,0.004390,0.152505,0.004390,0,2.151432,0.202505,0.152505,0.023242,-0.026758,0.020852,-0.029148,0.311127,0.355027,1.563527,1
14,440000000,0.679664,0.000837,0.007148,0.177502,-0.003289,0.152568,0.020852,0.177100,-0.004148,0.177100,-0.004148,0.177494,-0.001665,0.152505,0.004390,0.177091,-0.001752,0.177091,-0.001752,0,-0.064835,0.177505,0.127505,0.029390,-0.020610,0.045852,-0.004148,0.311127,0.305136,-0.007148,1
14,480000000,0.686152,0.000943,0.007361,0.152553,0.016433,0.177100,-0.004148,0.152178,0.020852,0.152178,0.020852,0.152503,0.003905,0.177091,-0.001752,0.152091,0.005124,0.152091,0.005124,0,2.580491,0.202091,0.152091,0.023248,-0.026752,0.020852,-0.029148,0.311127,0.354200,1.563435,1
14,520000000,0.692828,0.001025,0.007622,0.177108,-0.002999,0.152178,0.020852,0.127091,0.045852,0.127091,0.045852,0.177100,-0.001628,0.152091,0.005124,0.127091,-0.000146,0.127091,-0.000146,0,-0.072220,0.177091,0.127091,0.030124,-0.019876,0.045852,-0.004148,0.311127,0.304355,1.563174,1
14,580000000,0.702442,0.001241,0.008049,0.152159,0.015915,0.127091,0.045852,0.102100,0.020852,0.102100,0.020852,0.152090,0.004585,0.127091,-0.000146,0.102091,-0.001311,0.102091,-0.001311,0,-0.101759,0.152091,0.102091,0.024854,-0.025146,0.070852,0.020852,0.311127,0.254183,-0.008049,1
14,620000000,0.707563,0.001294,0.010003,0.127112,0.045845,0.102100,0.020852,0.091237,-0.004148,0.091237,-0.004148,0.127112,0.000000,0.102091,-0.001311,0.091225,-0.001449,0.091225,-0.001449,0,-0.144421,0.127091,0.077091,0.023689,-0.026311,0.045852,-0.004148,0.311127,0.220000,-0.010003,1
14,660000000,0.711733,0.001295,0.010959,0.102140,0.021422,0.091237,-0.004148,0.116242,-0.005790,0.116242,-0.005790,0.102132,-0.001258,0.091225,-0.001449,0.116225,-0.001958,0.116225,-0.001958,0,-0.153149,0.116225,0.066225,0.023551,-0.026449,0.020852,-0.029148,0.311127,0.220000,-0.010959,1
14,700000000,0.715429,0.001281,0.010915,0.091340,-0.003888,0.116242,-0.005790,0.141244,-0.006631,0.141244,-0.006631,0.091329,-0.001422,0.116225,-0.001958,0.141225,-0.002320,0.141225,-0.002320,0,-0.141290,0.141225,0.091225,0.023042,-0.026958,0.019210,-0.030790,0.311127,0.232484,-0.010915,1
14,740000000,0.719910,0.001255,0.010701,0.116064,-0.005690,0.141244,-0.006631,0.116228,0.018369,0.116228,0.018369,0.116048,-0.001946,0.141225,-0.002320,0.116225,0.000823,0.116225,0.000823,0,0.845584,0.166225,0.116225,0.022680,-0.027320,0.018369,-0.031631,0.311127,0.282489,1.560096,1
14,800000000,0.727947,0.001209,0.010339,0.137758,-0.006670,0.116228,0.018369,0.141242,-0.006282,0.141242,-0.006282,0.137740,-0.002266,0.116225,0.000823,0.141225,-0.002195,0.141225,-0.002195,0,-0.133709,0.141225,0.091225,0.025823,-0.024177,0.043369,-0.006631,0.311127,0.232456,-0.010339,1
14,840000000,0.732598,0.001288,0.011039,0.116312,0.017628,0.141242,-0.006282,0.116245,0.018718,0.116245,0.018718,0.116312,0.000000,0.141225,-0.002195,0.116225,0.002124,0.116225,0.002124,0,2.208420,0.166225,0.116225,0.022805,-0.027195,0.018718,-0.031282,0.311127,0.282485,1.559757,1
14,880000000,0.738130,0.001280,0.010947,0.141117,-0.005833,0.116245,0.018718,0.133418,-0.006282,0.133418,-0.006282,0.141101,-0.002144,0.116225,0.002124,0.133400,-0.002195,0.133400,-0.002195,0,-0.141534,0.141225,0.091225,0.027124,-0.022876,0.043718,-0.006282,0.311127,0.232489,-0.010947,1
14,920000000,0.742964,0.001371,0.011350,0.116333,0.016795,0.133418,-0.006282,0.108411,0.018718,0.108411,0.018718,0.116318,0.001909,0.133400,-0.002195,0.108400,0.001572,0.108400,0.001572,0,1.930592,0.158400,0.108400,0.022805,-0.027195,0.018718,-0.031282,0.311127,0.266836,1.559446,1
14,980000000,0.750653,0.001395,0.011354,0.130095,-0.006939,0.108411,0.018718,0.121718,-0.006282,0.121718,-0.006282,0.130078,-0.002087,0.108400,0.001572,0.121699,-0.002154,0.121699,-0.002154,0,-0.160858,0.133400,0.083400,0.026572,-0.023428,0.043718,-0.006282,0.311127,0.220000,-0.011354,1
15,20000000,0.754989,0.001501,0.012031,0.108467,0.017103,0.121718,-0.006282,0.096699,0.018718,0.096699,0.018718,0.108458,0.001390,0.121699,-0.002154,0.096699,-0.000094,0.096699,-0.000094,0,-0.149480,0.146699,0.096699,0.022846,-0.027154,0.018718,-0.031282,0.311127,0.243436,1.558765,1
15,60000000,0.759800,0.001495,0.011949,0.121716,-0.004952,0.096699,0.018718,0.115656,-0.006282,0.115656,-0.006282,0.121700,-0.002008,0.096699,-0.000094,0.115636,-0.002168,0.115636,-0.002168,0,-0.170396,0.121699,0.071699,0.024906,-0.025094,0.043718,-0.006282,0.311127,0.220000,-0.011949,1
15,120000000,0.766010,0.001524,0.012591,0.107821,0.005361,0.115656,-0.006282,0.090636,0.018718,0.090636,0.018718,0.107814,-0.001156,0.115636,-0.002168,0.090636,-0.000090,0.090636,-0.000090,0,-0.165843,0.140636,0.090636,0.022832,-0.027168,0.018718,-0.031282,0.311127,0.231313,1.558205,1
15,160000000,0.770420,0.001510,0.012564,0.104866,0.003608,0.090636,0.018718,0.065636,0.043718,0.065636,0.043718,0.104856,-0.001440,0.090636,-0.000090,0.065636,-0.000142,0.065636,-0.000142,0,-0.176613,0.115636,0.065636,0.024910,-0.025090,0.043718,-0.006282,0.311127,0.220000,1.558233,1
15,200000000,0.774025,0.001551,0.013344,0.089586,0.020827,0.065636,0.043718,0.040637,0.068718,0.040637,0.068718,0.089586,0.000000,0.065636,-0.000142,0.040636,-0.000210,0.040636,-0.000210,0,-0.185379,0.090636,0.040636,0.024858,-0.025142,0.068718,0.018718,0.311127,0.220000,1.557452,1
15,240000000,0.776656,0.001581,0.015083,0.065638,0.043346,0.040637,0.068718,0.015639,0.093718,0.015639,0.093718,0.065638,0.000000,0.040636,-0.000210,0.015636,-0.000296,0.015636,-0.000296,0,-0.202430,0.065636,0.015636,0.024790,-0.025210,0.093718,0.043718,0.311127,0.220000,1.555713,1
15,300000000,0.778714,0.001602,0.019672,0.019882,0.091760,0.015639,0.093718,0.016838,0.118718,0.016838,0.118718,0.019882,0.000000,0.015636,-0.000296,0.016832,-0.000454,0.016832,-0.000454,0,-0.244981,0.040636,-0.009364,0.024704,-0.025296,0.118718,0.068718,0.311127,0.220000,1.551125,1
15,340000000,0.779352,0.001602,0.023671,0.016243,0.106258,0.016838,0.118718,0.020437,0.143718,0.020437,0.143718,0.016243,0.000000,0.016832,-0.000454,0.020427,-0.000632,0.020427,-0.000632,0,-0.281336,0.041832,-0.008168,0.024546,-0.025454,0.143718,0.093718,0.311127,0.220000,1.547125,1
15,380000000,0.780033,0.001601,0.028470,0.017200,0.121225,0.020437,0.143718,0.024066,0.168718,0.024066,0.168718,0.017200,0.000000,0.020427,-0.000632,0.024065,-0.000265,0.024065,-0.000265,0,-0.100261,0.045427,-0.004573,0.024368,-0.025632,0.168718,0.118718,0.311127,0.220000,1.542326,1
15,440000000,0.781332,0.001612,0.037589,0.024057,0.168354,0.024066,0.168718,0.027797,0.193718,0.027797,0.193718,0.024057,0.000000,0.024065,-0.000265,0.027724,0.002014,0.027724,0.002014,0,0.658648,0.049065,-0.000935,0.024735,-0.025265,0.193718,0.143718,0.311127,0.220000,1.533207,1
15,480000000,0.782337,0.001664,0.044591,0.026253,0.181833,0.027797,0.193718,0.031528,0.218718,0.031528,0.218718,0.026253,0.000000,0.027724,0.002014,0.031366,0.003188,0.031366,0.003188,0,0.919342,0.052724,0.002724,0.027014,-0.022986,0.218718,0.168718,0.311127,0.220000,1.526206,1
15,520000000,0.783476,0.001798,0.052467,0.029572,0.202948,0.031528,0.218718,0.035314,0.243718,0.035314,0.243718,0.029489,0.002222,0.031366,0.003188,0.035036,0.004421,0.035036,0.004421,0,1.138196,0.056366,0.006366,0.028188,-0.021812,0.243718,0.193718,0.311127,0.220000,1.518330,1
15,560000000,0.784750,0.001988,0.061237,0.032925,0.224078,0.035314,0.243718,0.039162,0.268718,0.039162,0.268718,0.032774,0.003148,0.035036,0.004421,0.038740,0.005734,0.038740,0.005734,0,1.330943,0.060036,0.010036,0.029421,-0.020579,0.268718,0.218718,0.311127,0.220000,1.509559,1
15,620000000,0.786922,0.002394,0.076124,0.039002,0.261272,0.039162,0.268718,0.043232,0.293718,0.043232,0.293718,0.038695,0.004882,0.038740,0.005734,0.042569,0.007544,0.042569,0.007544,0,1.586345,0.063740,0.013740,0.030734,-0.019266,0.293718,0.243718,0.311127,0.220000,1.494672,1
15,660000000,0.788536,0.002760,0.087123,0.042988,0.284092,0.043232,0.293718,0.047260,0.318718,0.047260,0.318718,0.042503,0.006445,0.042569,0.007544,0.046388,0.009035,0.046388,0.009035,0,1.737963,0.067569,0.017569,0.032544,-0.017456,0.318718,0.268718,0.311127,0.220000,1.483673,1
15,700000000,0.790263,0.003201,0.098856,0.046120,0.302671,0.047260,0.318718,0.051373,0.343718,0.051373,0.343718,0.045509,0.007482,0.046388,0.009035,0.050268,0.010598,0.050268,0.010598,0,1.875469,0.071388,0.021388,0.034035,-0.015965,0.343718,0.293718,0.311127,0.220000,1.471941,1
15,740000000,0.792123,0.003727,0.111460,0.049725,0.323265,0.051373,0.343718,0.055586,0.368718,0.055586,0.368718,0.048965,0.008662,0.050268,0.010598,0.054221,0.012242,0.054221,0.012242,0,2.002180,0.075268,0.025268,0.035598,-0.014402,0.368718,0.318718,0.311127,0.220000,1.459336,1
15,780000000,0.794116,0.004345,0.124933,0.053397,0.343746,0.055586,0.368718,0.059907,0.393718,0.059907,0.393718,0.052473,0.009887,0.054221,0.012242,0.058258,0.013963,0.058258,0.013963,0,2.118874,0.079221,0.029221,0.037242,-0.012758,0.393718,0.343718,0.311127,0.220000,1.445863,1
15,840000000,0.797334,0.005453,0.146635,0.059260,0.375264,0.059907,0.393718,0.064682,0.418718,0.064682,0.418718,0.058058,0.011874,0.058258,0.013963,0.062623,0.016190,0.062623,0.016190,0,2.275449,0.083258,0.033258,0.038963,-0.011037,0.418718,0.368718,0.311127,0.220000,1.424162,1
15,880000000,0.799619,0.006320,0.161993,0.062937,0.392897,0.064682,0.418718,0.069291,0.443718,0.069291,0.443718,0.061495,0.013397,0.062623,0.016190,0.066899,0.018050,0.066899,0.018050,0,2.368068,0.087623,0.037623,0.041190,-0.008810,0.443718,0.393718,0.311127,0.220000,1.408803,1
15,920000000,0.802061,0.007332,0.178332,0.068326,0.419825,0.069291,0.443718,0.074054,0.468718,0.074054,0.468718,0.066576,0.015363,0.066899,0.018050,0.071305,0.019990,0.071305,0.019990,0,2.454006,0.091899,0.041899,0.043050,-0.006950,0.468718,0.418718,0.311127,0.220000,1.392464,1
15,960000000,0.804635,0.008474,0.195516,0.072467,0.439776,0.074054,0.468718,0.078979,0.493718,0.078979,0.493718,0.070488,0.016822,0.071305,0.019990,0.075854,0.021997,0.075854,0.021997,0,2.531973,0.096305,0.046305,0.044990,-0.005010,0.493718,0.443718,0.311127,0.220000,1.375280,1
16,0,0.807339,0.009757,0.213541,0.076727,0.459603,0.078979,0.493718,0.081046,0.500000,0.081046,0.500000,0.074506,0.018328,0.075854,0.021997,0.077655,0.023199,0.077655,0.023199,0,2.602198,0.100854,0.050854,0.046997,-0.003003,0.500000,0.468718,0.311127,0.220000,1.357255,1
16,60000000,0.811543,0.011915,0.241517,0.079615,0.468153,0.081046,0.500000,0.082752,0.500000,0.082752,0.500000,0.077156,0.019634,0.077655,0.023199,0.079041,0.024502,0.079041,0.024502,0,2.691707,0.102655,0.052655,0.048199,-0.001801,0.500000,0.475000,0.311127,0.220000,1.329279,1
16,100000000,0.814370,0.013488,0.260185,0.081180,0.466287,0.082752,0.500000,0.083930,0.500000,0.083930,0.500000,0.078485,0.020742,0.079041,0.024502,0.080023,0.025310,0.080023,0.025310,0,2.741507,0.104041,0.054041,0.049502,-0.000498,0.500000,0.475000,0.311127,0.220000,1.310612,1
16,140000000,0.817191,0.015146,0.278802,0.082256,0.464963,0.083930,0.500000,0.085140,0.500000,0.085140,0.500000,0.079421,0.021407,0.080023,0.025310,0.081051,0.026069,0.081051,0.026069,0,2.783507,0.105023,0.055023,0.050310,0.000310,0.500000,0.475000,0.311127,0.220000,1.291995,1
16,180000000,0.820010,0.016890,0.297369,0.083367,0.463698,0.085140,0.500000,0.086381,0.500000,0.086381,0.500000,0.080402,0.022035,0.081051,0.026069,0.082124,0.026784,0.082124,0.026784,0,2.818771,0.106051,0.056051,0.051069,0.001069,0.500000,0.475000,0.311127,0.220000,1.273427,1
16,240000000,0.824194,0.019626,0.325167,0.083309,0.463118,0.086381,0.500000,0.088309,0.500000,0.088309,0.500000,0.080357,0.021980,0.082124,0.026784,0.083831,0.027763,0.083831,0.027763,0,2.858018,0.107124,0.057124,0.051784,0.001784,0.500000,0.475000,0.311127,0.220000,1.245629,1
16,280000000,0.826966,0.021541,0.343655,0.084458,0.461927,0.088309,0.500000,0.089639,0.500000,0.089639,0.500000,0.081385,0.022573,0.083831,0.027763,0.085032,0.028367,0.085032,0.028367,0,2.876877,0.108831,0.058831,0.052763,0.002763,0.500000,0.475000,0.311127,0.220000,1.227142,1
16,320000000,0.829746,0.023555,0.362086,0.086275,0.460420,0.089639,0.500000,0.091006,0.500000,0.091006,0.500000,0.083044,0.023389,0.085032,0.028367,0.086278,0.028952,0.086278,0.028952,0,2.892143,0.110032,0.060032,0.053367,0.003367,0.500000,0.475000,0.311127,0.220000,1.208710,1
16,360000000,0.832521,0.025652,0.380477,0.087526,0.459358,0.091006,0.500000,0.092412,0.500000,0.092412,0.500000,0.084204,0.023885,0.086278,0.028952,0.087573,0.029512,0.087573,0.029512,0,2.903234,0.111278,0.061278,0.053952,0.003952,0.500000,0.475000,0.311127,0.220000,1.190319,1
16,420000000,0.836670,0.028954,0.407992,0.088803,0.458199,0.092412,0.500000,0.094599,0.500000,0.094599,0.500000,0.085399,0.024351,0.087573,0.029512,0.089612,0.030309,0.089612,0.030309,0,2.912667,0.112573,0.062573,0.054512,0.004512,0.500000,0.475000,0.311127,0.220000,1.162804,1
16,460000000,0.839428,0.031259,0.426289,0.090139,0.457213,0.094599,0.500000,0.096111,0.500000,0.096111,0.500000,0.086657,0.024810,0.089612,0.030309,0.091038,0.030814,0.091038,0.030814,0,2.914629,0.114612,0.064612,0.055309,0.005309,0.500000,0.475000,0.311127,0.220000,1.144507,1
16,500000000,0.842197,0.033666,0.444538,0.092240,0.455902,0.096111,0.500000,0.097669,0.500000,0.097669,0.500000,0.088655,0.025465,0.091038,0.030814,0.092513,0.031312,0.092513,0.031312,0,2.914519,0.116038,0.066038,0.055814,0.005814,0.500000,0.475000,0.311127,0.220000,1.126258,1
16,540000000,0.844967,0.036164,0.462748,0.093692,0.454991,0.097669,0.500000,0.099274,0.500000,0.099274,0.500000,0.090048,0.025877,0.092513,0.031312,0.094043,0.031798,0.094043,0.031798,0,2.911891,0.117513,0.067513,0.056312,0.006312,0.500000,0.475000,0.311127,0.220000,1.108048,1
16,600000000,0.849105,0.040070,0.490004,0.095184,0.454027,0.099274,0.500000,0.101777,0.500000,0.101777,0.500000,0.091486,0.026275,0.094043,0.031798,0.096450,0.032495,0.096450,0.032495,0,2.902544,0.119043,0.069043,0.056798,0.006798,0.500000,0.475000,0.311127,0.220000,1.080792,1
16,640000000,0.851857,0.042786,0.508134,0.096737,0.453165,0.101777,0.500000,0.103514,0.500000,0.103514,0.500000,0.092988,0.026670,0.096450,0.032495,0.098131,0.032944,0.098131,0.032944,0,2.893261,0.121450,0.071450,0.057495,0.007495,0.500000,0.475000,0.311127,0.220000,1.062663,1
16,680000000,0.854625,0.045614,0.526219,0.099175,0.451971,0.103514,0.500000,0.105306,0.500000,0.105306,0.500000,0.095361,0.027240,0.098131,0.032944,0.099870,0.033395,0.099870,0.033395,0,2.882964,0.123131,0.073131,0.057944,0.007944,0.500000,0.475000,0.311127,0.220000,1.044577,1
16,740000000,0.858758,0.050021,0.553293,0.101392,0.450911,0.105306,0.500000,0.108108,0.500000,0.108108,0.500000,0.097532,0.027711,0.099870,0.033395,0.102607,0.034047,0.102607,0.034047,0,2.863016,0.124870,0.074870,0.058395,0.008395,0.500000,0.475000,0.311127,0.220000,1.017503,1
16,780000000,0.861509,0.053082,0.571305,0.103159,0.450246,0.108108,0.500000,0.110056,0.500000,0.110056,0.500000,0.099261,0.028091,0.102607,0.034047,0.104518,0.034471,0.104518,0.034471,0,2.847377,0.127607,0.077607,0.059047,0.009047,0.500000,0.475000,0.311127,0.220000,0.999491,1
16,820000000,0.864276,0.056262,0.589274,0.105370,0.449221,0.110056,0.500000,0.112128,0.500000,0.112128,0.500000,0.101443,0.028498,0.104518,0.034471,0.106538,0.034961,0.106538,0.034961,0,2.833097,0.129518,0.079518,0.059471,0.009471,0.500000,0.475000,0.311127,0.220112,0.981522,1
16,860000000,0.867034,0.059539,0.607216,0.107288,0.448483,0.112128,0.500000,0.116366,0.500000,0.116366,0.500000,0.103338,0.028843,0.106538,0.034961,0.110129,0.037587,0.110129,0.037587,0,2.880666,0.131538,0.081538,0.059961,0.009961,0.500000,0.475000,0.311127,0.224256,0.963580,1
16,920000000,0.871163,0.064682,0.634046,0.111737,0.445884,0.116366,0.500000,0.124223,0.500000,0.124223,0.500000,0.107456,0.030631,0.110129,0.037587,0.116688,0.042606,0.116688,0.042606,0,2.947401,0.135129,0.085129,0.062587,0.012587,0.500000,0.475000,0.311127,0.232732,0.936750,1
16,960000000,0.873914,0.068374,0.651779,0.116889,0.441929,0.124223,0.500000,0.135169,0.500000,0.135169,0.500000,0.111958,0.033591,0.116688,0.042606,0.125186,0.050982,0.125186,0.050982,0,3.036226,0.141688,0.091688,0.067606,0.017606,0.500000,0.475000,0.311127,0.248446,0.919017,1
17,0,0.876675,0.072353,0.669333,0.121363,0.438483,0.135169,0.500000,0.149945,0.500000,0.149945,0.500000,0.115811,0.036290,0.125186,0.050982,0.136434,0.062202,0.136434,0.062202,0,3.068987,0.150186,0.100186,0.075982,0.025982,0.500000,0.475000,0.311127,0.270339,0.901463,1
17,40000000,0.879436,0.076809,0.686561,0.131104,0.430892,0.149945,0.500000,0.169575,0.500000,0.169575,0.500000,0.123685,0.043477,0.136434,0.062202,0.151149,0.076874,0.151149,0.076874,0,3.023353,0.161434,0.111434,0.087202,0.037202,0.500000,0.475000,0.311127,0.299889,0.884235,1
17,80000000,0.882204,0.081877,0.703342,0.145008,0.419854,0.169575,0.500000,0.195486,0.500000,0.195486,0.500000,0.134773,0.053512,0.151149,0.076874,0.170348,0.095898,0.170348,0.095898,0,2.892886,0.176149,0.126149,0.101874,0.051874,0.500000,0.475000,0.311127,0.339151,0.867454,1
17,140000000,0.886361,0.090873,0.727518,0.172475,0.396505,0.195486,0.500000,0.228911,0.493732,0.228911,0.493732,0.156461,0.072579,0.170348,0.095898,0.195348,0.119329,0.195348,0.119329,0,2.666639,0.195348,0.145348,0.120898,0.070898,0.500000,0.475000,0.311127,0.390973,0.843278,1
17,180000000,0.889133,0.098024,0.742810,0.195399,0.376237,0.228911,0.493732,0.261864,0.492771,0.261864,0.492771,0.174359,0.088204,0.195348,0.119329,0.220000,0.142030,0.220000,0.142030,0,2.465373,0.220000,0.170348,0.144329,0.094329,0.500000,0.468732,0.311127,0.440000,0.827986,1
17,240000000,0.893348,0.111055,0.764175,0.244390,0.342395,0.261864,0.492771,0.259954,0.476556,0.259954,0.476556,0.212808,0.120164,0.220000,0.142030,0.220000,0.138478,0.220000,0.138478,0,2.421377,0.220000,0.195000,0.167030,0.117030,0.500000,0.467771,0.311127,0.440000,0.806621,1
17,280000000,0.896118,0.120759,0.777983,0.252098,0.343466,0.259954,0.476556,0.258769,0.466262,0.258769,0.466262,0.218943,0.124969,0.220000,0.138478,0.220000,0.136240,0.220000,0.136240,0,2.393144,0.220000,0.195000,0.163478,0.113478,0.500000,0.451556,0.311127,0.440000,0.792814,1
17,320000000,0.898834,0.130457,0.791614,0.251762,0.340515,0.258769,0.466262,0.257613,0.456200,0.257613,0.456200,0.219551,0.123212,0.220000,0.136240,0.220000,0.134032,0.220000,0.134032,0,2.364931,0.220000,0.195000,0.161240,0.111240,0.491262,0.441262,0.311127,0.440000,0.779182,1
17,360000000,0.901458,0.140180,0.805241,0.251909,0.341983,0.257613,0.456200,0.256448,0.446193,0.256448,0.446193,0.220041,0.122638,0.220000,0.134032,0.220000,0.131779,0.220000,0.131779,0,2.335730,0.220000,0.195000,0.159032,0.109032,0.481200,0.431200,0.311127,0.440000,0.765555,1
17,420000000,0.905242,0.154777,0.825512,0.250985,0.335545,0.256448,0.446193,0.254717,0.431447,0.254717,0.431447,0.220569,0.119761,0.220000,0.131779,0.220000,0.128378,0.220000,0.128378,0,2.290913,0.220000,0.195000,0.156779,0.106779,0.471193,0.421193,0.311127,0.440000,0.745285,1
17,460000000,0.907667,0.164508,0.838885,0.250222,0.330677,0.254717,0.431447,0.253580,0.421815,0.253580,0.421815,0.220796,0.117729,0.220000,0.128378,0.220000,0.126107,0.220000,0.126107,0,2.260486,0.220000,0.195000,0.153378,0.103378,0.456447,0.406447,0.311127,0.440000,0.731911,1
17,500000000,0.910030,0.174222,0.852069,0.249669,0.327799,0.253580,0.421815,0.252474,0.412410,0.252474,0.412410,0.220996,0.116170,0.220000,0.126107,0.220000,0.123868,0.220000,0.123868,0,2.230077,0.220000,0.195000,0.151107,0.101107,0.446815,0.396815,0.311127,0.440000,0.718728,1
17,540000000,0.912303,0.183942,0.865188,0.249457,0.327653,0.252474,0.412410,0.251372,0.403114,0.251372,0.403114,0.221160,0.115401,0.220000,0.123868,0.220000,0.121606,0.220000,0.121606,0,2.198943,0.220000,0.195000,0.148868,0.098868,0.437410,0.387410,0.311127,0.440000,0.705608,1
17,600000000,0.915571,0.198506,0.884620,0.248357,0.321593,0.251372,0.403114,0.249752,0.389487,0.249752,0.389487,0.221289,0.112750,0.220000,0.121606,0.220000,0.118221,0.220000,0.118221,0,2.151611,0.220000,0.195000,0.146606,0.096606,0.428114,0.378114,0.311127,0.440000,0.686176,1
17,640000000,0.917657,0.208201,0.897405,0.247395,0.315948,0.249752,0.389487,0.248697,0.380614,0.248697,0.380614,0.221329,0.110534,0.220000,0.118221,0.220000,0.115975,0.220000,0.115975,0,2.119683,0.220000,0.195000,0.143221,0.093221,0.414487,0.364487,0.311127,0.440000,0.673391,1
17,680000000,0.919681,0.217876,0.910003,0.246922,0.313997,0.248697,0.380614,0.247671,0.371953,0.247671,0.371953,0.221358,0.109414,0.220000,0.115975,0.220000,0.113758,0.220000,0.113758,0,2.087779,0.220000,0.195000,0.140975,0.090975,0.405614,0.355614,0.311127,0.440000,0.660793,1
17,740000000,0.922589,0.232358,0.928604,0.245772,0.307666,0.247671,0.371953,0.246176,0.359301,0.246176,0.359301,0.221356,0.106796,0.220000,0.113758,0.220000,0.110465,0.220000,0.110465,0,2.039662,0.220000,0.195000,0.138758,0.088758,0.396953,0.346953,0.311127,0.440000,0.642193,1
17,780000000,0.924448,0.241990,0.940806,0.244668,0.301345,0.246176,0.359301,0.245209,0.351090,0.245209,0.351090,0.221329,0.104288,0.220000,0.110465,0.220000,0.108294,0.220000,0.108294,0,2.007450,0.220000,0.195000,0.135465,0.085465,0.384301,0.334301,0.311127,0.440000,0.629990,1
17,820000000,0.926261,0.251591,0.952767,0.243912,0.296883,0.245209,0.351090,0.244281,0.343121,0.244281,0.343121,0.221286,0.102594,0.220000,0.108294,0.220000,0.106176,0.220000,0.106176,0,1.975667,0.220000,0.195000,0.133294,0.083294,0.376090,0.326090,0.311127,0.440000,0.618029,1
17,880000000,0.928856,0.265967,0.970440,0.243071,0.292109,0.244281,0.343121,0.242927,0.331461,0.242927,0.331461,0.221253,0.100650,0.220000,0.106176,0.220000,0.103022,0.220000,0.103022,0,1.927670,0.220000,0.195000,0.131176,0.081176,0.368121,0.318121,0.311127,0.440000,0.600357,1
17,920000000,0.930534,0.275512,0.981940,0.241900,0.284589,0.242927,0.331461,0.242069,0.323963,0.242069,0.323963,0.221190,0.097931,0.220000,0.103022,0.220000,0.100981,0.220000,0.100981,0,1.896177,0.220000,0.195000,0.128022,0.078022,0.356461,0.306461,0.311127,0.440000,0.588856,1
17,960000000,0.932171,0.285029,0.993209,0.241162,0.280003,0.242069,0.323963,0.241244,0.316681,0.241244,0.316681,0.221146,0.096195,0.220000,0.100981,0.220000,0.098989,0.220000,0.098989,0,1.865125,0.220000,0.195000,0.125981,0.075981,0.348963,0.298963,0.311127,0.440000,0.577587,1
18,0,0.933755,0.294528,1.004304,0.240442,0.275399,0.241244,0.316681,0.240445,0.309568,0.240445,0.309568,0.221095,0.094496,0.220000,0.098989,0.220000,0.097024,0.220000,0.097024,0,1.834177,0.220000,0.195000,0.123989,0.073989,0.341681,0.291681,0.311127,0.440000,0.566492,1
18,60000000,0.936018,0.308751,1.020681,0.239747,0.271116,0.240445,0.309568,0.239280,0.299163,0.239280,0.299163,0.221045,0.092830,0.220000,0.097024,0.220000,0.094102,0.220000,0.094102,0,1.787588,0.220000,0.195000,0.122024,0.072024,0.334568,0.284568,0.311127,0.440000,0.550115,1
18,100000000,0.937496,0.318191,1.031286,0.238689,0.263846,0.239280,0.299163,0.238551,0.292502,0.238551,0.292502,0.220974,0.090236,0.220000,0.094102,0.220000,0.092231,0.220000,0.092231,0,1.757403,0.220000,0.195000,0.119102,0.069102,0.324163,0.274163,0.311127,0.440000,0.539511,1
18,140000000,0.938924,0.327613,1.041722,0.238025,0.259245,0.238551,0.292502,0.237843,0.285993,0.237843,0.285993,0.220928,0.088581,0.220000,0.092231,0.220000,0.090385,0.220000,0.090385,0,1.727352,0.220000,0.195000,0.117231,0.067231,0.317502,0.267502,0.311127,0.440000,0.529074,1
18,180000000,0.940273,0.337039,1.052101,0.238034,0.259541,0.237843,0.285993,0.237140,0.279553,0.237140,0.279553,0.220924,0.088616,0.220000,0.090385,0.220000,0.088517,0.220000,0.088517,0,1.696686,0.220000,0.195000,0.115385,0.065385,0.310993,0.260993,0.311127,0.440000,0.518696,1
18,220000000,0.941555,0.346459,1.062383,0.237383,0.254937,0.237140,0.279553,0.236448,0.273212,0.236448,0.273212,0.220878,0.086969,0.220000,0.088517,0.220000,0.086646,0.220000,0.086646,0,1.665681,0.220000,0.195000,0.113517,0.063517,0.304553,0.254553,0.311127,0.440000,0.508413,1
18,280000000,0.943395,0.360556,1.077497,0.236732,0.250360,0.236448,0.273212,0.235451,0.263973,0.235451,0.263973,0.220831,0.085298,0.220000,0.086646,0.220000,0.083889,0.220000,0.083889,0,1.619502,0.220000,0.195000,0.111646,0.061646,0.298212,0.248212,0.311127,0.440000,0.493299,1
18,320000000,0.944571,0.369931,1.087364,0.236085,0.245719,0.235451,0.263973,0.234815,0.257994,0.234815,0.257994,0.220786,0.083606,0.220000,0.083889,0.220000,0.082087,0.220000,0.082087,0,1.589002,0.220000,0.195000,0.108889,0.058889,0.288973,0.238973,0.311127,0.440000,0.483433,1
18,360000000,0.945733,0.379275,1.096993,0.235148,0.238872,0.234815,0.257994,0.234212,0.252205,0.234212,0.252205,0.220720,0.081099,0.220000,0.082087,0.220000,0.080345,0.220000,0.080345,0,1.559283,0.220000,0.195000,0.107087,0.057087,0.282994,0.232994,0.311127,0.440000,0.473803,1
18,420000000,0.947404,0.393259,1.111133,0.234543,0.234245,0.234212,0.252205,0.233346,0.243774,0.233346,0.243774,0.220680,0.079439,0.220000,0.080345,0.220000,0.077783,0.220000,0.077783,0,1.515170,0.220000,0.195000,0.105345,0.055345,0.277205,0.227205,0.311127,0.440000,0.459664,1
18,460000000,0.948476,0.402560,1.120351,0.233968,0.229774,0.233346,0.243774,0.232794,0.238320,0.232794,0.238320,0.220641,0.077836,0.220000,0.077783,0.220000,0.076112,0.220000,0.076112,0,1.486137,0.220000,0.195000,0.102783,0.052783,0.268774,0.218774,0.311127,0.440000,0.450445,1
18,500000000,0.949538,0.411832,1.129341,0.233142,0.223318,0.232794,0.238320,0.232272,0.233040,0.232272,0.233040,0.220584,0.075484,0.220000,0.076112,0.220000,0.074500,0.220000,0.074500,0,1.457929,0.220000,0.195000,0.101112,0.051112,0.263320,0.213320,0.311127,0.440000,0.441456,1
18,540000000,0.950568,0.421088,1.138168,0.232612,0.218994,0.232272,0.233040,0.231769,0.227886,0.231769,0.227886,0.220551,0.073929,0.220000,0.074500,0.220000,0.072917,0.220000,0.072917,0,1.430045,0.220000,0.195000,0.099500,0.049500,0.258040,0.208040,0.311127,0.440000,0.432629,1
18,600000000,0.952069,0.434936,1.151075,0.231960,0.213395,0.231769,0.227886,0.231054,0.220405,0.231054,0.220405,0.220512,0.071971,0.220000,0.072917,0.220000,0.070611,0.220000,0.070611,0,1.389103,0.220000,0.195000,0.097917,0.047917,0.252886,0.202886,0.311127,0.440000,0.419721,1
18,640000000,0.953032,0.444151,1.159492,0.231618,0.210304,0.231054,0.220405,0.230598,0.215559,0.230598,0.215559,0.220493,0.070920,0.220000,0.070611,0.220000,0.069105,0.220000,0.069105,0,1.362168,0.220000,0.195000,0.095611,0.045611,0.245405,0.195405,0.311127,0.440000,0.411304,1
18,680000000,0.953991,0.453340,1.167685,0.230928,0.204373,0.230598,0.215559,0.230169,0.210872,0.230169,0.210872,0.220447,0.068781,0.220000,0.069105,0.220000,0.067658,0.220000,0.067658,0,1.336128,0.220000,0.195000,0.094105,0.044105,0.240559,0.190559,0.311127,0.440000,0.403112,1
18,720000000,0.954927,0.462513,1.175717,0.230484,0.200332,0.230169,0.210872,0.229756,0.206299,0.229756,0.206299,0.220423,0.067355,0.220000,0.067658,0.220000,0.066241,0.220000,0.066241,0,1.310499,0.220000,0.195000,0.092658,0.042658,0.235872,0.185872,0.311127,0.440000,0.395079,1
18,780000000,0.956271,0.476254,1.187521,0.229942,0.195110,0.229756,0.206299,0.229162,0.199619,0.229162,0.199619,0.220394,0.065572,0.220000,0.066241,0.220000,0.064151,0.220000,0.064151,0,1.272435,0.220000,0.195000,0.091241,0.041241,0.231299,0.181299,0.311127,0.440000,0.383275,1
18,820000000,0.957133,0.485400,1.195216,0.229658,0.192212,0.229162,0.199619,0.228784,0.195288,0.228784,0.195288,0.220381,0.064616,0.220000,0.064151,0.220000,0.062786,0.220000,0.062786,0,1.247427,0.220000,0.195000,0.089151,0.039151,0.224619,0.174619,0.311127,0.440000,0.375581,1
18,860000000,0.957994,0.494524,1.202703,0.229081,0.186796,0.228784,0.195288,0.228427,0.191097,0.228427,0.191097,0.220343,0.062664,0.220000,0.062786,0.220000,0.061475,0.220000,0.061475,0,1.223275,0.220000,0.195000,0.087786,0.037786,0.220288,0.170288,0.311127,0.440000,0.368093,1
18,920000000,0.959243,0.508188,1.213676,0.228568,0.181546,0.228427,0.191097,0.227918,0.184987,0.227918,0.184987,0.220318,0.060856,0.220000,0.061475,0.220000,0.059552,0.220000,0.059552,0,1.187676,0.220000,0.195000,0.086475,0.036475,0.216097,0.166097,0.311127,0.440000,0.357121,1
18,960000000,0.960047,0.517284,1.220820,0.228208,0.177798,0.227918,0.184987,0.227594,0.181028,0.227594,0.181028,0.220301,0.059551,0.220000,0.059552,0.220000,0.058301,0.220000,0.058301,0,1.164365,0.220000,0.195000,0.084552,0.034552,0.209987,0.159987,0.311127,0.440000,0.349976,1
19,0,0.960849,0.526362,1.227778,0.227795,0.173499,0.227594,0.181028,0.227288,0.177191,0.227288,0.177191,0.220277,0.058041,0.220000,0.058301,0.220000,0.057095,0.220000,0.057095,0,1.141820,0.220000,0.195000,0.083301,0.033301,0.206028,0.156028,0.311127,0.440000,0.343018,1
19,40000000,0.961629,0.535430,1.234607,0.227539,0.170561,0.227288,0.177191,0.226993,0.173438,0.226993,0.173438,0.220266,0.057068,0.220000,0.057095,0.220000,0.055911,0.220000,0.055911,0,1.119593,0.220000,0.195000,0.082095,0.032095,0.202191,0.152191,0.311127,0.440000,0.336189,1
19,100000000,0.962762,0.549014,1.244610,0.227035,0.164945,0.226993,0.173438,0.226572,0.167965,0.226572,0.167965,0.220241,0.055126,0.220000,0.055911,0.220000,0.054176,0.220000,0.054176,0,1.086877,0.220000,0.195000,0.080911,0.030911,0.198438,0.148438,0.311127,0.440000,0.326186,1
19,140000000,0.963496,0.558058,1.251116,0.226711,0.161464,0.226572,0.167965,0.197171,0.192965,0.197171,0.192965,0.220227,0.053832,0.220000,0.054176,0.195000,0.029176,0.195000,0.029176,0,1.065544,0.220000,0.195000,0.079176,0.029176,0.192965,0.142965,0.311127,0.440000,1.890477,1
19,180000000,0.964237,0.567029,1.257942,0.223543,0.182085,0.197171,0.192965,0.225537,0.178932,0.225537,0.178932,0.217601,0.051201,0.195000,0.029176,0.220000,0.049667,0.220000,0.049667,0,1.116893,0.220000,0.170000,0.054176,0.004176,0.217965,0.167965,0.311127,0.394341,0.312854,1
19,240000000,0.965841,0.579341,1.269265,0.224743,0.172655,0.225537,0.178932,0.196554,0.203932,0.196554,0.203932,0.219422,0.048612,0.220000,0.049667,0.195000,0.024667,0.195000,0.024667,0,1.036495,0.220000,0.195000,0.074667,0.024667,0.203932,0.153932,0.311127,0.440000,1.872328,1
19,280000000,0.966722,0.587975,1.277077,0.208516,0.219770,0.196554,0.203932,0.225126,0.178932,0.225126,0.178932,0.205405,0.035883,0.195000,0.024667,0.220000,0.047768,0.220000,0.047768,0,1.055424,0.220000,0.170000,0.049667,-0.000333,0.228932,0.178932,0.311127,0.393108,0.293720,1
19,320000000,0.967837,0.596052,1.284892,0.211312,0.177993,0.225126,0.178932,0.196325,0.203932,0.196325,0.203932,0.208162,0.036350,0.220000,0.047768,0.195000,0.022768,0.195000,0.022768,0,1.011719,0.220000,0.195000,0.072768,0.022768,0.203932,0.153932,0.311127,0.440000,1.856700,1
19,360000000,0.968516,0.604974,1.292192,0.222290,0.195446,0.196325,0.203932,0.170330,0.228932,0.170330,0.228932,0.217684,0.045018,0.195000,0.022768,0.170000,0.010598,0.170000,0.010598,0,1.003633,0.220000,0.170000,0.047768,-0.002232,0.228932,0.178932,0.311127,0.392649,1.849400,1
19,400000000,0.969735,0.612579,1.301099,0.188125,0.228488,0.170330,0.228932,0.198223,0.203932,0.198223,0.203932,0.187055,0.020038,0.170000,0.010598,0.195000,0.035598,0.195000,0.035598,0,1.055331,0.195000,0.145000,0.035598,-0.014402,0.253932,0.203932,0.311127,0.340660,0.269697,1
19,460000000,0.971409,0.623160,1.314491,0.195886,0.185658,0.198223,0.203932,0.170330,0.228932,0.170330,0.228932,0.193141,0.032677,0.195000,0.035598,0.170000,0.010598,0.170000,0.010598,0,0.950459,0.220000,0.170000,0.060598,0.010598,0.228932,0.178932,0.311127,0.396445,1.827101,1
19,500000000,0.972259,0.630633,1.323526,0.178153,0.256301,0.170330,0.228932,0.198223,0.203932,0.198223,0.203932,0.177293,0.017480,0.170000,0.010598,0.195000,0.035598,0.195000,0.035598,0,0.968637,0.195000,0.145000,0.035598,-0.014402,0.253932,0.203932,0.311127,0.340660,0.247270,1
19,540000000,0.973269,0.637742,1.331663,0.188247,0.181917,0.198223,0.203932,0.170330,0.228932,0.170330,0.228932,0.186404,0.026279,0.195000,0.035598,0.170000,0.010598,0.170000,0.010598,0,0.906963,0.220000,0.170000,0.060598,0.010598,0.228932,0.178932,0.311127,0.396445,1.809930,1
19,580000000,0.973753,0.645515,1.341010,0.192732,0.264756,0.170330,0.228932,0.198130,0.203932,0.198130,0.203932,0.190099,0.031747,0.170000,0.010598,0.195000,0.035078,0.195000,0.035078,0,0.892790,0.195000,0.145000,0.035598,-0.014402,0.253932,0.203932,0.311127,0.340660,0.229786,1
19,640000000,0.974981,0.656286,1.353549,0.196647,0.202132,0.198130,0.203932,0.170298,0.228932,0.170298,0.228932,0.193576,0.034621,0.195000,0.035078,0.170000,0.010078,0.170000,0.010078,0,0.836164,0.220000,0.170000,0.060078,0.010078,0.228932,0.178932,0.311127,0.396260,1.788044,1
19,680000000,0.975668,0.663546,1.362718,0.171217,0.232770,0.170298,0.228932,0.145168,0.253932,0.145168,0.253932,0.170894,0.010511,0.170000,0.010078,0.145000,0.006977,0.145000,0.006977,0,0.803163,0.195000,0.145000,0.035078,-0.014922,0.253932,0.203932,0.311127,0.340597,1.778875,1
19,720000000,0.976634,0.669914,1.372156,0.151919,0.247401,0.145168,0.253932,0.172032,0.228932,0.172032,0.228932,0.151729,0.007584,0.145000,0.006977,0.170000,0.026363,0.170000,0.026363,0,0.811476,0.170000,0.120000,0.031977,-0.018023,0.278932,0.228932,0.311127,0.290336,0.198640,1
19,760000000,0.977317,0.675999,1.381659,0.161212,0.223803,0.172032,0.228932,0.145122,0.253932,0.145122,0.253932,0.160157,0.018413,0.170000,0.026363,0.145000,0.005958,0.145000,0.005958,0,0.732531,0.195000,0.145000,0.051363,0.001363,0.253932,0.203932,0.311127,0.344064,1.759933,1
19,820000000,0.977985,0.685596,1.396295,0.145427,0.254556,0.145122,0.253932,0.171461,0.228932,0.171461,0.228932,0.145307,0.005898,0.145000,0.005958,0.170000,0.022338,0.170000,0.022338,0,0.678170,0.170000,0.120000,0.030958,-0.019042,0.278932,0.228932,0.311127,0.290245,0.174501,1
19,860000000,0.978473,0.691955,1.405617,0.170304,0.227908,0.171461,0.228932,0.145073,0.253932,0.145073,0.253932,0.168874,0.022025,0.170000,0.022338,0.145000,0.004594,0.145000,0.004594,0,0.617008,0.195000,0.145000,0.047338,-0.002662,0.253932,0.203932,0.311127,0.342923,1.735976,1
19,900000000,0.978940,0.698239,1.415616,0.146276,0.262578,0.145073,0.253932,0.171037,0.228932,0.171037,0.228932,0.146166,0.005674,0.145000,0.004594,0.170000,0.018809,0.170000,0.018809,0,0.568261,0.170000,0.120000,0.029594,-0.020406,0.278932,0.228932,0.311127,0.290146,0.155180,1
19,940000000,0.979436,0.704500,1.425170,0.169040,0.223240,0.171037,0.228932,0.145044,0.253932,0.145044,0.253932,0.168105,0.017750,0.170000,0.018809,0.145000,0.003556,0.145000,0.003556,0,0.513640,0.195000,0.145000,0.043809,-0.006191,0.253932,0.203932,0.311127,0.342075,1.716423,1
20,0,0.980065,0.713901,1.440013,0.145108,0.254158,0.145044,0.253932,0.120037,0.278932,0.120037,0.278932,0.145067,0.003441,0.145000,0.003556,0.120000,0.002999,0.120000,0.002999,0,0.426646,0.170000,0.120000,0.028556,-0.021444,0.278932,0.228932,0.311127,0.290087,1.701580,1
20,40000000,0.980591,0.719106,1.450796,0.120040,0.279724,0.120037,0.278932,0.145249,0.253932,0.145249,0.253932,0.120004,0.002948,0.120000,0.002999,0.145000,0.008504,0.145000,0.008504,0,0.325364,0.145000,0.095000,0.027999,-0.022001,0.303932,0.253932,0.311127,0.240075,0.120000,1
20,80000000,0.980971,0.724420,1.461345,0.144646,0.253295,0.145249,0.253932,0.120016,0.278932,0.120016,0.278932,0.144408,0.008288,0.145000,0.008504,0.120000,0.001936,0.120000,0.001936,0,0.293230,0.170000,0.120000,0.033504,-0.016496,0.278932,0.228932,0.311127,0.290498,1.680248,1
20,140000000,0.981511,0.732125,1.477591,0.119837,0.277886,0.120016,0.278932,0.145040,0.253932,0.145040,0.253932,0.119825,0.001694,0.120000,0.001936,0.145000,0.003409,0.145000,0.003409,0,0.134153,0.145000,0.095000,0.026936,-0.023064,0.303932,0.253932,0.311127,0.240031,0.093205,1
20,180000000,0.981888,0.737686,1.487886,0.144695,0.251274,0.145040,0.253932,0.120002,0.278932,0.120002,0.278932,0.144664,0.002995,0.145000,0.003409,0.120000,0.000646,0.120000,0.000646,0,0.106264,0.170000,0.120000,0.028409,-0.021591,0.278932,0.228932,0.311127,0.290080,1.653707,1
20,220000000,0.982236,0.742746,1.498735,0.119813,0.277104,0.120002,0.278932,0.145001,0.253932,0.145001,0.253932,0.119813,0.000000,0.120000,0.000646,0.145000,-0.000410,0.145000,-0.000410,0,-0.016843,0.145000,0.095000,0.025646,-0.024354,0.303932,0.253932,0.311127,0.240003,0.072062,1
20,260000000,0.982543,0.747527,1.509791,0.119787,0.276157,0.145001,0.253932,0.120001,0.278932,0.120001,0.278932,0.119787,0.000000,0.145000,-0.000410,0.120000,-0.000362,0.120000,-0.000362,0,-0.063440,0.170000,0.120000,0.024590,-0.025410,0.278932,0.228932,0.311127,0.290001,1.631802,1
20,320000000,0.983005,0.755687,1.525331,0.144855,0.249087,0.120001,0.278932,0.095007,0.303932,0.095007,0.303932,0.144852,-0.001067,0.120000,-0.000362,0.095000,-0.001174,0.095000,-0.001174,0,-0.211704,0.145000,0.095000,0.024638,-0.025362,0.303932,0.253932,0.311127,0.240001,1.616261,1
20,360000000,0.983240,0.760558,1.536231,0.119934,0.273553,0.095007,0.303932,0.120185,0.278932,0.120185,0.278932,0.119929,-0.001065,0.095000,-0.001174,0.120000,-0.006671,0.120000,-0.006671,0,-0.378900,0.120000,0.070000,0.023826,-0.026174,0.328932,0.278932,0.311127,0.220000,0.034565,1
20,400000000,0.983420,0.764633,1.547956,0.094983,0.299460,0.120185,0.278932,0.095025,0.303932,0.095025,0.303932,0.094967,-0.001776,0.120000,-0.006671,0.095000,-0.002187,0.095000,-0.002187,0,-0.402378,0.145000,0.095000,0.018329,-0.031671,0.303932,0.253932,0.311127,0.240371,1.593636,1
20,440000000,0.983699,0.769109,1.559411,0.119944,0.278993,0.095025,0.303932,0.120296,0.278932,0.120296,0.278932,0.119753,-0.006770,0.095000,-0.002187,0.120000,-0.008430,0.120000,-0.008430,0,-0.570356,0.120000,0.070000,0.022813,-0.027187,0.328932,0.278932,0.311127,0.220000,0.011385,1
20,480000000,0.983875,0.773135,1.571132,0.094991,0.298583,0.120296,0.278932,0.095054,0.303932,0.095054,0.303932,0.094948,-0.002873,0.120000,-0.008430,0.095000,-0.003210,0.095000,-0.003210,0,-0.626398,0.145000,0.095000,0.016570,-0.033430,0.303932,0.253932,0.311127,0.240591,1.570461,1
20,520000000,0.984126,0.777666,1.582520,0.120136,0.278621,0.095054,0.303932,0.070110,0.328932,0.070110,0.328932,0.119829,-0.008581,0.095000,-0.003210,0.070000,-0.003930,0.070000,-0.003930,0,-0.762209,0.120000,0.070000,0.021790,-0.028210,0.328932,0.278932,0.311127,0.220000,1.559073,1
20,560000000,0.984281,0.781799,1.594101,0.095009,0.297776,0.070110,0.328932,0.050035,0.353932,0.050035,0.353932,0.094925,-0.003986,0.070000,-0.003930,0.049808,-0.004757,0.049808,-0.004757,0,-0.869198,0.095000,0.045000,0.021070,-0.028930,0.353932,0.303932,0.311127,0.220000,1.547492,1
20,600000000,0.984367,0.784684,1.607094,0.070087,0.325118,0.050035,0.353932,0.053311,0.378932,0.053311,0.378932,0.069947,-0.004429,0.049808,-0.004757,0.052995,-0.005787,0.052995,-0.005787,0,-1.005729,0.074808,0.024808,0.020243,-0.029757,0.378932,0.328932,0.311127,0.220000,1.534499,1
20,640000000,0.984465,0.786903,1.620938,0.050030,0.352446,0.053311,0.378932,0.056755,0.403932,0.056755,0.403932,0.049780,-0.004992,0.052995,-0.005787,0.056327,-0.006959,0.056327,-0.006959,0,-1.147665,0.077995,0.027995,0.019213,-0.030787,0.403932,0.353932,0.311127,0.220000,1.520655,1
20,680000000,0.984573,0.788993,1.635734,0.053305,0.377327,0.056755,0.403932,0.060264,0.428932,0.060264,0.428932,0.052962,-0.006041,0.056327,-0.006959,0.059692,-0.008285,0.059692,-0.008285,0,-1.299655,0.081327,0.031327,0.018041,-0.031959,0.428932,0.378932,0.311127,0.220000,1.505859,1
20,740000000,0.984736,0.792359,1.659617,0.057417,0.407140,0.060264,0.428932,0.063773,0.453932,0.063773,0.453932,0.056924,-0.007504,0.059692,-0.008285,0.062935,-0.010299,0.062935,-0.010299,0,-1.551282,0.084692,0.034692,0.016715,-0.033285,0.453932,0.403932,0.311127,0.220000,1.481976,1
20,780000000,0.984849,0.794773,1.676745,0.060585,0.429343,0.063773,0.453932,0.067282,0.478932,0.067282,0.478932,0.059942,-0.008804,0.062935,-0.010299,0.066199,-0.012022,0.066199,-0.012022,0,-1.736533,0.087935,0.037935,0.014701,-0.035299,0.478932,0.428932,0.311127,0.220000,1.464848,1
20,820000000,0.984980,0.797320,1.694832,0.063765,0.451876,0.067282,0.478932,0.070238,0.500000,0.070238,0.500000,0.062871,-0.010637,0.066199,-0.012022,0.068866,-0.013817,0.068866,-0.013817,0,-1.935834,0.091199,0.041199,0.012978,-0.037022,0.500000,0.453932,0.311127,0.220000,1.446760,1
20,860000000,0.985116,0.800007,1.713918,0.067273,0.476717,0.070238,0.500000,0.070235,0.500000,0.070235,0.500000,0.066124,-0.012383,0.068866,-0.013817,0.068582,-0.015150,0.068582,-0.015150,0,-2.151124,0.093866,0.043866,0.011183,-0.038817,0.500000,0.475000,0.311127,0.220000,1.427675,1
20,920000000,0.985305,0.804190,1.743641,0.070196,0.498614,0.070235,0.500000,0.070231,0.500000,0.070231,0.500000,0.068627,-0.014757,0.068582,-0.015150,0.068087,-0.017223,0.068087,-0.017223,0,-2.497720,0.093582,0.043582,0.009850,-0.040150,0.500000,0.475000,0.311127,0.220000,1.397952,1
20,960000000,0.985421,0.806997,1.763546,0.070222,0.497556,0.070231,0.500000,0.070227,0.500000,0.070227,0.500000,0.068434,-0.015743,0.068087,-0.017223,0.067718,-0.018606,0.067718,-0.018606,0,-2.737693,0.093087,0.043087,0.007777,-0.042223,0.500000,0.475000,0.311127,0.220000,1.378046,1
21,0,0.985557,0.809801,1.783496,0.070223,0.497803,0.070227,0.500000,0.070226,0.500000,0.070226,0.500000,0.067983,-0.017594,0.067718,-0.018606,0.067323,-0.019980,0.067323,-0.019980,0,-2.983088,0.092718,0.042718,0.006394,-0.043606,0.500000,0.475000,0.311127,0.220000,1.358097,1
21,40000000,0.985694,0.812606,1.803445,0.070218,0.497877,0.070226,0.500000,0.070224,0.500000,0.070224,0.500000,0.067610,-0.018961,0.067323,-0.019980,0.066901,-0.021345,0.066901,-0.021345,0,-3.234621,0.092323,0.042323,0.005020,-0.044980,0.500000,0.475000,0.311127,0.220000,1.338148,1
21,100000000,0.985884,0.816813,1.833367,0.070208,0.498888,0.070224,0.500000,0.070221,0.500000,0.070221,0.500000,0.067023,-0.020906,0.066901,-0.021345,0.066213,-0.023383,0.066213,-0.023383,0,-3.624843,0.091901,0.041901,0.003655,-0.046345,0.500000,0.475000,0.311127,0.220000,1.308226,1
21,140000000,0.986015,0.819619,1.853294,0.070210,0.498358,0.070221,0.500000,0.070218,0.500000,0.070218,0.500000,0.066523,-0.022454,0.066213,-0.023383,0.065720,-0.024728,0.065720,-0.024728,0,-3.892906,0.091213,0.041213,0.001617,-0.048383,0.500000,0.475000,0.311127,0.220000,1.288298,1
21,180000000,0.986158,0.822424,1.873232,0.070215,0.498127,0.070218,0.500000,0.070215,0.500000,0.070215,0.500000,0.066090,-0.023711,0.065720,-0.024728,0.065200,-0.026059,0.065200,-0.026059,0,-4.167344,0.090720,0.040720,0.000272,-0.049728,0.500000,0.475000,0.311127,0.220000,1.268361,1
21,220000000,0.986301,0.825228,1.893174,0.070212,0.498185,0.070215,0.500000,0.070212,0.500000,0.070212,0.500000,0.065595,-0.025041,0.065200,-0.026059,0.064653,-0.027380,0.064653,-0.027380,0,-4.448965,0.090200,0.040200,-0.001059,-0.051059,0.500000,0.475000,0.311127,0.220000,1.248419,1
21,280000000,0.986517,0.829435,1.923091,0.070193,0.498773,0.070212,0.500000,0.070208,0.500000,0.070208,0.500000,0.064641,-0.027361,0.064653,-0.027380,0.063782,-0.029343,0.063782,-0.029343,0,-4.885428,0.089653,0.039653,-0.002380,-0.052380,0.500000,0.475000,0.311127,0.220000,1.218501,1
21,320000000,0.986653,0.832240,1.943029,0.070196,0.498553,0.070208,0.500000,0.070205,0.500000,0.070205,0.500000,0.064182,-0.028428,0.063782,-0.029343,0.063166,-0.030639,0.063166,-0.030639,0,-5.186604,0.088782,0.038782,-0.004343,-0.054343,0.500000,0.475000,0.311127,0.220000,1.198564,1
21,360000000,0.986808,0.835043,1.962986,0.070195,0.498854,0.070205,0.500000,0.070203,0.500000,0.070203,0.500000,0.063473,-0.029973,0.063166,-0.030639,0.062527,-0.031919,0.062527,-0.031919,0,-5.494961,0.088166,0.038166,-0.005639,-0.055639,0.500000,0.475000,0.311127,0.220000,1.178606,1
21,420000000,0.987034,0.839249,1.992926,0.070167,0.499455,0.070203,0.500000,0.070200,0.500000,0.070200,0.500000,0.062467,-0.031957,0.062527,-0.031919,0.061518,-0.033817,0.061518,-0.033817,0,-5.973955,0.087527,0.037527,-0.006919,-0.056919,0.500000,0.475000,0.311127,0.220000,1.148666,1
21,460000000,0.987188,0.842052,2.012889,0.070173,0.499643,0.070200,0.500000,0.070199,0.500000,0.070199,0.500000,0.061615,-0.033583,0.061518,-0.033817,0.060814,-0.035065,0.060814,-0.035065,0,-6.304255,0.086518,0.036518,-0.008817,-0.058817,0.500000,0.475000,0.311127,0.220000,1.128703,1
21,500000000,0.987356,0.844854,2.032872,0.070180,0.499695,0.070199,0.500000,0.070198,0.500000,0.070198,0.500000,0.060929,-0.034827,0.060814,-0.035065,0.060087,-0.036295,0.060087,-0.036295,0,-6.643217,0.085814,0.035814,-0.010065,-0.060065,0.500000,0.475000,0.311127,0.220000,1.108721,1
21,540000000,0.987514,0.847655,2.052855,0.070147,0.499537,0.070198,0.500000,0.070198,0.500000,0.070198,0.500000,0.060454,-0.035579,0.060087,-0.036295,0.059333,-0.037516,0.059333,-0.037516,0,-6.992659,0.085087,0.035087,-0.011295,-0.061295,0.500000,0.475000,0.311127,0.220000,1.088738,1
21,600000000,0.987741,0.851855,2.082848,0.070127,0.500209,0.070198,0.500000,0.070202,0.500000,0.070202,0.500000,0.059283,-0.037460,0.059333,-0.037516,0.058153,-0.039326,0.058153,-0.039326,0,-7.536967,0.084333,0.034333,-0.012516,-0.062516,0.500000,0.475000,0.311127,0.220000,1.058744,1
21,640000000,0.987899,0.854657,2.102831,0.070187,0.499748,0.070202,0.500000,0.070202,0.500000,0.070202,0.500000,0.058288,-0.039099,0.058153,-0.039326,0.057335,-0.040510,0.057335,-0.040510,0,-7.913024,0.083153,0.033153,-0.014326,-0.064326,0.500000,0.475000,0.311127,0.220000,1.038762,1
21,680000000,0.988072,0.857459,2.122815,0.070199,0.499725,0.070202,0.500000,0.070201,0.500000,0.070201,0.500000,0.057487,-0.040288,0.057335,-0.040510,0.056496,-0.041670,0.056496,-0.041670,0,-8.299587,0.082335,0.032335,-0.015510,-0.065510,0.500000,0.475000,0.311127,0.220000,1.018778,1
21,720000000,0.988237,0.860262,2.142790,0.070198,0.499262,0.070201,0.500000,0.070200,0.500000,0.070200,0.500000,0.056950,-0.041042,0.056496,-0.041670,0.055630,-0.042817,0.055630,-0.042817,0,-8.698905,0.081496,0.031496,-0.016670,-0.066670,0.500000,0.475000,0.311127,0.220000,0.998803,1
21,780000000,0.988494,0.864466,2.172762,0.070200,0.499577,0.070200,0.500000,0.070199,0.500000,0.070199,0.500000,0.055512,-0.042970,0.055630,-0.042817,0.054289,-0.044503,0.054289,-0.044503,0,-9.321455,0.080630,0.030630,-0.017817,-0.067817,0.500000,0.475000,0.311127,0.220000,0.968830,1
21,820000000,0.988671,0.867268,2.192745,0.070159,0.500001,0.070199,0.500000,0.070198,0.500000,0.070198,0.500000,0.054166,-0.044591,0.054289,-0.044503,0.053368,-0.045603,0.053368,-0.045603,0,-9.753123,0.079289,0.029289,-0.019503,-0.069503,0.500000,0.475000,0.311127,0.220000,0.948848,1
21,860000000,0.988858,0.870069,2.212739,0.070162,0.500048,0.070198,0.500000,0.070198,0.500000,0.070198,0.500000,0.053254,-0.045681,0.053368,-0.045603,0.052427,-0.046682,0.052427,-0.046682,0,-10.198689,0.078368,0.028368,-0.020603,-0.070603,0.500000,0.475000,0.311127,0.220000,0.928854,1
21,900000000,0.989043,0.872870,2.232731,0.070166,0.499986,0.070198,0.500000,0.070198,0.500000,0.070198,0.500000,0.052396,-0.046667,0.052427,-0.046682,0.051464,-0.047742,0.051464,-0.047742,0,-10.659848,0.077427,0.027427,-0.021682,-0.071682,0.500000,0.475000,0.311127,0.220000,0.908861,1
21,940000000,0.989227,0.875671,2.252723,0.070170,0.499912,0.070198,0.500000,0.070199,0.500000,0.070199,0.500000,0.051533,-0.047625,0.051464,-0.047742,0.050476,-0.048785,0.050476,-0.048785,0,-11.137593,0.076464,0.026464,-0.022742,-0.072742,0.500000,0.475000,0.311127,0.220000,0.888869,1
22,0,0.989490,0.879874,2.282707,0.070182,0.499862,0.070199,0.500000,0.070198,0.500000,0.070198,0.500000,0.050356,-0.048885,0.050476,-0.048785,0.048949,-0.050317,0.048949,-0.050317,0,-11.888504,0.075476,0.025476,-0.023785,-0.073785,0.500000,0.475000,0.311127,0.220000,0.858886,1
22,40000000,0.989680,0.882675,2.302713,0.070196,0.500434,0.070198,0.500000,0.070199,0.500000,0.070199,0.500000,0.048886,-0.050376,0.048949,-0.050317,0.047909,-0.051309,0.047909,-0.051309,0,-12.411651,0.073949,0.023949,-0.025317,-0.075317,0.500000,0.475000,0.311127,0.220000,0.838879,1
22,80000000,0.989878,0.885476,2.322725,0.070195,0.500456,0.070199,0.500000,0.070201,0.500000,0.070201,0.500000,0.047835,-0.051374,0.047909,-0.051309,0.046852,-0.052278,0.046852,-0.052278,0,-12.954576,0.072909,0.022909,-0.026309,-0.076309,0.500000,0.475000,0.311127,0.220000,0.818867,1
22,120000000,0.990067,0.888277,2.342730,0.070183,0.500342,0.070201,0.500000,0.070202,0.500000,0.070202,0.500000,0.046977,-0.052142,0.046852,-0.052278,0.045770,-0.053230,0.045770,-0.053230,0,-13.520253,0.071852,0.021852,-0.027278,-0.077278,0.500000,0.475000,0.311127,0.220000,0.798862,1
22,180000000,0.990345,0.892479,2.372735,0.070185,0.500004,0.070202,0.500000,0.070204,0.500000,0.070204,0.500000,0.045653,-0.053308,0.045770,-0.053230,0.044106,-0.054620,0.044106,-0.054620,0,-14.413772,0.070770,0.020770,-0.028230,-0.078230,0.500000,0.475000,0.311127,0.220000,0.768858,1
22,220000000,0.990552,0.895278,2.392759,0.070203,0.500574,0.070204,0.500000,0.070207,0.500000,0.070207,0.500000,0.044050,-0.054664,0.044106,-0.054620,0.042982,-0.055512,0.042982,-0.055512,0,-15.039740,0.069106,0.019106,-0.029620,-0.079620,0.500000,0.475000,0.311127,0.220000,0.748834,1
22,260000000,0.990764,0.898079,2.412783,0.070206,0.500601,0.070207,0.500000,0.070210,0.500000,0.070210,0.500000,0.042916,-0.055562,0.042982,-0.055512,0.041841,-0.056380,0.041841,-0.056380,0,-15.693478,0.067982,0.017982,-0.030512,-0.080512,0.500000,0.475000,0.311127,0.220000,0.728810,1
22,300000000,0.990967,0.900880,2.432795,0.070215,0.500485,0.070210,0.500000,0.070211,0.500000,0.070211,0.500000,0.041773,-0.056437,0.041841,-0.056380,0.040676,-0.057228,0.040676,-0.057228,0,-16.378572,0.066841,0.016841,-0.031380,-0.081380,0.500000,0.475000,0.311127,0.220000,0.708798,1
22,360000000,0.991264,0.905082,2.462795,0.070211,0.499812,0.070211,0.500000,0.070212,0.500000,0.070212,0.500000,0.040544,-0.057321,0.040676,-0.057228,0.038889,-0.058458,0.038889,-0.058458,0,-17.469626,0.065676,0.015676,-0.032228,-0.082228,0.500000,0.475000,0.311127,0.220000,0.678798,1
22,400000000,0.991415,0.907886,2.482756,0.070208,0.498707,0.070212,0.500000,0.070210,0.500000,0.070210,0.500000,0.040451,-0.057384,0.038889,-0.058458,0.037645,-0.059264,0.037645,-0.059264,0,-18.248298,0.063889,0.013889,-0.033458,-0.083458,0.500000,0.475000,0.311127,0.220000,0.658837,1
22,440000000,0.991574,0.910690,2.502727,0.070211,0.499450,0.070210,0.500000,0.070208,0.500000,0.070208,0.500000,0.038716,-0.058572,0.037645,-0.059264,0.036385,-0.060044,0.036385,-0.060044,0,-19.067225,0.062645,0.012645,-0.034264,-0.084264,0.500000,0.475000,0.311127,0.220000,0.638866,1
22,480000000,0.991732,0.913494,2.522697,0.070209,0.499536,0.070208,0.500000,0.070206,0.500000,0.070206,0.500000,0.037483,-0.059366,0.036385,-0.060044,0.035103,-0.060800,0.035103,-0.060800,0,-19.931321,0.061385,0.011385,-0.035044,-0.085044,0.500000,0.475000,0.311127,0.220000,0.618896,1
22,540000000,0.991963,0.917700,2.552647,0.070206,0.498987,0.070206,0.500000,0.070203,0.500000,0.070203,0.500000,0.036170,-0.060172,0.035103,-0.060800,0.033138,-0.061890,0.033138,-0.061890,0,-21.322052,0.060103,0.010103,-0.035800,-0.085800,0.500000,0.475000,0.311127,0.220000,0.588946,1
22,580000000,0.992122,0.920503,2.572621,0.070205,0.499076,0.070203,0.500000,0.070202,0.500000,0.070202,0.500000,0.034900,-0.060915,0.033138,-0.061890,0.031806,-0.062584,0.031806,-0.062584,0,-22.318727,0.058138,0.008138,-0.036890,-0.086890,0.500000,0.475000,0.311127,0.220000,0.568972,1
22,620000000,0.992308,0.923304,2.592612,0.070203,0.499807,0.070202,0.500000,0.070203,0.500000,0.070203,0.500000,0.032990,-0.061969,0.031806,-0.062584,0.030474,-0.063244,0.030474,-0.063244,0,-23.374928,0.056806,0.006806,-0.037584,-0.087584,0.500000,0.475000,0.311127,0.220000,0.548981,1
22,660000000,0.992496,0.926105,2.612605,0.070202,0.499812,0.070203,0.500000,0.070204,0.500000,0.070204,0.500000,0.031662,-0.062657,0.030474,-0.063244,0.029125,-0.063878,0.029125,-0.063878,0,-24.500562,0.055474,0.005474,-0.038244,-0.088244,0.500000,0.475000,0.311127,0.220000,0.528988,1
22,700000000,0.992686,0.928906,2.632600,0.070194,0.499889,0.070204,0.500000,0.070206,0.500000,0.070206,0.500000,0.030338,-0.063300,0.029125,-0.063878,0.027758,-0.064486,0.027758,-0.064486,0,-25.704017,0.054125,0.004125,-0.038878,-0.088878,0.500000,0.475000,0.311127,0.220000,0.508993,1
22,740000000,0.992875,0.931707,2.652599,0.070188,0.499923,0.070206,0.500000,0.070209,0.500000,0.070209,0.500000,0.028975,-0.063928,0.027758,-0.064486,0.026370,-0.065068,0.026370,-0.065068,0,-26.995042,0.052758,0.002758,-0.039486,-0.089486,0.500000,0.475000,0.311127,0.220000,0.488994,1
22,800000000,0.993157,0.935910,2.682598,0.070204,0.499969,0.070209,0.500000,0.070213,0.500000,0.070213,0.500000,0.027202,-0.064719,0.026370,-0.065068,0.024249,-0.065892,0.024249,-0.065892,0,-29.120394,0.051370,0.001370,-0.040068,-0.090068,0.500000,0.475000,0.311127,0.220000,0.458995,1
22,840000000,0.993349,0.938711,2.702600,0.070203,0.500057,0.070213,0.500000,0.070873,0.500000,0.070873,0.500000,0.025821,-0.065282,0.024249,-0.065892,0.023026,-0.067028,0.023026,-0.067028,0,-30.681906,0.049249,-0.000751,-0.040892,-0.090892,0.500000,0.475000,0.311127,0.220000,0.438993,1
22,880000000,0.993569,0.941510,2.722613,0.070228,0.500065,0.070873,0.500000,0.074258,0.500000,0.074258,0.500000,0.023988,-0.066004,0.023026,-0.067028,0.022616,-0.070731,0.022616,-0.070731,0,-32.374285,0.048026,-0.001974,-0.042028,-0.092028,0.500000,0.475000,0.311127,0.220000,0.418979,1
22,920000000,0.993793,0.944333,2.742627,0.070803,0.499980,0.074258,0.500000,0.077983,0.500000,0.077983,0.500000,0.022857,-0.067012,0.022616,-0.070731,0.022145,-0.074773,0.022145,-0.074773,0,-34.236798,0.047616,-0.002384,-0.045731,-0.095731,0.500000,0.475000,0.311127,0.220000,0.398966,1
22,960000000,0.994032,0.947290,2.762643,0.074175,0.500042,0.077983,0.500000,0.082102,0.500000,0.082102,0.500000,0.022449,-0.070697,0.022145,-0.074773,0.021598,-0.079211,0.021598,-0.079211,0,-36.374877,0.047145,-0.002855,-0.049773,-0.099773,0.500000,0.475000,0.311127,0.220000,0.378950,1
23,20000000,0.994407,0.951984,2.792673,0.080003,0.500574,0.082102,0.500000,0.089169,0.500000,0.089169,0.500000,0.021767,-0.076985,0.021598,-0.079211,0.020586,-0.086760,0.020586,-0.086760,0,-40.255593,0.046598,-0.003402,-0.054211,-0.104211,0.500000,0.475000,0.311127,0.220000,0.348919,1
23,60000000,0.994675,0.955311,2.812701,0.084826,0.501035,0.089169,0.500000,0.094599,0.500000,0.094599,0.500000,0.021116,-0.082155,0.020586,-0.086760,0.019747,-0.092515,0.019747,-0.092515,0,-43.459925,0.045586,-0.004414,-0.061760,-0.111760,0.500000,0.475000,0.311127,0.220000,0.328891,1
23,100000000,0.994983,0.958860,2.832738,0.089029,0.500201,0.094599,0.500000,0.100736,0.500000,0.100736,0.500000,0.020382,-0.086664,0.019747,-0.092515,0.018777,-0.098970,0.018777,-0.098970,0,-47.411190,0.044747,-0.005253,-0.067515,-0.117515,0.500000,0.475000,0.311127,0.220000,0.308855,1
23,140000000,0.995329,0.962646,2.852776,0.095600,0.500319,0.100736,0.500000,0.107725,0.500000,0.107725,0.500000,0.019342,-0.093623,0.018777,-0.098970,0.017633,-0.106272,0.017633,-0.106272,0,-52.411480,0.043777,-0.006223,-0.073970,-0.123970,0.500000,0.475000,0.311127,0.220000,0.288817,1
23,180000000,0.995705,0.966663,2.872811,0.101138,0.500149,0.107725,0.500000,0.115754,0.500000,0.115754,0.500000,0.018414,-0.099448,0.017633,-0.106272,0.016228,-0.114611,0.016228,-0.114611,0,-58.913655,0.042633,-0.007367,-0.081272,-0.131272,0.500000,0.475000,0.311127,0.220000,0.268782,1
23,220000000,0.996114,0.970942,2.892840,0.107433,0.500000,0.115754,0.500000,0.125075,0.500000,0.125075,0.500000,0.017340,-0.106025,0.016228,-0.114611,0.014454,-0.124237,0.014454,-0.124237,0,-67.762825,0.041228,-0.008772,-0.089611,-0.139611,0.500000,0.475000,0.311127,0.231509,0.248753,1
23,260000000,0.996571,0.975533,2.912868,0.115401,0.500000,0.125075,0.500000,0.136027,0.500000,0.136027,0.500000,0.015922,-0.114297,0.014454,-0.124237,0.012156,-0.135483,0.012156,-0.135483,0,-80.627963,0.039454,-0.010546,-0.099237,-0.149237,0.500000,0.475000,0.311127,0.250149,0.228724,1
23,320000000,0.997371,0.983117,2.942942,0.133107,0.501855,0.136027,0.500000,0.156620,0.500000,0.156620,0.500000,0.012421,-0.132526,0.012156,-0.135483,0.006920,-0.156467,0.006920,-0.156467,0,-116.934807,0.037156,-0.012844,-0.110483,-0.160483,0.500000,0.475000,0.311127,0.272054,0.198651,1
23,360000000,0.998026,0.988772,2.963097,0.149206,0.507733,0.156620,0.500000,0.165589,0.475000,0.165589,0.475000,0.008876,-0.148942,0.006920,-0.156467,0.000736,-0.165588,0.000736,-0.165588,0,-175.432709,0.031920,-0.018080,-0.131467,-0.181467,0.500000,0.475000,0.311127,0.313240,0.178496,0
23,400000000,0.998849,0.994990,2.983020,0.158003,0.495463,0.165589,0.475000,0.176584,0.450000,0.176584,0.450000,0.004889,-0.157927,0.000736,-0.165588,-0.011865,-0.176185,-0.011865,-0.176185,0,-388.151690,0.025736,-0.024264,-0.140588,-0.190588,0.500000,0.450000,0.311127,0.331179,0.158573,0
23,440000000,0.999844,1.001506,3.002133,0.165503,0.480276,0.176584,0.450000,0.154634,0.425000,0.154634,0.425000,-0.001193,-0.165499,-0.011865,-0.176185,-0.032479,-0.151185,-0.032479,-0.151185,0,1282.399177,0.013135,-0.036865,-0.151185,-0.201185,0.475000,0.425000,0.311127,0.353168,0.139460,0
23,480000000,1.001210,1.008365,3.020648,0.173764,0.459584,0.154634,0.425000,0.126406,0.400000,0.126406,0.400000,-0.012811,-0.173291,-0.032479,-0.151185,-0.007479,-0.126185,-0.007479,-0.126185,0,236.565834,-0.007479,-0.057479,-0.126185,-0.176185,0.450000,0.400000,0.311127,0.309268,0.120944,0
23,540000000,1.003591,1.016931,3.045768,0.135183,0.337797,0.126406,0.400000,0.102447,0.375000,0.102447,0.375000,-0.014522,-0.134401,-0.007479,-0.126185,0.016033,-0.101185,0.016033,-0.101185,0,114.817451,0.017521,-0.032479,-0.101185,-0.151185,0.425000,0.375000,0.311127,0.252812,0.095824,1
23,580000000,1.004227,1.021830,3.059875,0.120671,0.312201,0.102447,0.375000,0.077740,0.350000,0.077740,0.350000,-0.001720,-0.120659,0.016033,-0.101185,0.015473,-0.076185,0.015473,-0.076185,0,89.408138,0.041033,-0.008967,-0.076185,-0.126185,0.400000,0.350000,0.311127,0.220000,0.081718,1
23,640000000,1.003768,1.027429,3.080983,0.078495,0.340295,0.077740,0.350000,0.052223,0.325000,0.052223,0.325000,0.014289,-0.077183,0.015473,-0.076185,0.010362,-0.051185,0.010362,-0.051185,0,72.029710,0.040473,-0.009527,-0.051185,-0.101185,0.375000,0.325000,0.311127,0.220000,0.060610,1
23,680000000,1.003421,1.030161,3.094198,0.059977,0.325321,0.052223,0.325000,0.027503,0.300000,0.027503,0.300000,0.010901,-0.058978,0.010362,-0.051185,0.008413,-0.026185,0.008413,-0.026185,0,65.747266,0.035362,-0.014638,-0.026185,-0.076185,0.350000,0.300000,0.311127,0.220000,0.047394,1
